Departmental Family,Entity,Date,Expense Type,Expense Area,Supplier,Transaction Number,Amount,PO Line Description,Supplier Site Postcode,Supplier Type,Latest Contract Number,Project Code,Expenditure Type
,,01/05/2016,Outsourcing Contract,DG: STRATEGY & EXTERNAL RELATIONS,METHODS CONSULTING,SIN022456,130452.86,NHS Jobs contract with Methods to 31/01/2017,EC1A 4EN,SME,,,
,,01/05/2016,Storage costs,"DG: INNOVATION, GROWTH & TECHNOLOGY",ACTAVIS UK LTD,2901X110530,137986.85,,,LARGE,,,
,,01/05/2016,Storage costs,"DG: INNOVATION, GROWTH & TECHNOLOGY",KENT PHARMACEUTICALS LTD,9100024563,22509.13,,,SME,,,
,,01/05/2016,Essential Meds SPG - Additions,"DG: INNOVATION, GROWTH & TECHNOLOGY",HAMELN PHARMACEUTICALS LTD,5277525,425295.47,,,SME,,,
,,01/05/2016,Essential Meds SPG - Additions,"DG: INNOVATION, GROWTH & TECHNOLOGY",HAMELN PHARMACEUTICALS LTD,5277525,17.86,,,SME,,,
,,01/05/2016,Outsourcing Contract,DG: RESEARCH & DEVELOPMENT,PA CONSULTING SERVICES LTD,10112345,129420,Information Systems,SG8 6DP,LARGE,,,
,,01/05/2016,Outsourcing Contract,DG: RESEARCH & DEVELOPMENT,PA CONSULTING SERVICES LTD,10112345,-129420,Information Systems,SG8 6DP,LARGE,,,
,,01/05/2016,Outsourcing Contract,DG: RESEARCH & DEVELOPMENT,PA CONSULTING SERVICES LTD,10113288,0,Information Systems,SG8 6DP,LARGE,,,
,,01/05/2016,Outsourcing Contract,DG: RESEARCH & DEVELOPMENT,PA CONSULTING SERVICES LTD,10113288,0,Information Systems,SG8 6DP,LARGE,,,
,,03/05/2016,ENDPBs Admin Revenue Grant in Aid,DG: Central Technical,HEALTH AND SOCIAL CARE INFORMATION CENTRE HSCIC,HAFS-21028,16000000,,WF3 1WE,PUBLIC,,,
,,03/05/2016,ENDPBs Admin Revenue Grant in Aid,DG: Central Technical,HEALTH EDUCATION ENGLAND T1510,HAFS-21029,320000000,,LS1 4PL,PUBLIC,,,
,,03/05/2016,ENDPBs Admin Revenue Grant in Aid,DG: Central Technical,HEALTH RESEARCH AUTHORITY,HAFS-21030,1000000,,SE1 6LH,PUBLIC,,,
,,03/05/2016,ENDPBs Admin Revenue Grant in Aid,DG: Central Technical,MONITOR INDEPENDENT REGULATOR OF NHS FOUNDATION TRUSTS MIR033,HAFS-21031,6000000,,,PUBLIC,,,
,,03/05/2016,ENDPBs Admin Revenue Grant in Aid,DG: Central Technical,NATIONAL INSTITUTE FOR CLINICAL EXCELLENCE (NICE),HAFS-21032,1000000,,SE1 7NT,PUBLIC,,,
,,03/05/2016,ENDPBs Admin Revenue Grant in Aid,DG: Central Technical,NHS ENGLAND CBA033,HAFS-21033,2294095000,,LS2 7UE,PUBLIC,,,
,,03/05/2016,ENDPBs Admin Revenue Grant in Aid,DG: Central Technical,NHS ENGLAND CBA033,HAFS-21034,5494420000,,LS2 7UE,PUBLIC,,,
,,03/05/2016,SpHAs Programme Revenue Parliamentary Funding,DG: Central Technical,NHS TRUST DEVELOPMENT AUTHORITY,HAFS-21035,3000000,,SW1E 6QT,PUBLIC,,,
,,03/05/2016,SpHAs Programme Revenue Parliamentary Funding,DG: Central Technical,PUBLIC HEALTH ENGLAND PHE033,HAFS-21036,64500000,,SP4 0JG,PUBLIC,,,
,,03/05/2016,Additions PDC Capital Support NHS T Permenant,DG: Central Technical,BRIGHTON & SUSSEX UNIVERSITY HOSPITALS NHS TRUST,HAFS-21037,6683000,,BN2 3EW,PUBLIC,,,
,,03/05/2016,Additions PDC Capital Support NHS FT Permenant,DG: Central Technical,ROYAL FREE LONDON NHS FOUNDATION TRUST,HAFS-21038,1041000,,NW3 2QG,PUBLIC,,,
,,03/05/2016,Additions PDC Capital Support NHS FT Permenant,DG: Central Technical,UNIVERSITY HOSPITAL OF SOUTH MANCHESTER NHS FOUNDATION TRUST,HAFS-21039,880000,,M23 9LT,PUBLIC,,,
,,03/05/2016,Essential Meds SPG - Additions,"DG: INNOVATION, GROWTH & TECHNOLOGY",ACTAVIS UK LTD,16015200,1267117.04,,,LARGE,,,
,,03/05/2016,Addition Clearing - P&M,DG: GROUP OPERATIONS,Faithful and Gould,16001953,5281.34,Wellington House - New Chiller Units Replacement,NW1 3AT,LARGE,,,
,,03/05/2016,Addition Clearing - P&M,DG: GROUP OPERATIONS,Faithful and Gould,16001953,11199.6,Wellington House - New Chiller Unit replacement - Additional fees (Re:PO524036),NW1 3AT,LARGE,,,
,,03/05/2016,Addition Clearing - P&M,DG: GROUP OPERATIONS,Faithful and Gould,16001953,12484.12,Add to PO 524036. Wellington House - New Chiller Unit replacement - Additional fees 2,NW1 3AT,LARGE,,,
,,04/05/2016,Outsourcing Contract,DG: PUBLIC & INTERNATIONAL HEALTH,NHS SUPPLY CHAIN,9047000004,413554.15,NHS Supply Chain - School Fruit Vegetable Scheme (SFVS) Distributor funding 2015/16 - 1st September 2015 to 31st March 2016,DE55 4QJ,PUBLIC,,,
,,04/05/2016,Revenue Grants to non-profit institutions,"DG: SOCIAL CARE, LOCAL GROWTH & CARE PARTNERSHIPS",COMMUNITY LINKS TRUST LTD,ERS-554824-119661,80362,2016-17 54427404 Community Links Trust Ltd. More than Mentors,E16 4HQ,SME,,,
,,04/05/2016,Travel & subsistence staff,"DG: SOCIAL CARE, LOCAL GROWTH & CARE PARTNERSHIPS",THE CHILDRENS SOCIETY CHARITY,SC05242,161746.8,"Funding 2015/16 - Walk in my Shoes, Child Sexual Abuse",WC1X 0JL,VCS,,,
,,04/05/2016,Essential Meds SPG - Additions,"DG: INNOVATION, GROWTH & TECHNOLOGY",B BRAUN MEDICAL LTD,328189686,37070,,,LARGE,,,
,,04/05/2016,"SFVS - product & distribution cost, during March 2016",DG: PUBLIC & INTERNATIONAL HEALTH,"Minor, Weir & Willis Ltd",SIN0066878,93448.72,,,SME,,,
,,04/05/2016,"SFVS - product & distribution cost, during March 2016",DG: PUBLIC & INTERNATIONAL HEALTH,"Minor, Weir & Willis Ltd",SIN0066907,29782.69,,,SME,,,
,,04/05/2016,"SFVS - product & distribution cost, during March 2016",DG: PUBLIC & INTERNATIONAL HEALTH,"Minor, Weir & Willis Ltd",SIN0066879,26398.81,,,SME,,,
,,04/05/2016,"SFVS - product & distribution cost, during March 2016",DG: PUBLIC & INTERNATIONAL HEALTH,"Minor, Weir & Willis Ltd",SIN0066900,47882.91,,,SME,,,
,,04/05/2016,"SFVS - product & distribution cost, during March 2016",DG: PUBLIC & INTERNATIONAL HEALTH,"Minor, Weir & Willis Ltd",SIN0066903,26545.5,,,SME,,,
,,04/05/2016,"SFVS - product & distribution cost, during March 2016",DG: PUBLIC & INTERNATIONAL HEALTH,"Minor, Weir & Willis Ltd",SIN0066902,35096.76,,,SME,,,
,,04/05/2016,"SFVS - product & distribution cost, during March 2016",DG: PUBLIC & INTERNATIONAL HEALTH,"Minor, Weir & Willis Ltd",SIN0066906,39059.33,,,SME,,,
,,04/05/2016,"SFVS - product & distribution cost, during March 2016",DG: PUBLIC & INTERNATIONAL HEALTH,"Minor, Weir & Willis Ltd",SIN0066882,29928.72,,,SME,,,
,,04/05/2016,"SFVS - product & distribution cost, during March 2016",DG: PUBLIC & INTERNATIONAL HEALTH,"Minor, Weir & Willis Ltd",SIN0066904,57245.85,,,SME,,,
,,04/05/2016,"SFVS - product & distribution cost, during March 2016",DG: PUBLIC & INTERNATIONAL HEALTH,"Minor, Weir & Willis Ltd",SIN0066921,28651.76,,,SME,,,
,,04/05/2016,"SFVS - product & distribution cost, during March 2016",DG: PUBLIC & INTERNATIONAL HEALTH,"Minor, Weir & Willis Ltd",SIN0066934,34229.47,,,SME,,,
,,04/05/2016,"SFVS - product & distribution cost, during March 2016",DG: PUBLIC & INTERNATIONAL HEALTH,"Minor, Weir & Willis Ltd",SIN0066924,27387.85,,,SME,,,
,,04/05/2016,"SFVS - product & distribution cost, during March 2016",DG: PUBLIC & INTERNATIONAL HEALTH,"Minor, Weir & Willis Ltd",SIN0066943,100849.18,,,SME,,,
,,04/05/2016,"SFVS - product & distribution cost, during March 2016",DG: PUBLIC & INTERNATIONAL HEALTH,"Minor, Weir & Willis Ltd",SIN0066927,25333.99,,,SME,,,
,,04/05/2016,"SFVS - product & distribution cost, during March 2016",DG: PUBLIC & INTERNATIONAL HEALTH,"Minor, Weir & Willis Ltd",SIN0066945,42625.7,,,SME,,,
,,04/05/2016,"SFVS - product & distribution cost, during March 2016",DG: PUBLIC & INTERNATIONAL HEALTH,"Minor, Weir & Willis Ltd",SIN0066862,39103.51,,,SME,,,
,,04/05/2016,"SFVS - product & distribution cost, during March 2016",DG: PUBLIC & INTERNATIONAL HEALTH,"Minor, Weir & Willis Ltd",SIN0066866,40681.41,,,SME,,,
,,04/05/2016,"SFVS - product & distribution cost, during March 2016",DG: PUBLIC & INTERNATIONAL HEALTH,"Minor, Weir & Willis Ltd",SIN0066867,50698.4,,,SME,,,
,,04/05/2016,"SFVS - product & distribution cost, during March 2016",DG: PUBLIC & INTERNATIONAL HEALTH,"Minor, Weir & Willis Ltd",SIN0066868,28910.33,,,SME,,,
,,04/05/2016,"SFVS - product & distribution cost, during March 2016",DG: PUBLIC & INTERNATIONAL HEALTH,"Minor, Weir & Willis Ltd",SIN0066864,28869.98,,,SME,,,
,,04/05/2016,"SFVS - product & distribution cost, during March 2016",DG: PUBLIC & INTERNATIONAL HEALTH,"Minor, Weir & Willis Ltd",SIN0066869,28447.08,,,SME,,,
,,04/05/2016,"SFVS - product & distribution cost, during March 2016",DG: PUBLIC & INTERNATIONAL HEALTH,"Minor, Weir & Willis Ltd",SIN0066872,89591.04,,,SME,,,
,,04/05/2016,"SFVS - product & distribution cost, during March 2016",DG: PUBLIC & INTERNATIONAL HEALTH,"Minor, Weir & Willis Ltd",SIN0066875,68529.84,,,SME,,,
,,04/05/2016,"SFVS - product & distribution cost, during March 2016",DG: PUBLIC & INTERNATIONAL HEALTH,"Minor, Weir & Willis Ltd",SIN0066876,47773.94,,,SME,,,
,,04/05/2016,Accrued expenses (ST),DG: GROUP OPERATIONS,CAMBRIDGESHIRE COUNTY COUNCIL,16012287,4000000,,CB3 0AP,PUBLIC,,,
,,04/05/2016,Standard Life,DG: STRATEGY & EXTERNAL RELATIONS,STANDARD LIFE,40001874,350,,EH21 2DH,LARGE,,,
,,04/05/2016,Unison NW,DG: STRATEGY & EXTERNAL RELATIONS,UNISON NW,40001875,1712.65,,M3 1UN,SME,,,
,,05/05/2016,Professional fees,DG: STRATEGY & EXTERNAL RELATIONS,NHS BUSINESS SERVICES AUTHORITY (NHSBSA),24510,494311,NHS Pensions BSA 2015 - 16,NE1 6SN,PUBLIC,,,
,,05/05/2016,Professional fees,DG: STRATEGY & EXTERNAL RELATIONS,NHS BUSINESS SERVICES AUTHORITY (NHSBSA),24514,32225,NHS Pensions BSA 2015 - 16,NE1 6SN,PUBLIC,,,
,,05/05/2016,Professional fees,DG: STRATEGY & EXTERNAL RELATIONS,NHS BUSINESS SERVICES AUTHORITY (NHSBSA),24515,124377,NHS Pensions BSA 2015 - 16,NE1 6SN,PUBLIC,,,
,,05/05/2016,Professional fees,DG: STRATEGY & EXTERNAL RELATIONS,NHS BUSINESS SERVICES AUTHORITY (NHSBSA),24517,553133,NHS Pensions BSA 2015 - 16,NE1 6SN,PUBLIC,,,
,,05/05/2016,Policy Payments,"DG: SOCIAL CARE, LOCAL GROWTH & CARE PARTNERSHIPS",HOME OFFICE,1130854,2652990.31,IICSA - DH Contribution to the Home Office funding for 2015/16,NP20 9BB,PUBLIC,,,
,,05/05/2016,Professional fees,"DG: FINANCE, COMMERCIAL & NHS",PRICEWATERHOUSECOOPERS LLP,1354554405,61548.69,DH Internal Audit review work,E14 9SQ,LARGE,,,
,,05/05/2016,Professional fees,"DG: FINANCE, COMMERCIAL & NHS",PRICEWATERHOUSECOOPERS LLP,1354554405,35000,DH Internal Audit review work,E14 9SQ,LARGE,,,
,,05/05/2016,Professional fees,"DG: FINANCE, COMMERCIAL & NHS",PRICEWATERHOUSECOOPERS LLP,1354554405,10279.43,DH Internal Audit review work,E14 9SQ,LARGE,,,
,,05/05/2016,Professional fees,"DG: FINANCE, COMMERCIAL & NHS",HM REVENUE AND CUSTOMS HMRC,1.80E+13,32800,GORS Subscription Charges for 2016-17,BN12 4XH,PUBLIC,,,
,,05/05/2016,Service charge,"DG: INNOVATION, GROWTH & TECHNOLOGY",TRUSTMARQUE SOLUTIONS LTD,2243478,149940,"Revenue: 2016/17 Trustmarque - NHS Choices Renewal for On Demand Account WTL020717140290 with term starting from 01/04/2016 to 31/03/2017	 ",EC2V 7AN,LARGE,,,
,,05/05/2016,Storage costs,"DG: INNOVATION, GROWTH & TECHNOLOGY",MYLAN,1800000029,24198.49,,,LARGE,,,
,,05/05/2016,Essential Meds SPG - Additions,"DG: INNOVATION, GROWTH & TECHNOLOGY",BRISTOL LABORATORIES LTD,9080683,44464.2,,,LARGE,,,
,,05/05/2016,Essential Meds SPG - Additions,"DG: INNOVATION, GROWTH & TECHNOLOGY",BRISTOL LABORATORIES LTD,9080684,312256.32,,,LARGE,,,
,,05/05/2016,Essential Meds SPG - Additions,"DG: INNOVATION, GROWTH & TECHNOLOGY",BRISTOL LABORATORIES LTD,9080924,65724.04,,,LARGE,,,
,,05/05/2016,Essential Meds SPG - Additions,"DG: INNOVATION, GROWTH & TECHNOLOGY",BRISTOL LABORATORIES LTD,9080925,175271.8,,,LARGE,,,
,,05/05/2016,Essential Meds SPG - Additions,"DG: INNOVATION, GROWTH & TECHNOLOGY",BRISTOL LABORATORIES LTD,9080926,35288,,,LARGE,,,
,,05/05/2016,Essential Meds SPG - Additions,"DG: INNOVATION, GROWTH & TECHNOLOGY",BRISTOL LABORATORIES LTD,9080927,121506.08,,,LARGE,,,
,,05/05/2016,Essential Meds SPG - Additions,"DG: INNOVATION, GROWTH & TECHNOLOGY",BRISTOL LABORATORIES LTD,9080928,28964.2,,,LARGE,,,
,,05/05/2016,Essential Meds SPG - Additions,"DG: INNOVATION, GROWTH & TECHNOLOGY",BRISTOL LABORATORIES LTD,9080929,61103,,,LARGE,,,
,,05/05/2016,Building repairs & maintenance,DG: GROUP OPERATIONS,EMCOR FACILITIES SERVICES LTD,00416657RI,8343.86,Premier House – FM 2015/2016 Annual Review Uplift,SO53 3YE,LARGE,,,
,,05/05/2016,Building repairs & maintenance,DG: GROUP OPERATIONS,EMCOR FACILITIES SERVICES LTD,00416657RI,52716.6,Wellington House – FM 2015/2016 Annual Review Uplift,SO53 3YE,LARGE,,,
,,05/05/2016,Building repairs & maintenance,DG: GROUP OPERATIONS,EMCOR FACILITIES SERVICES LTD,00416657RI,13746.6,Blenheim House – FM - 2015/2016 Annual Review Uplift,SO53 3YE,LARGE,,,
,,05/05/2016,Building repairs & maintenance,DG: GROUP OPERATIONS,EMCOR FACILITIES SERVICES LTD,00416657RI,62211.34,Richmond House – FM 2015/2016 Annual Review Uplift,SO53 3YE,LARGE,,,
,,05/05/2016,Building repairs & maintenance,DG: GROUP OPERATIONS,EMCOR FACILITIES SERVICES LTD,00416657RI,93540.8,Skipton House – FM 2015/2016 Annual Review Uplift,SO53 3YE,LARGE,,,
,,05/05/2016,Facilities management: contract,DG: GROUP OPERATIONS,EMCOR FACILITIES SERVICES LTD,00416821RI,26925.7,Skipton - Central FM Costs Apr 2016 - Mar 2017 - re cc19182,SO53 3YE,LARGE,,,
,,05/05/2016,Building repairs & maintenance,DG: GROUP OPERATIONS,EMCOR FACILITIES SERVICES LTD,00416824RI,51220.18,Building Maint./Repairs Fixed Costs Apr 2016 - Mar 2017 - SKH ,SO53 3YE,LARGE,,,
,,05/05/2016,Cleaning: contract,DG: GROUP OPERATIONS,EMCOR FACILITIES SERVICES LTD,00416824RI,25617.08,Cleaning Fixed Costs Apr 2016 - Mar 2017 - SKH ,SO53 3YE,LARGE,,,
,,05/05/2016,Facilities management: contract,DG: GROUP OPERATIONS,EMCOR FACILITIES SERVICES LTD,00416824RI,23071.6,FM - Fixed Costs from Apr 2016 - Mar 2017 - SKH ,SO53 3YE,LARGE,,,
,,05/05/2016,Security: contract,DG: GROUP OPERATIONS,EMCOR FACILITIES SERVICES LTD,00416824RI,30570.97,Security Fixed Costs Apr 2016 - Mar 2017 - SKH,SO53 3YE,LARGE,,,
,,05/05/2016,Building repairs & maintenance,DG: GROUP OPERATIONS,EMCOR FACILITIES SERVICES LTD,00416825RI,53765.57,Building Maint./Repairs Fixed Costs Apr 2016 - Mar 2017 - RH ,SO53 3YE,LARGE,,,
,,05/05/2016,Cleaning: contract,DG: GROUP OPERATIONS,EMCOR FACILITIES SERVICES LTD,00416825RI,32174.81,Cleaning Fixed Costs Apr 2016 - Mar 2017 - RH ,SO53 3YE,LARGE,,,
,,05/05/2016,Facilities management: contract,DG: GROUP OPERATIONS,EMCOR FACILITIES SERVICES LTD,00416825RI,32547.81,FM - Fixed Costs from Apr 2016 - Mar 2017 - RH  ,SO53 3YE,LARGE,,,
,,05/05/2016,Security: contract,DG: GROUP OPERATIONS,EMCOR FACILITIES SERVICES LTD,00416825RI,53350.5,Security Fixed Costs Apr 2016 - Mar 2017 - RH,SO53 3YE,LARGE,,,
,,05/05/2016,Building repairs & maintenance,DG: GROUP OPERATIONS,EMCOR FACILITIES SERVICES LTD,00416826RI,45926.1,Building Maint./Repairs Fixed Costs Apr 2016 - Mar 2017 - WEL,SO53 3YE,LARGE,,,
,,05/05/2016,Cleaning: contract,DG: GROUP OPERATIONS,EMCOR FACILITIES SERVICES LTD,00416826RI,22580.37,Cleaning Fixed Costs Apr 2016 - Mar 2017 - WEL,SO53 3YE,LARGE,,,
,,05/05/2016,Facilities management: contract,DG: GROUP OPERATIONS,EMCOR FACILITIES SERVICES LTD,00416826RI,18347.66,FM - Fixed Costs from Apr 2016 - Mar 2017 - WEL,SO53 3YE,LARGE,,,
,,05/05/2016,Security: contract,DG: GROUP OPERATIONS,EMCOR FACILITIES SERVICES LTD,00416826RI,32426.8,Security Fixed Costs Apr 2016 - Mar 2017 - WEL,SO53 3YE,LARGE,,,
,,05/05/2016,Building repairs & maintenance,DG: GROUP OPERATIONS,EMCOR FACILITIES SERVICES LTD,00416827RI,16087.75,Building Maint./Repairs Fixed Costs Apr 2016 - Mar 2017 - CQC,SO53 3YE,LARGE,,,
,,05/05/2016,Cleaning: contract,DG: GROUP OPERATIONS,EMCOR FACILITIES SERVICES LTD,00416827RI,3961.69,Cleaning Fixed Costs Apr 2016 - Mar 2017 - CQC,SO53 3YE,LARGE,,,
,,05/05/2016,Facilities management: contract,DG: GROUP OPERATIONS,EMCOR FACILITIES SERVICES LTD,00416827RI,5048.16,FM - Fixed Costs from Apr 2016 - Mar 2017 - CQC,SO53 3YE,LARGE,,,
,,05/05/2016,Building repairs & maintenance,DG: GROUP OPERATIONS,EMCOR FACILITIES SERVICES LTD,00416830RI,7810.58,Building Maint./Repairs Fixed Costs Apr 2016 - Mar 2017 - PRH,SO53 3YE,LARGE,,,
,,05/05/2016,Cleaning: contract,DG: GROUP OPERATIONS,EMCOR FACILITIES SERVICES LTD,00416830RI,4681.25,Cleaning Fixed Costs Apr 2016 - Mar 2017 - PRH,SO53 3YE,LARGE,,,
,,05/05/2016,Facilities management: contract,DG: GROUP OPERATIONS,EMCOR FACILITIES SERVICES LTD,00416830RI,7880.87,FM - Fixed Costs from Apr 2016 - Mar 2017 - PRH,SO53 3YE,LARGE,,,
,,05/05/2016,Security: contract,DG: GROUP OPERATIONS,EMCOR FACILITIES SERVICES LTD,00416830RI,1679.41,Security Fixed Costs Apr 2016 - Mar 2017 - PRH,SO53 3YE,LARGE,,,
,,05/05/2016,Outsourcing Contract,DG: GROUP OPERATIONS,CABINET OFFICE,250014167,2344.9,Civil Service Expert Services Funding 2015-16 Phase 2,CF14 3UW,PUBLIC,,,
,,05/05/2016,Outsourcing Contract,DG: GROUP OPERATIONS,CABINET OFFICE,250014167,-0.01,,CF14 3UW,PUBLIC,,,
,,05/05/2016,Policy Payments,DG: GROUP OPERATIONS,CABINET OFFICE,250014167,232856.39,Cabinet Office CSHR  funding schedule 2015 - 16 Phase 1. Mandatory service for HR Depts so no business case. MOU for PO516648 transitionally applied,CF14 3UW,PUBLIC,,,
,,05/05/2016,Outsourcing Contract,DG: GROUP OPERATIONS,ATOS IT SOLUTIONS AND SERVICES LTD,5584210502,-0.01,,WS11 0JA,LARGE,,,
,,05/05/2016,Outsourcing Contract,DG: GROUP OPERATIONS,ATOS IT SOLUTIONS AND SERVICES LTD,5584210502,0,FY - 2016/17 -  IMS3 - Telephony - Managed Agency Service (MAS) - payment to 3rd party telephony suppliers,WS11 0JA,LARGE,,,
,,05/05/2016,Outsourcing Contract,DG: GROUP OPERATIONS,ATOS IT SOLUTIONS AND SERVICES LTD,5584210502,31967.62,IMS3 - Telephony - Managed Agency Service (MAS) - payment to 3rd party telephony suppliers. Add to PO520850,WS11 0JA,LARGE,,,
,,05/05/2016,Outsourcing Contract,DG: GROUP OPERATIONS,ATOS IT SOLUTIONS AND SERVICES LTD,5584210502,25454.02,IMS3 - Telephony - Managed Agency Service (MAS) - payment to 3rd party telephony suppliers,WS11 0JA,LARGE,,,
,,05/05/2016,Research & development,DG: RESEARCH & DEVELOPMENT,UNIVERSITY HOSPITALS BRISTOL NHS FOUNDATION TRUST,ERS-554876-119721,134609,Research Capability Funding (STANDARD),BS99 1YF,PUBLIC,,,
,,05/05/2016,Research & development,DG: RESEARCH & DEVELOPMENT,CENTRAL MANCHESTER UNIVERSITY HOSPITALS NHS FOUNDATION TRUST,ERS-554877-119733,101197,Research Capability Funding (STANDARD),M13 0JR,PUBLIC,,,
,,05/05/2016,Research & development,DG: RESEARCH & DEVELOPMENT,NHS LIVERPOOL CCG,ERS-554886-119737,25182,Research Capability Funding (STANDARD),L1 4AZ,PUBLIC,,,
,,05/05/2016,Research & development,DG: RESEARCH & DEVELOPMENT,GUYS AND ST THOMAS NHS FOUNDATION TRUST,ERS-554887-119726,254679,Research Capability Funding (STANDARD),SE1 9RT,PUBLIC,,,
,,05/05/2016,Research & development,DG: RESEARCH & DEVELOPMENT,HEART OF ENGLAND NHS FOUNDATION TRUST,ERS-554888-119729,29995,Research Capability Funding (STANDARD),B9 5TA,PUBLIC,,,
,,05/05/2016,Research & development,DG: RESEARCH & DEVELOPMENT,ROYAL BROMPTON AND HAREFIELD NHS FOUNDATION TRUST,ERS-554891-119731,138636,Research Capability Funding (STANDARD),UB9 6JH,PUBLIC,,,
,,06/05/2016,Professional fees,"DG: FINANCE, COMMERCIAL & NHS",PRICEWATERHOUSECOOPERS LLP,1354525586,22816.91,DH Internal Audit review work,E14 9SQ,LARGE,,,
,,06/05/2016,Service charge,"DG: INNOVATION, GROWTH & TECHNOLOGY",INTECHNOLOGY LTD,ISIN10375,78690,"Revenue :  2015/16 Spine 2 Intechnology - Core Hosting Charges £56,710 per month",HG3 1UG,SME,,,
,,06/05/2016,Research & development,DG: RESEARCH & DEVELOPMENT,HOME OFFICE,1130997,100000,PROJECTS,NP20 9BB,PUBLIC,,,
,,06/05/2016,Outsourcing Contract,DG: RESEARCH & DEVELOPMENT,LGC LTD,50482982,927133.31,Central Commissioning Function,TW11 0LY,LARGE,,,
,,09/05/2016,Additions NHS FTs Capital Investment Loans,DG: Central Technical,CENTRAL MANCHESTER UNIVERSITY HOSPITALS NHS FOUNDATION TRUST,HAFS-21040,1800000,,M13 0JR,PUBLIC,,,
,,09/05/2016,Additions NHS FTs Capital Investment Loans,DG: Central Technical,CENTRAL MANCHESTER UNIVERSITY HOSPITALS NHS FOUNDATION TRUST,HAFS-21041,2500000,,M13 0JR,PUBLIC,,,
,,09/05/2016,Additions NHS FTs Capital Investment Loans,DG: Central Technical,WEST SUFFOLK NHS FOUNDATION TRUST,HAFS-21042,300000,,IP33 3QZ,PUBLIC,,,
,,09/05/2016,Additions NHS FTs Capital Investment Loans,DG: Central Technical,WEST SUFFOLK NHS FOUNDATION TRUST,HAFS-21043,500000,,IP33 3QZ,PUBLIC,,,
,,09/05/2016,Additions FT Financing Facility Loans,DG: Central Technical,WEST SUFFOLK NHS FOUNDATION TRUST,HAFS-21044,1000000,,IP33 3QZ,PUBLIC,,,
,,09/05/2016,Addition Clearing - P&M,DG: GROUP OPERATIONS,KIER CONSTRUCTION LTD,15101007,92267.27,"Wellington House – Installation of Airedale Chillers, Langlet Roofing System.",SG19 2BD,LARGE,,,
,,09/05/2016,Outsourcing Contract,DG: GROUP OPERATIONS,ATOS IT SOLUTIONS AND SERVICES LTD,5584210501,50380.34,IMS3 - Telephony - Managed Agency Service (MAS) - payment to 3rd party telephony suppliers,WS11 0JA,LARGE,,,
,,10/05/2016,Service charge,"DG: INNOVATION, GROWTH & TECHNOLOGY",PRICEWATERHOUSECOOPERS LLP,1354504397,35722,Revenue 2015/16 GPSoC R EPS review for cost & usage and improvement recommendations (Pharmacy Study),SE1 2RD,LARGE,,,
,,10/05/2016,Outsourcing Contract,"DG: SOCIAL CARE, LOCAL GROWTH & CARE PARTNERSHIPS",BIRMINGHAM CHILDREN'S HOSPITAL NHS FOUNDATION TRUST,15679663,90000,Transforming Local Services for Child Sex Abuse - Birmingham,B4 6NL,PUBLIC,,,
,,10/05/2016,Outsourcing Contract,DG: PUBLIC & INTERNATIONAL HEALTH,DHL Supply Chain Limited,23000705,250000,DHL Supply Chain - School Fruit Vegetable Scheme (SFVS) Management Fee 2015/16 - 1st September 2015 to 31st March 2016,MK9 1EQ,LARGE,,,
,,10/05/2016,Service charge,"DG: INNOVATION, GROWTH & TECHNOLOGY",Appsbroker Consulting Limited,7123031,75074,Revenue 2016/17 Choices Appsbroker Consulting Ltd: Google Maps Renewal 31/3/16 to 30/3/17,SN1 3EB,SME,,,
,,10/05/2016,Service charge,"DG: INNOVATION, GROWTH & TECHNOLOGY",GFK UK LTD,8272018858,89000,Revenue 2016/17 GfK: EPS review for patient engagement,E14 5LQ,LARGE,,,
,,10/05/2016,Outsourcing Contract,DG: PUBLIC & INTERNATIONAL HEALTH,SERCO LTD,91263123,224815.11,Serco Ltd - For services provided on the Healthy Start Issuing Unit (HSIU) - April 2014 to March 2017,RG27 9UY,LARGE,,,
,,10/05/2016,IT minor costs non capital,DG: GROUP OPERATIONS,INOVEM LTD TAS KAHOOTZ,1707,73740,DH eXchange: Kahootz 2016-2017,RG20 8JE,SME,,,
,,10/05/2016,Consultancy/Professional Advice,DG: RESEARCH & DEVELOPMENT,LEEDS UNIVERSITY OF,90209238,6780,Unallocated,LS2 9JT,PUBLIC,,,
,,11/05/2016,Professional fees,"DG: SOCIAL CARE, LOCAL GROWTH & CARE PARTNERSHIPS",TEES ESK AND WEAR VALLEYS NHS FOUNDATION TRUST,4810007262,60000,To exercise the section 12(2)/Approved Clinician Approvals Function in accordance with statutory instructions issued by Secretary of State for NHS England North Panel 1-CPA no. 513745,TS6 0SZ,PUBLIC,,,
,,11/05/2016,"SFVS - product & distribution cost, during March 2016",DG: PUBLIC & INTERNATIONAL HEALTH,Redbridge Produce & Flowers (Bodmin),B16030131878,42171.7,,,,,,
,,11/05/2016,"SFVS - product & distribution cost, during March 2016",DG: PUBLIC & INTERNATIONAL HEALTH,Redbridge Produce & Flowers (Bodmin),B16030131908,31191.49,,,,,,
,,11/05/2016,"SFVS - product & distribution cost, during part February & March 2016",DG: PUBLIC & INTERNATIONAL HEALTH,Pioneer,18345,58846.7,,,,,,
,,11/05/2016,Storage costs,DG: GROUP OPERATIONS,IRON MOUNTAIN UK LTD,SS06789-SS06789,22549.16,File Storage and retrieval for EMD91,EH54 5DL,LARGE,,,
,,11/05/2016,Research & development,DG: RESEARCH & DEVELOPMENT,NHS BLOOD AND TRANSPLANT (NHSBT),ERS-554997-119747,181313,Programme Grants for NHS Trusts,LS15 7TW,PUBLIC,,,
,,11/05/2016,Research & development,DG: RESEARCH & DEVELOPMENT,NHS BLOOD AND TRANSPLANT (NHSBT),ERS-554998-119748,191120,Programme Grants for NHS Trusts,LS15 7TW,PUBLIC,,,
,,11/05/2016,Research & development,DG: RESEARCH & DEVELOPMENT,NHS BLOOD AND TRANSPLANT (NHSBT),ERS-554999-119749,186395,Programme Grants for NHS Trusts,LS15 7TW,PUBLIC,,,
,,11/05/2016,Research & development,DG: RESEARCH & DEVELOPMENT,NHS BRISTOL CCG 11H,ERS-555000-119750,41765,Programme Grants for NHS Trusts,BS1 3NX,PUBLIC,,,
,,11/05/2016,Research & development,DG: RESEARCH & DEVELOPMENT,OXFORD UNIVERSITY OF,ERS-555006-119744,27858,Invention for Innovation,OX1 2XN,PUBLIC,,,
,,11/05/2016,Research & development,DG: RESEARCH & DEVELOPMENT,OXFORD UNIVERSITY OF,ERS-555010-119761,27858,Invention for Innovation,OX1 2XN,PUBLIC,,,
,,12/05/2016,Outsourcing Contract,"DG: FINANCE, COMMERCIAL & NHS",LEEDS TEACHING HOSPITAL NHS TRUST,1410044874,331300,Delivery of Phase 1 adoption of GS1 and PEPPOL standards,LS9 7TF,PUBLIC,,,
,,12/05/2016,Outsourcing Contract,"DG: FINANCE, COMMERCIAL & NHS",LEEDS TEACHING HOSPITAL NHS TRUST,1410044874,191000,Mobilisation activities - Phase 1 adoption of GS1 and PEPPOL standards,LS9 7TF,PUBLIC,,,
,,12/05/2016,Outsourcing Contract,DG: PUBLIC & INTERNATIONAL HEALTH,SHEFFIELD TEACHING HOSPITALS NHS FOUNDATION TRUST,4000452766,35204.45,Sheffield TH NHSFT DCRIR 2015-16 costs,S5 7AU,PUBLIC,,,
,,12/05/2016,Travel & subsistence staff,"DG: SOCIAL CARE, LOCAL GROWTH & CARE PARTNERSHIPS",OXFORD BROOKES ENTERPRISES LTD,INV0010051,178440,Market shaping review project,OX3 0BP,SME,,,
,,12/05/2016,Provisions cash payment,DG: PUBLIC & INTERNATIONAL HEALTH,MFET LTD,MFET-02/2016-17,202500,MFET Ltd funding 2016/17.,SW1H 0QS,VCS,,,
,,12/05/2016,Rent of Land & Buildings (non-PFI operating lease),DG: GROUP OPERATIONS,DEPARTMENT FOR WORK AND PENSIONS (DWP),5028832,588576.33,QH - Rent FUP FY2016-17,FY5 3TA,PUBLIC,,,
,,12/05/2016,Utilities,DG: GROUP OPERATIONS,DEPARTMENT FOR WORK AND PENSIONS (DWP),5028832,2945.83,QH - Utility Charges FY2016-17,FY5 3TA,PUBLIC,,,
,,12/05/2016,Rates,DG: GROUP OPERATIONS,DEPARTMENT FOR WORK AND PENSIONS (DWP),5028874,109459.53,QH - Business Rates FY2016-17,FY5 3TA,PUBLIC,,,
,,12/05/2016,Addition Clearing - IT,DG: GROUP OPERATIONS,ATOS IT SOLUTIONS AND SERVICES LTD,5584210685,20972,Add to PO 520369. WR0303-03-CR01: WAN LAN improvement project,WS11 0JA,LARGE,,,
,,12/05/2016,Utilities,DG: GROUP OPERATIONS,EDF ENERGY PLC,8177210000/000001613504,41599.1,Skipton House - Electricity Charges from April 2016 - March 2017,PL3 5XQ,LARGE,,,
,,12/05/2016,Utilities,DG: GROUP OPERATIONS,EDF ENERGY PLC,8177210000/000001613504,0.01,,PL3 5XQ,LARGE,,,
,,12/05/2016,Outsourcing Contract,DG: RESEARCH & DEVELOPMENT,SOUTHAMPTON UNIVERSITY OF,44184031,240000,Consumers - Involve,SO17 1BJ,PUBLIC,,,
,,12/05/2016,Research & development,DG: RESEARCH & DEVELOPMENT,NEWCASTLE UNIVERSITY,9000286801,32067.41,RDD Programme Support - Miscellaneous,NE1 7RU,PUBLIC,,,
,,12/05/2016,Research & development,DG: RESEARCH & DEVELOPMENT,IMPERIAL COLLEGE HEALTHCARE NHS TRUST,ERS-555043-119885,197927,CRFs - CRII,W12 0HS,PUBLIC,,,
,,12/05/2016,Research & development,DG: RESEARCH & DEVELOPMENT,LEEDS TEACHING HOSPITAL NHS TRUST,ERS-555044-119841,112276,Biomedical Units,LS9 7TF,PUBLIC,,,
,,12/05/2016,Research & development,DG: RESEARCH & DEVELOPMENT,UNIVERSITY HOSPITALS BRISTOL NHS FOUNDATION TRUST,ERS-555045-119781,123286,Biomedical Units,BS99 1YF,PUBLIC,,,
,,12/05/2016,Research & development,DG: RESEARCH & DEVELOPMENT,ROYAL BROMPTON AND HAREFIELD NHS FOUNDATION TRUST,ERS-555046-119851,160114,Biomedical Units,UB9 6JH,PUBLIC,,,
,,12/05/2016,Research & development,DG: RESEARCH & DEVELOPMENT,ROYAL BROMPTON AND HAREFIELD NHS FOUNDATION TRUST,ERS-555047-119852,147148,Biomedical Units,UB9 6JH,PUBLIC,,,
,,12/05/2016,Research & development,DG: RESEARCH & DEVELOPMENT,UNIVERSITY HOSPITAL BIRMINGHAM NHS FOUNDATION TRUST,ERS-555048-119843,127791,Biomedical Units,B15 2PR,PUBLIC,,,
,,12/05/2016,Research & development,DG: RESEARCH & DEVELOPMENT,ROYAL LIVERPOOL & BROADGREEN HOSPITALS UNIVERSITY NHS TRUST,ERS-555049-119836,32549,Research Capability Funding (STANDARD),L7 8XP,PUBLIC,,,
,,12/05/2016,Research & development,DG: RESEARCH & DEVELOPMENT,SHEFFIELD TEACHING HOSPITALS NHS FOUNDATION TRUST,ERS-555051-119811,128380,Research Capability Funding (STANDARD),S5 7AU,PUBLIC,,,
,,12/05/2016,Research & development,DG: RESEARCH & DEVELOPMENT,SOUTH LONDON AND MAUDSLEY NHS FOUNDATION TRUST,ERS-555052-119862,333748,Research Capability Funding (STANDARD),BR3 3BX,PUBLIC,,,
,,12/05/2016,Research & development,DG: RESEARCH & DEVELOPMENT,UNIVERSITY HOSPITAL SOUTHAMPTON NHS FOUNDATION TRUST,ERS-555053-119805,134719,Research Capability Funding (STANDARD),SO52 9AB,PUBLIC,,,
,,12/05/2016,Research & development,DG: RESEARCH & DEVELOPMENT,UNIVERSITY HOSPITALS BRISTOL NHS FOUNDATION TRUST,ERS-555054-119782,134609,Research Capability Funding (STANDARD),BS99 1YF,PUBLIC,,,
,,12/05/2016,Research & development,DG: RESEARCH & DEVELOPMENT,ROYAL FREE LONDON NHS FOUNDATION TRUST,ERS-555055-119788,45824,Research Capability Funding (STANDARD),NW3 1QG,PUBLIC,,,
,,12/05/2016,Research & development,DG: RESEARCH & DEVELOPMENT,THE WALTON CENTRE NHS FOUNDATION TRUST,ERS-555056-119795,26001,Research Capability Funding (STANDARD),L9 7LJ,PUBLIC,,,
,,12/05/2016,Research & development,DG: RESEARCH & DEVELOPMENT,NOTTINGHAM UNIVERSITY HOSPITALS NHS TRUST,ERS-555057-119876,104288,Biomedical Units,NG7 2UK,PUBLIC,,,
,,12/05/2016,Research & development,DG: RESEARCH & DEVELOPMENT,NOTTINGHAM UNIVERSITY HOSPITALS NHS TRUST,ERS-555058-119877,121090,Biomedical Units,NG7 2UK,PUBLIC,,,
,,12/05/2016,Research & development,DG: RESEARCH & DEVELOPMENT,ROYAL LIVERPOOL & BROADGREEN HOSPITALS UNIVERSITY NHS TRUST,ERS-555059-119837,109384,Biomedical Units,L7 8XP,PUBLIC,,,
,,12/05/2016,Research & development,DG: RESEARCH & DEVELOPMENT,UNIVERSITY HOSPITAL SOUTHAMPTON NHS FOUNDATION TRUST,ERS-555060-119806,121910,Biomedical Units,SO52 9AB,PUBLIC,,,
,,12/05/2016,Research & development,DG: RESEARCH & DEVELOPMENT,UNIVERSITY HOSPITAL SOUTHAMPTON NHS FOUNDATION TRUST,ERS-555061-119807,177415,Bio-Medical Centres,SO52 9AB,PUBLIC,,,
,,12/05/2016,Research & development,DG: RESEARCH & DEVELOPMENT,EAST LONDON NHS FOUNDATION TRUST,ERS-555062-119874,67787.5,Programme Grants for NHS Trusts,E1 1RD,PUBLIC,,,
,,12/05/2016,Research & development,DG: RESEARCH & DEVELOPMENT,CENTRAL MANCHESTER UNIVERSITY HOSPITALS NHS FOUNDATION TRUST,ERS-555063-119866,101197,Research Capability Funding (STANDARD),M13 0JR,PUBLIC,,,
,,12/05/2016,Research & development,DG: RESEARCH & DEVELOPMENT,NORTH EAST LONDON NHS FOUNDATION TRUST,ERS-555064-119789,41010,Research Capability Funding (STANDARD),CM8 2TL,PUBLIC,,,
,,12/05/2016,Research & development,DG: RESEARCH & DEVELOPMENT,OXFORD UNIVERSITY HOSPITALS NHS FOUNDATION TRUST,ERS-555066-119857,455941,Research Capability Funding (STANDARD),OX3 7HE,PUBLIC,,,
,,12/05/2016,Research & development,DG: RESEARCH & DEVELOPMENT,THE SOLENT NHS TRUST R1C,ERS-555068-119893,39896,Research Capability Funding (STANDARD),SO16 4XE,PUBLIC,,,
,,12/05/2016,Research & development,DG: RESEARCH & DEVELOPMENT,CENTRAL MANCHESTER UNIVERSITY HOSPITALS NHS FOUNDATION TRUST,ERS-555069-119867,84083,Biomedical Units,M13 0JR,PUBLIC,,,
,,12/05/2016,Research & development,DG: RESEARCH & DEVELOPMENT,UNIVERSITY HOSPITALS OF LEICESTER NHS TRUST,ERS-555070-119870,83333,Biomedical Units,LE5 4QF,PUBLIC,,,
,,12/05/2016,Research & development,DG: RESEARCH & DEVELOPMENT,UNIVERSITY HOSPITALS OF LEICESTER NHS TRUST,ERS-555071-119871,83333,Biomedical Units,LE5 4QF,PUBLIC,,,
,,12/05/2016,Research & development,DG: RESEARCH & DEVELOPMENT,UNIVERSITY HOSPITALS OF LEICESTER NHS TRUST,ERS-555072-119872,135163,Biomedical Units,LE5 4QF,PUBLIC,,,
,,12/05/2016,Research & development,DG: RESEARCH & DEVELOPMENT,UNIVERSITY HOSPITALS BRISTOL NHS FOUNDATION TRUST,ERS-555073-119783,133413,Biomedical Units,BS99 1YF,PUBLIC,,,
,,12/05/2016,Research & development,DG: RESEARCH & DEVELOPMENT,OXFORD UNIVERSITY HOSPITALS NHS FOUNDATION TRUST,ERS-555074-119858,166667,Biomedical Units,OX3 7HE,PUBLIC,,,
,,12/05/2016,Research & development,DG: RESEARCH & DEVELOPMENT,MOORFIELDS EYE HOSPITAL NHS FOUNDATION TRUST,ERS-555075-119831,492587,Bio-Medical Centres,EC1V 2PD,PUBLIC,,,
,,12/05/2016,Research & development,DG: RESEARCH & DEVELOPMENT,GREAT ORMOND STREET HOSPITAL FOR CHILDREN NHS FOUNDATION TRUST,ERS-555076-119830,690990,Bio-Medical Centres,WC1N 3JH,PUBLIC,,,
,,12/05/2016,Research & development,DG: RESEARCH & DEVELOPMENT,GUYS AND ST THOMAS NHS FOUNDATION TRUST,ERS-555077-119815,1018611,Bio-Medical Centres,SE1 9RT,PUBLIC,,,
,,12/05/2016,Research & development,DG: RESEARCH & DEVELOPMENT,THE NEWCASTLE UPON TYNE NHS FOUNDATION TRUST,ERS-555078-119854,373776,Bio-Medical Centres,NE7 7DN,PUBLIC,,,
,,12/05/2016,Research & development,DG: RESEARCH & DEVELOPMENT,THE NEWCASTLE UPON TYNE NHS FOUNDATION TRUST,ERS-555078-119854,83333,Biomedical Units,NE7 7DN,PUBLIC,,,
,,12/05/2016,Research & development,DG: RESEARCH & DEVELOPMENT,SOUTH LONDON AND MAUDSLEY NHS FOUNDATION TRUST,ERS-555079-119863,83333,Biomedical Units,BR3 3BX,PUBLIC,,,
,,12/05/2016,Research & development,DG: RESEARCH & DEVELOPMENT,SOUTH LONDON AND MAUDSLEY NHS FOUNDATION TRUST,ERS-555079-119863,859149,Bio-Medical Centres,BR3 3BX,PUBLIC,,,
,,12/05/2016,Research & development,DG: RESEARCH & DEVELOPMENT,OXFORD UNIVERSITY HOSPITALS NHS FOUNDATION TRUST,ERS-555080-119859,1705558,Bio-Medical Centres,OX3 7HE,PUBLIC,,,
,,12/05/2016,Research & development,DG: RESEARCH & DEVELOPMENT,THE ROYAL MARSDEN NHS FOUNDATION TRUST,ERS-555081-119834,1024729,Bio-Medical Centres,SM2  5PT,PUBLIC,,,
,,12/05/2016,Research & development,DG: RESEARCH & DEVELOPMENT,THE ROYAL MARSDEN NHS FOUNDATION TRUST,ERS-555081-119834,8537.66,Bio-Medical Centres,SM2  5PT,PUBLIC,,,
,,12/05/2016,Research & development,DG: RESEARCH & DEVELOPMENT,IMPERIAL COLLEGE HEALTHCARE NHS TRUST,ERS-555082-119886,1900697,Bio-Medical Centres,W12 0HS,PUBLIC,,,
,,12/05/2016,Research & development,DG: RESEARCH & DEVELOPMENT,ALDER HEY CHILDRENS NHS FOUNDATION TRUST,ERS-555083-119790,36364,CRFs - CRII,L12 2AP,PUBLIC,,,
,,12/05/2016,Research & development,DG: RESEARCH & DEVELOPMENT,UNIVERSITY HOSPITAL BIRMINGHAM NHS FOUNDATION TRUST,ERS-555084-119844,255204,CRFs - CRII,B15 2PR,PUBLIC,,,
,,12/05/2016,Research & development,DG: RESEARCH & DEVELOPMENT,BRIGHTON & SUSSEX UNIVERSITY HOSPITALS NHS TRUST,ERS-555085-119880,54545,CRFs - CRII,BN2 3EW,PUBLIC,,,
,,12/05/2016,Research & development,DG: RESEARCH & DEVELOPMENT,CAMBRIDGE UNIVERSITY HOSPITALS NHS FOUNDATION TRUST,ERS-555086-119797,197255,CRFs - CRII,CB2 2QQ,PUBLIC,,,
,,12/05/2016,Research & development,DG: RESEARCH & DEVELOPMENT,CENTRAL MANCHESTER UNIVERSITY HOSPITALS NHS FOUNDATION TRUST,ERS-555087-119868,100000,CRFs - CRII,M13 0JR,PUBLIC,,,
,,12/05/2016,Research & development,DG: RESEARCH & DEVELOPMENT,ROYAL DEVON AND EXETER NHS FOUNDATION TRUST,ERS-555088-119800,104333,CRFs - CRII,EX2 5DW,PUBLIC,,,
,,12/05/2016,Research & development,DG: RESEARCH & DEVELOPMENT,GUYS AND ST THOMAS NHS FOUNDATION TRUST,ERS-555089-119816,102604,CRFs - CRII,SE1 9RT,PUBLIC,,,
,,12/05/2016,Research & development,DG: RESEARCH & DEVELOPMENT,MOORFIELDS EYE HOSPITAL NHS FOUNDATION TRUST,ERS-555091-119832,104309,CRFs - CRII,EC1V 2PD,PUBLIC,,,
,,12/05/2016,Research & development,DG: RESEARCH & DEVELOPMENT,THE NEWCASTLE UPON TYNE NHS FOUNDATION TRUST,ERS-555092-119855,72727,CRFs - CRII,NE7 7DN,PUBLIC,,,
,,12/05/2016,Research & development,DG: RESEARCH & DEVELOPMENT,OXFORD UNIVERSITY HOSPITALS NHS FOUNDATION TRUST,ERS-555093-119860,67969,CRFs - CRII,OX3 7HE,PUBLIC,,,
,,12/05/2016,Research & development,DG: RESEARCH & DEVELOPMENT,THE ROYAL MARSDEN NHS FOUNDATION TRUST,ERS-555094-119835,53615,CRFs - CRII,SM2  5PT,PUBLIC,,,
,,12/05/2016,Research & development,DG: RESEARCH & DEVELOPMENT,SHEFFIELD TEACHING HOSPITALS NHS FOUNDATION TRUST,ERS-555095-119812,79389,CRFs - CRII,S5 7AU,PUBLIC,,,
,,12/05/2016,Research & development,DG: RESEARCH & DEVELOPMENT,SOUTH LONDON AND MAUDSLEY NHS FOUNDATION TRUST,ERS-555096-119864,86151,CRFs - CRII,BR3 3BX,PUBLIC,,,
,,12/05/2016,Research & development,DG: RESEARCH & DEVELOPMENT,UNIVERSITY HOSPITAL OF SOUTH MANCHESTER NHS FOUNDATION TRUST,ERS-555097-119824,45455,CRFs - CRII,M23 9LT,PUBLIC,,,
,,12/05/2016,Research & development,DG: RESEARCH & DEVELOPMENT,UNIVERSITY HOSPITAL SOUTHAMPTON NHS FOUNDATION TRUST,ERS-555098-119808,168076,CRFs - CRII,SO52 9AB,PUBLIC,,,
,,12/05/2016,Research & development,DG: RESEARCH & DEVELOPMENT,THE CHRISTIE NHS FOUNDATION TRUST,ERS-555099-119791,81818,CRFs - CRII,M20 4BX,PUBLIC,,,
,,12/05/2016,Research & development,DG: RESEARCH & DEVELOPMENT,UNIVERSITY COLLEGE LONDON HOSPITALS NHS FOUNDATION TRUST,ERS-555100-119846,100000,CRFs - CRII,NW1 2BX,PUBLIC,,,
,,12/05/2016,Research & development,DG: RESEARCH & DEVELOPMENT,BARTS HEALTH NHS TRUST,ERS-555101-119894,109290,Biomedical Units,E1 8PR,PUBLIC,,,
,,12/05/2016,Research & development,DG: RESEARCH & DEVELOPMENT,IMPERIAL COLLEGE HEALTHCARE NHS TRUST,ERS-555102-119887,129920,Quality and Safety Research Centres,W12 0HS,PUBLIC,,,
,,12/05/2016,Research & development,DG: RESEARCH & DEVELOPMENT,NHS OXFORDSHIRE CCG 10Q,ERS-555104-119897,47223,Research Capability Funding (STANDARD),OX4 2LH,PUBLIC,,,
,,12/05/2016,Research & development,DG: RESEARCH & DEVELOPMENT,NHS BRISTOL CCG 11H,ERS-555105-119898,89406,Research Capability Funding (STANDARD),BS1 3NX,PUBLIC,,,
,,12/05/2016,Research & development,DG: RESEARCH & DEVELOPMENT,SALFORD ROYAL NHS FOUNDATION TRUST,ERS-555106-119825,118067,Quality and Safety Research Centres,M6 8HD,PUBLIC,,,
,,12/05/2016,Research & development,DG: RESEARCH & DEVELOPMENT,MEDICAL RESEARCH COUNCIL MRC,ERS-555107-119889,220000,E-Health Joint Call,SN2 1FF,PUBLIC,,,
,,12/05/2016,Research & development,DG: RESEARCH & DEVELOPMENT,UNIVERSITY COLLEGE LONDON HOSPITALS NHS FOUNDATION TRUST,ERS-555109-119847,83333,Biomedical Units,NW1 2BX,PUBLIC,,,
,,12/05/2016,Research & development,DG: RESEARCH & DEVELOPMENT,BARTS HEALTH NHS TRUST,ERS-555110-119895,166664,CLAHRCs,E1 8PR,PUBLIC,,,
,,12/05/2016,Research & development,DG: RESEARCH & DEVELOPMENT,UNIVERSITY HOSPITALS BRISTOL NHS FOUNDATION TRUST,ERS-555111-119784,165696,CLAHRCs,BS99 1YF,PUBLIC,,,
,,12/05/2016,Research & development,DG: RESEARCH & DEVELOPMENT,NHS LIVERPOOL CCG,ERS-555112-119899,165153,CLAHRCs,L1 4AZ,PUBLIC,,,
,,12/05/2016,Research & development,DG: RESEARCH & DEVELOPMENT,CAMBRIDGESHIRE AND PETERBOROUGH NHS FOUNDATION TRUST,ERS-555113-119849,176666,CLAHRCs,CB1 5EE,PUBLIC,,,
,,12/05/2016,Research & development,DG: RESEARCH & DEVELOPMENT,NOTTINGHAMSHIRE HEALTHCARE NHS FOUNDATION TRUST,ERS-555114-119804,166666,CLAHRCs,NG3 6AA,PUBLIC,,,
,,12/05/2016,Research & development,DG: RESEARCH & DEVELOPMENT,OXFORD HEALTH NHS FOUNDATION TRUST,ERS-555115-119828,166666,CLAHRCs,OX4 2GX,PUBLIC,,,
,,12/05/2016,Research & development,DG: RESEARCH & DEVELOPMENT,SHEFFIELD TEACHING HOSPITALS NHS FOUNDATION TRUST,ERS-555116-119813,171242,CLAHRCs,S5 7AU,PUBLIC,,,
,,12/05/2016,Research & development,DG: RESEARCH & DEVELOPMENT,CHELSEA AND WESTMINSTER HOSPITAL NHS FOUNDATION TRUST,ERS-555117-119839,166666,CLAHRCs,SW10 9NH,PUBLIC,,,
,,12/05/2016,Research & development,DG: RESEARCH & DEVELOPMENT,ROYAL DEVON AND EXETER NHS FOUNDATION TRUST,ERS-555118-119801,180903,CLAHRCs,EX2 5DW,PUBLIC,,,
,,12/05/2016,Research & development,DG: RESEARCH & DEVELOPMENT,SALFORD ROYAL NHS FOUNDATION TRUST,ERS-555119-119826,174413,CLAHRCs,M6 8HD,PUBLIC,,,
,,12/05/2016,Research & development,DG: RESEARCH & DEVELOPMENT,UNIVERSITY HOSPITAL BIRMINGHAM NHS FOUNDATION TRUST,ERS-555120-119845,166666,CLAHRCs,B15 2PR,PUBLIC,,,
,,12/05/2016,Research & development,DG: RESEARCH & DEVELOPMENT,UNIVERSITY HOSPITAL SOUTHAMPTON NHS FOUNDATION TRUST,ERS-555121-119809,172450,CLAHRCs,SO52 9AB,PUBLIC,,,
,,12/05/2016,Research & development,DG: RESEARCH & DEVELOPMENT,NHS LIVERPOOL CCG,ERS-555122-119900,25182,Research Capability Funding (STANDARD),L1 4AZ,PUBLIC,,,
,,12/05/2016,Research & development,DG: RESEARCH & DEVELOPMENT,KINGS COLLEGE HOSPITAL NHS FOUNDATION TRUST,ERS-555123-119821,169999,CLAHRCs,SE5 9RS,PUBLIC,,,
,,12/05/2016,Research & development,DG: RESEARCH & DEVELOPMENT,BIRMINGHAM AND SOLIHULL MENTAL HEALTH NHS FOUNDATION TRUST,ERS-555124-119883,54180,Research Capability Funding (STANDARD),B15 2PZ,PUBLIC,,,
,,12/05/2016,Research & development,DG: RESEARCH & DEVELOPMENT,BRADFORD TEACHING HOSPITALS NHS FOUNDATION TRUST,ERS-555125-119787,56405,Research Capability Funding (STANDARD),WF3 1WE,PUBLIC,,,
,,12/05/2016,Research & development,DG: RESEARCH & DEVELOPMENT,CAMBRIDGESHIRE AND PETERBOROUGH NHS FOUNDATION TRUST,ERS-555127-119850,56774,Research Capability Funding (STANDARD),CB1 5EE,PUBLIC,,,
,,12/05/2016,Research & development,DG: RESEARCH & DEVELOPMENT,CAMDEN AND ISLINGTON NHS FOUNDATION TRUST,ERS-555128-119892,59343,Research Capability Funding (STANDARD),NW1 0PE,PUBLIC,,,
,,12/05/2016,Research & development,DG: RESEARCH & DEVELOPMENT,GREATER MANCHESTER WEST MENTAL HEALTH NHS FOUNDATION TRUST,ERS-555131-119884,34942,Research Capability Funding (STANDARD),M25 3BL,PUBLIC,,,
,,12/05/2016,Research & development,DG: RESEARCH & DEVELOPMENT,GUYS AND ST THOMAS NHS FOUNDATION TRUST,ERS-555132-119818,254679,Research Capability Funding (STANDARD),SE1 9RT,PUBLIC,,,
,,12/05/2016,Research & development,DG: RESEARCH & DEVELOPMENT,HEART OF ENGLAND NHS FOUNDATION TRUST,ERS-555133-119840,29995,Research Capability Funding (STANDARD),B9 5TA,PUBLIC,,,
,,12/05/2016,Research & development,DG: RESEARCH & DEVELOPMENT,MANCHESTER MENTAL HEALTH & SOCIAL CARE TRUST,ERS-555134-119891,38770,Research Capability Funding (STANDARD),M21 9UN,PUBLIC,,,
,,12/05/2016,Research & development,DG: RESEARCH & DEVELOPMENT,MOORFIELDS EYE HOSPITAL NHS FOUNDATION TRUST,ERS-555135-119833,355336,Research Capability Funding (STANDARD),EC1V 2PD,PUBLIC,,,
,,12/05/2016,Research & development,DG: RESEARCH & DEVELOPMENT,NHS BLOOD AND TRANSPLANT (NHSBT),ERS-555136-119890,64227,Research Capability Funding (STANDARD),LS15 7TW,PUBLIC,,,
,,12/05/2016,Research & development,DG: RESEARCH & DEVELOPMENT,NORTH BRISTOL NHS TRUST,ERS-555137-119865,75884,Research Capability Funding (STANDARD),BS1 2NP,PUBLIC,,,
,,12/05/2016,Research & development,DG: RESEARCH & DEVELOPMENT,NOTTINGHAM UNIVERSITY HOSPITALS NHS TRUST,ERS-555139-119878,152398,Research Capability Funding (STANDARD),NG7 2UK,PUBLIC,,,
,,12/05/2016,Research & development,DG: RESEARCH & DEVELOPMENT,OXFORD HEALTH NHS FOUNDATION TRUST,ERS-555140-119829,87086,Research Capability Funding (STANDARD),OX4 2GX,PUBLIC,,,
,,12/05/2016,Research & development,DG: RESEARCH & DEVELOPMENT,ROYAL BROMPTON AND HAREFIELD NHS FOUNDATION TRUST,ERS-555141-119853,138636,Research Capability Funding (STANDARD),UB9 6JH,PUBLIC,,,
,,12/05/2016,Research & development,DG: RESEARCH & DEVELOPMENT,ROYAL CORNWALL HOSPITAL NHS TRUST,ERS-555142-119793,38562,Research Capability Funding (STANDARD),TR1 2XN,PUBLIC,,,
,,12/05/2016,Research & development,DG: RESEARCH & DEVELOPMENT,ROYAL DEVON AND EXETER NHS FOUNDATION TRUST,ERS-555143-119802,66801,Research Capability Funding (STANDARD),EX2 5DW,PUBLIC,,,
,,12/05/2016,Research & development,DG: RESEARCH & DEVELOPMENT,CAMBRIDGE UNIVERSITY HOSPITALS NHS FOUNDATION TRUST,ERS-555148-119798,83333,Biomedical Units,CB2 2QQ,PUBLIC,,,
,,12/05/2016,Research & development,DG: RESEARCH & DEVELOPMENT,CAMBRIDGE UNIVERSITY HOSPITALS NHS FOUNDATION TRUST,ERS-555149-119799,2062642,Bio-Medical Centres,CB2 2QQ,PUBLIC,,,
,,12/05/2016,Research & development,DG: RESEARCH & DEVELOPMENT,UNIVERSITY COLLEGE LONDON HOSPITALS NHS FOUNDATION TRUST,ERS-555150-119848,1838629,Bio-Medical Centres,NW1 2BX,PUBLIC,,,
,,12/05/2016,Research & development,DG: RESEARCH & DEVELOPMENT,UNIVERSITY HOSPITALS OF LEICESTER NHS TRUST,ERS-555151-119873,1733400,Comprehensive Networks,LE5 4QF,PUBLIC,,,
,,12/05/2016,Research & development,DG: RESEARCH & DEVELOPMENT,NORFOLK & NORWICH UNIVERSITY HOSPITAL NHS FOUNDATION TRUST,ERS-555152-119823,1656341,Comprehensive Networks,NR4 7UY,PUBLIC,,,
,,12/05/2016,Research & development,DG: RESEARCH & DEVELOPMENT,CENTRAL MANCHESTER UNIVERSITY HOSPITALS NHS FOUNDATION TRUST,ERS-555153-119869,1481733,Comprehensive Networks,M13 0JR,PUBLIC,,,
,,12/05/2016,Research & development,DG: RESEARCH & DEVELOPMENT,THE NEWCASTLE UPON TYNE NHS FOUNDATION TRUST,ERS-555154-119856,1562418,Comprehensive Networks,NE7 7DN,PUBLIC,,,
,,12/05/2016,Research & development,DG: RESEARCH & DEVELOPMENT,BARTS HEALTH NHS TRUST,ERS-555155-119896,2649579,Comprehensive Networks,E1 8PR,PUBLIC,,,
,,12/05/2016,Research & development,DG: RESEARCH & DEVELOPMENT,ROYAL LIVERPOOL & BROADGREEN HOSPITALS UNIVERSITY NHS TRUST,ERS-555156-119838,1280818,Comprehensive Networks,L7 8XP,PUBLIC,,,
,,12/05/2016,Research & development,DG: RESEARCH & DEVELOPMENT,IMPERIAL COLLEGE HEALTHCARE NHS TRUST,ERS-555157-119888,1123790,Comprehensive Networks,W12 0HS,PUBLIC,,,
,,12/05/2016,Research & development,DG: RESEARCH & DEVELOPMENT,GUYS AND ST THOMAS NHS FOUNDATION TRUST,ERS-555158-119819,1991886,Comprehensive Networks,SE1 9RT,PUBLIC,,,
,,12/05/2016,Research & development,DG: RESEARCH & DEVELOPMENT,ROYAL DEVON AND EXETER NHS FOUNDATION TRUST,ERS-555159-119803,902240,Comprehensive Networks,EX2 5DW,PUBLIC,,,
,,12/05/2016,Research & development,DG: RESEARCH & DEVELOPMENT,OXFORD UNIVERSITY HOSPITALS NHS FOUNDATION TRUST,ERS-555160-119861,1115131,Comprehensive Networks,OX3 7HE,PUBLIC,,,
,,12/05/2016,Research & development,DG: RESEARCH & DEVELOPMENT,UNIVERSITY HOSPITAL SOUTHAMPTON NHS FOUNDATION TRUST,ERS-555161-119810,1309748,Comprehensive Networks,SO52 9AB,PUBLIC,,,
,,12/05/2016,Research & development,DG: RESEARCH & DEVELOPMENT,THE ROYAL WOLVERHAMPTON NHS TRUST,ERS-555162-119822,2380660,Comprehensive Networks,WV10 0QP,PUBLIC,,,
,,12/05/2016,Research & development,DG: RESEARCH & DEVELOPMENT,UNIVERSITY HOSPITALS BRISTOL NHS FOUNDATION TRUST,ERS-555163-119786,1045348,Comprehensive Networks,BS99 1YF,PUBLIC,,,
,,12/05/2016,Research & development,DG: RESEARCH & DEVELOPMENT,SHEFFIELD TEACHING HOSPITALS NHS FOUNDATION TRUST,ERS-555164-119814,2272897,Comprehensive Networks,S5 7AU,PUBLIC,,,
,,12/05/2016,Research & development,DG: RESEARCH & DEVELOPMENT,UNIVERSITY COLLEGE LONDON UCL,ERS-555203-119942,87363,PROJECTS,WC1E 6BT,PUBLIC,,,
,,12/05/2016,Research & development,DG: RESEARCH & DEVELOPMENT,THE SOLENT NHS TRUST R1C,ERS-555205-119944,222954,Programme Grants for NHS Trusts,SO16 4XE,PUBLIC,,,
,,12/05/2016,Research & development,DG: RESEARCH & DEVELOPMENT,KINGS COLLEGE LONDON,ERS-555206-119941,79724,Invention for Innovation,SE1 8WA,PUBLIC,,,
,,13/05/2016,Radio communications,"DG: FINANCE, COMMERCIAL & NHS",AIRWAVE SOLUTIONS INTERNATIONAL LTD,0900000137-484,310602.42,April 16 - March 17 CCN Charges,SL1 2EJ,LARGE,,,
,,13/05/2016,Outsourcing Contract,"DG: INNOVATION, GROWTH & TECHNOLOGY",CABLE AND WIRELESS COMMUNICATION (VODAFONE),461305,882200,Revenue charges for the  Period commencing FY15/16 NHS Mail Extension: Core Services:Q4,RG12 1RW,LARGE,,,
,,13/05/2016,Outsourcing Contract,"DG: INNOVATION, GROWTH & TECHNOLOGY",CABLE AND WIRELESS COMMUNICATION (VODAFONE),461350,36250,Revenue 2016/17 NHS Mail Extension Vodafone: Contract cost to cover spend for services between April - May 2016,RG12 1RW,LARGE,,,
,,13/05/2016,Outsourcing Contract,"DG: INNOVATION, GROWTH & TECHNOLOGY",CABLE AND WIRELESS COMMUNICATION (VODAFONE),461361,30687.07,Revenue 2016/17 NHS Mail Extension Vodafone: Contract cost to cover spend for services between April - May 2016,RG12 1RW,LARGE,,,
,,13/05/2016,Outsourcing Contract,DG: STRATEGY & EXTERNAL RELATIONS,CWM TAF HEALTH BOARD,77204,41854.8,NHS Jobs Cwm Taf MoU 15-16,CF37 1LB,PUBLIC,,,
,,13/05/2016,Service charge,"DG: INNOVATION, GROWTH & TECHNOLOGY",JISC COLLECTIONS,OP/I051620,131250,Revenue 2015/16: Costs related to HSCN Early Works for JANET,WC2E 7EN,PUBLIC,,,
,,16/05/2016,Provisions cash payment,DG: PUBLIC & INTERNATIONAL HEALTH,CAXTON FOUNDATION,CF-01/2016-17,356490.25,Caxton Foundation 2016-17 funding for beneficiary support,EN4 9NX,VCS,,,
,,16/05/2016,Other programme expenditure,DG: PUBLIC & INTERNATIONAL HEALTH,CAXTON FOUNDATION,CF-02/2016-17,172756,Caxton Foundation service delivery payments 2016-17,EN4 9NX,VCS,,,
,,16/05/2016,Provisions cash payment,DG: STRATEGY & EXTERNAL RELATIONS,NHS INJURY BENEFITS SCHEME,ERS-555283-120001,4534387.71,"Injury Allowance Recharge Payment, April 2016",FY7 8LG,PUBLIC,,,
,,16/05/2016,Additions NHS Trust Working Capital Loans,DG: Central Technical,BARKING HAVERING AND REDBRIDGE UNIVERSITY HOSPITALS NHS TRUST,HAFS-21045,1746000,,WF3 1WE,PUBLIC,,,
,,16/05/2016,Additions NHS FTs Working Capital Loans,DG: Central Technical,BARNSLEY HOSPITAL NHS FOUNDATION TRUST,HAFS-21046,2394000,,S75 2PY,PUBLIC,,,
,,16/05/2016,Additions NHS FTs Working Capital Loans,DG: Central Technical,BASILDON AND THURROCK UNIVERSITY HOSPITALS NHS FOUNDATION TRUST,HAFS-21047,295000,,SS16 5NL,PUBLIC,,,
,,16/05/2016,Additions NHS Trust Working Capital Loans,DG: Central Technical,BEDFORD HOSPITAL NHS TRUST,HAFS-21048,875000,,MK42 9DJ,PUBLIC,,,
,,16/05/2016,Additions PDC Capital Support NHS T Permenant,DG: Central Technical,BRIGHTON & SUSSEX UNIVERSITY HOSPITALS NHS TRUST,HAFS-21049,8504000,,BN2 3EW,PUBLIC,,,
,,16/05/2016,Additions NHS Trust Working Capital Loans,DG: Central Technical,BRIGHTON & SUSSEX UNIVERSITY HOSPITALS NHS TRUST,HAFS-21050,5851000,,BN2 3EW,PUBLIC,,,
,,16/05/2016,Additions NHS Trust Capital Investment Loans,DG: Central Technical,BRIGHTON & SUSSEX UNIVERSITY HOSPITALS NHS TRUST,HAFS-21051,2176000,,BN2 3EW,PUBLIC,,,
,,16/05/2016,Additions NHS Trust Working Capital Loans,DG: Central Technical,BUCKINGHAMSHIRE HEALTHCARE NHS TRUST,HAFS-21052,1986000,,HP7 0JD,PUBLIC,,,
,,16/05/2016,Additions NHS FTs Working Capital Loans,DG: Central Technical,CALDERDALE & HUDDERSFIELD NHS FOUNDATION TRUST,HAFS-21053,5765000,,HD3 3EA,PUBLIC,,,
,,16/05/2016,Additions NHS FTs Working Capital Loans,DG: Central Technical,CAMBRIDGE UNIVERSITY HOSPITALS NHS FOUNDATION TRUST,HAFS-21054,59076000,,CB2 2QQ,PUBLIC,,,
,,16/05/2016,Additions NHS FTs Capital Investment Loans,DG: Central Technical,CHESTERFIELD ROYAL HOSPITAL NHS FOUNDATION TRUST,HAFS-21055,2387000,,S44 5BL,PUBLIC,,,
,,16/05/2016,Additions NHS FTs Working Capital Loans,DG: Central Technical,COLCHESTER HOSPITAL UNIVERSITY NHS FOUNDATION TRUST,HAFS-21056,2699000,,CO4 5JL,PUBLIC,,,
,,16/05/2016,Additions NHS Trust Working Capital Loans,DG: Central Technical,CROYDON HEALTH SERVICES NHS TRUST,HAFS-21057,1500000,,CR7 7YE,PUBLIC,,,
,,16/05/2016,Additions NHS FTs Working Capital Loans,DG: Central Technical,DERBY HOSPITALS NHS FOUNDATION TRUST,HAFS-21058,860000,,DE1 2QY,PUBLIC,,,
,,16/05/2016,Additions NHS FTs Working Capital Loans,DG: Central Technical,DONCASTER AND BASSETLAW HOSPITALS NHS FOUNDATION TRUST,HAFS-21059,2000000,,DN2 5LT,PUBLIC,,,
,,16/05/2016,Additions NHS Trust Working Capital Loans,DG: Central Technical,EAST & NORTH HERTFORDSHIRE NHS TRUST,HAFS-21060,1028000,,BS1 2NP,PUBLIC,,,
,,16/05/2016,Additions NHS Trust Working Capital Loans,DG: Central Technical,EAST & NORTH HERTFORDSHIRE NHS TRUST,HAFS-21061,5406000,,BS1 2NP,PUBLIC,,,
,,16/05/2016,Additions NHS Trust Working Capital Loans,DG: Central Technical,EAST CHESHIRE NHS TRUST,HAFS-21062,1222000,,SK10 3BL,PUBLIC,,,
,,16/05/2016,Additions NHS FTs Working Capital Loans,DG: Central Technical,EAST KENT HOSPITALS UNIVERSITY NHS FOUNDATION TRUST,HAFS-21063,4783000,,CT1 3NG,PUBLIC,,,
,,16/05/2016,Additions NHS Trust Working Capital Loans,DG: Central Technical,EAST MIDLANDS AMBULANCE SERVICE NHS TRUST,HAFS-21064,1375000,,NG8 3LL,PUBLIC,,,
,,16/05/2016,Additions NHS Trust Working Capital Loans,DG: Central Technical,EAST SUSSEX HEALTHCARE NHS TRUST,HAFS-21065,4982000,,TN37 7PT,PUBLIC,,,
,,16/05/2016,Additions NHS Trust Working Capital Loans,DG: Central Technical,EPSOM & ST HELIER UNIVERSITY HOSPITAL NHS TRUST,HAFS-21066,4543000,,SM5 1AA,PUBLIC,,,
,,16/05/2016,Additions NHS Trust Working Capital Loans,DG: Central Technical,GEORGE ELIOT HOSPITAL NHS TRUST,HAFS-21067,1000000,,CV10 7DJ,PUBLIC,,,
,,16/05/2016,Additions NHS Trust Working Capital Loans,DG: Central Technical,HINCHINGBROOKE HEALTH CARE NHS TRUST,HAFS-21068,2552000,,PE29 6NT,PUBLIC,,,
,,16/05/2016,Additions NHS Trust Working Capital Loans,DG: Central Technical,IMPERIAL COLLEGE HEALTHCARE NHS TRUST,HAFS-21069,5795000,,W12 0HS,PUBLIC,,,
,,16/05/2016,Additions NHS FTs Capital Investment Loans,DG: Central Technical,KETTERING GENERAL HOSPITAL NHS FOUNDATION TRUST,HAFS-21070,1000000,,NN16 8UZ,PUBLIC,,,
,,16/05/2016,Additions NHS FTs Working Capital Loans,DG: Central Technical,KETTERING GENERAL HOSPITAL NHS FOUNDATION TRUST,HAFS-21071,1666000,,NN16 8UZ,PUBLIC,,,
,,16/05/2016,Additions NHS FTs Working Capital Loans,DG: Central Technical,KINGS COLLEGE HOSPITAL NHS FOUNDATION TRUST,HAFS-21072,4744000,,SE5 9RS,PUBLIC,,,
,,16/05/2016,Additions NHS FTs Working Capital Loans,DG: Central Technical,LANCASHIRE TEACHING HOSPITALS NHS FOUNDATION TRUST,HAFS-21073,4663000,,PR7 1GZ,PUBLIC,,,
,,16/05/2016,Additions NHS Trust Working Capital Loans,DG: Central Technical,LEWISHAM AND GREENWICH NHS TRUST,HAFS-21074,3000000,,SE13 6LH,PUBLIC,,,
,,16/05/2016,Additions NHS Trust Working Capital Loans,DG: Central Technical,LONDON NORTH WEST HEALTHCARE NHS TRUST,HAFS-21075,11928000,,M20 4BX,PUBLIC,,,
,,16/05/2016,Additions NHS Trust Working Capital Loans,DG: Central Technical,MID ESSEX HOSPITAL SERVICES NHS TRUST,HAFS-21076,4064000,,CM8 2TL,PUBLIC,,,
,,16/05/2016,Additions NHS Trust Working Capital Loans,DG: Central Technical,MID YORKSHIRE HOSPITALS NHS TRUST,HAFS-21077,4204000,,WF1 4TU,PUBLIC,,,
,,16/05/2016,Additions NHS Trust Working Capital Loans,DG: Central Technical,NORTH BRISTOL NHS TRUST,HAFS-21078,26155000,,BS1 2NP,PUBLIC,,,
,,16/05/2016,Additions NHS Trust Working Capital Loans,DG: Central Technical,NORTH CUMBRIA UNIVERSITY HOSPITALS NHS TRUST,HAFS-21079,3000000,,CA2 7HX,PUBLIC,,,
,,16/05/2016,Additions NHS Trust Working Capital Loans,DG: Central Technical,NORTHAMPTON GENERAL HOSPITAL NHS TRUST,HAFS-21080,1554000,,NN1 5BD,PUBLIC,,,
,,16/05/2016,Additions NHS FTs Working Capital Loans,DG: Central Technical,NORTHERN LINCOLNSHIRE AND GOOLE HOSPITALS NHS FOUNDATION TRUST,HAFS-21081,4006000,,DN15 7BH,PUBLIC,,,
,,16/05/2016,Additions NHS Trust Working Capital Loans,DG: Central Technical,NOTTINGHAM UNIVERSITY HOSPITALS NHS TRUST,HAFS-21082,1240000,,NG5 1PT,PUBLIC,,,
,,16/05/2016,Additions NHS Trust Working Capital Loans,DG: Central Technical,PLYMOUTH HOSPITALS NHS TRUST,HAFS-21083,3300000,,WF3 1WE,PUBLIC,,,
,,16/05/2016,Additions NHS Trust Working Capital Loans,DG: Central Technical,PRINCESS ALEXANDRA HOSPITAL NHS TRUST,HAFS-21084,4940000,,CM20 1QX,PUBLIC,,,
,,16/05/2016,Additions NHS Trust Working Capital Loans,DG: Central Technical,ROYAL CORNWALL HOSPITAL NHS TRUST,HAFS-21085,1177000,,TR1 2XN,PUBLIC,,,
,,16/05/2016,Additions NHS Trust Working Capital Loans,DG: Central Technical,ROYAL NATIONAL ORTHOPAEDIC HOSPITAL NHS TRUST,HAFS-21086,1204000,,HA7 4LP,PUBLIC,,,
,,16/05/2016,Additions NHS FTs Working Capital Loans,DG: Central Technical,ROYAL SURREY COUNTY NHS FOUNDATION TRUST,HAFS-21087,1600000,,GU2 7XX,PUBLIC,,,
,,16/05/2016,Additions NHS FTs Working Capital Loans,DG: Central Technical,SHERWOOD FOREST HOSPITALS NHS FOUNDATION TRUST,HAFS-21088,6222000,,NG17 4JL,PUBLIC,,,
,,16/05/2016,Additions NHS FTs Working Capital Loans,DG: Central Technical,SOUTH TEES HOSPITALS NHS FOUNDATION TRUST,HAFS-21089,1865000,,TS4 3BW,PUBLIC,,,
,,16/05/2016,Additions NHS FTs Working Capital Loans,DG: Central Technical,SOUTHEND UNIVERSITY HOSPITAL NHS FOUNDATION TRUST,HAFS-21090,3383000,,SS2 6GE,PUBLIC,,,
,,16/05/2016,Additions NHS Trust Working Capital Loans,DG: Central Technical,SOUTHPORT & ORMSKIRK HOSPITAL NHS TRUST,HAFS-21091,875000,,PR8 6PT,PUBLIC,,,
,,16/05/2016,Additions NHS Trust Working Capital Loans,DG: Central Technical,SURREY & SUSSEX HEALTHCARE NHS TRUST,HAFS-21092,4200000,,RH1 5RH,PUBLIC,,,
,,16/05/2016,Additions NHS FTs Working Capital Loans,DG: Central Technical,TAMESIDE HOSPITAL NHS FOUNDATION TRUST,HAFS-21093,1200000,,OL6 9RW,PUBLIC,,,
,,16/05/2016,Additions NHS FTs Working Capital Loans,DG: Central Technical,TAUNTON AND SOMERSET NHS FOUNDATION TRUST,HAFS-21094,1272000,,TA1 5DA,PUBLIC,,,
,,16/05/2016,Additions NHS Trust Working Capital Loans,DG: Central Technical,THE IPSWICH HOSPITAL NHS TRUST,HAFS-21095,2500000,,IP4 5PD,PUBLIC,,,
,,16/05/2016,Additions NHS FTs Working Capital Loans,DG: Central Technical,THE QUEEN ELIZABETH HOSPITAL KINGS LYNN NHS FOUNDATION TRUST,HAFS-21096,4452000,,PE30 4ET,PUBLIC,,,
,,16/05/2016,Additions NHS Trust Working Capital Loans,DG: Central Technical,UNITED LINCOLNSHIRE HOSPITALS NHS TRUST,HAFS-21097,5696000,,LN2 5QY,PUBLIC,,,
,,16/05/2016,Additions NHS Trust Working Capital Loans,DG: Central Technical,UNIVERSITY HOSPITALS OF LEICESTER NHS TRUST,HAFS-21098,7648000,,LE5 4QF,PUBLIC,,,
,,16/05/2016,Additions NHS FTs Working Capital Loans,DG: Central Technical,UNIVERSITY HOSPITALS OF MORECAMBE BAY NHS FOUNDATION TRUST,HAFS-21099,2740000,,LA1 4GG,PUBLIC,,,
,,16/05/2016,Additions NHS Trust Capital Investment Loans,DG: Central Technical,UNIVERSITY HOSPITALS OF MORECAMBE BAY NHS FOUNDATION TRUST,HAFS-21100,800000,,LA1 4GG,PUBLIC,,,
,,16/05/2016,Additions NHS Trust Working Capital Loans,DG: Central Technical,UNIVERSITY HOSPITALS OF NORTH MIDLANDS NHS TRUST.,HAFS-21101,8689000,,ST4 7LN,PUBLIC,,,
,,16/05/2016,Additions NHS Trust Working Capital Loans,DG: Central Technical,WALSALL HEALTHCARE NATIONAL HEALTH SERVICE TRUST,HAFS-21102,1714000,,WS2 9PS,PUBLIC,,,
,,16/05/2016,Additions NHS FTs Working Capital Loans,DG: Central Technical,WARRINGTON AND HALTON HOSPITALS NHS FOUNDATION TRUST,HAFS-21103,1753000,,WA7 2DA,PUBLIC,,,
,,16/05/2016,Additions NHS Trust Capital Investment Loans,DG: Central Technical,WEST HERTFORDSHIRE HOSPITALS NHS TRUST,HAFS-21104,1600000,,WD18 0BH,PUBLIC,,,
,,16/05/2016,Additions NHS Trust Working Capital Loans,DG: Central Technical,WEST HERTFORDSHIRE HOSPITALS NHS TRUST,HAFS-21105,6150000,,WD18 0BH,PUBLIC,,,
,,16/05/2016,Additions NHS FTs Working Capital Loans,DG: Central Technical,WIRRAL UNIVERSITY TEACHING HOSPITAL NHS FOUNDATION TRUST,HAFS-21106,1000000,,CH63 4JY,PUBLIC,,,
,,16/05/2016,Additions NHS Trust Working Capital Loans,DG: Central Technical,WORCESTERSHIRE ACUTE HOSPITALS NHS TRUST,HAFS-21107,4100000,,WR5 1DD,PUBLIC,,,
,,16/05/2016,Additions NHS Trust Working Capital Loans,DG: Central Technical,WORCESTERSHIRE ACUTE HOSPITALS NHS TRUST,HAFS-21108,2837000,,WR5 1DD,PUBLIC,,,
,,16/05/2016,Additions NHS Trust Capital Investment Loans,DG: Central Technical,WORCESTERSHIRE ACUTE HOSPITALS NHS TRUST,HAFS-21109,628000,,WR5 1DD,PUBLIC,,,
,,16/05/2016,Additions NHS Trust Capital Investment Loans,DG: Central Technical,WYE VALLEY NHS TRUST,HAFS-21110,1050000,,HR1 2ER,PUBLIC,,,
,,16/05/2016,Additions NHS Trust Working Capital Loans,DG: Central Technical,WYE VALLEY NHS TRUST,HAFS-21111,3097000,,HR1 2ER,PUBLIC,,,
,,16/05/2016,Additions NHS FTs Working Capital Loans,DG: Central Technical,YEOVIL DISTRICT HOSPITAL NHS FOUNDATION TRUST,HAFS-21112,181000,,BA21 4AT,PUBLIC,,,
,,16/05/2016,Essential Meds SPG - Additions,"DG: INNOVATION, GROWTH & TECHNOLOGY",B BRAUN MEDICAL LTD,328241695,178697.2,,,LARGE,,,
,,17/05/2016,Policy Payments,DG: PUBLIC & INTERNATIONAL HEALTH,The What Works Centre for Wellbeing CIC,2016/01DH,50000,DH co-funding contribution to What Works Centre for Wellbeing 2016-17,SW1P 2QF,LARGE,,,
,,17/05/2016,Outsourcing Contract,"DG: SOCIAL CARE, LOCAL GROWTH & CARE PARTNERSHIPS",OXFORD UNIVERSITY OF,210031894,105546.04,Multicentre Study on Self-harm 2015-16,OX3 7JX,PUBLIC,,,
,,17/05/2016,Addition Clearing - SW LIC,"DG: INNOVATION, GROWTH & TECHNOLOGY",MASTEK UK LTD,90336098,0.04,,RG1 8BW,LARGE,,,
,,17/05/2016,Addition Clearing - SW LIC,"DG: INNOVATION, GROWTH & TECHNOLOGY",MASTEK UK LTD,90336098,24673.71,"Capital: SUS Spine MAS1-3-023 Milestones 1-10 PbR 16/17 and tariffing changes for R16	 ",RG1 8BW,LARGE,,,
,,17/05/2016,IT minor costs non capital,"DG: INNOVATION, GROWTH & TECHNOLOGY",BRAVOSOLUTION UK LTD,BUK16V0006354,31656,eTendering Services for Commercial Medicines from 1st May 2016 to 30th April 2017 (Bravo),EC2M 7AD,LARGE,,,
,,17/05/2016,Revenue Grants to non-profit institutions,"DG: SOCIAL CARE, LOCAL GROWTH & CARE PARTNERSHIPS",ROYAL SOCIETY FOR THE PREVENTION OF ACCIDENTS (ROSPA),ERS-555305-120041,118779,"IESD  (RoSPA) Stand Up, Stay up Taking the rise out of falls. 54313288. Financial Year 16/17",B15 1RP,PUBLIC,,,
,,17/05/2016,Additions-other equity,"DG: FINANCE, COMMERCIAL & NHS",COMMUNITY HEALTH PARTNERSHIPS (CHP),IAT TRANSFER17/5/16,3000000,,SE1 9BW,PUBLIC,,,
,,17/05/2016,Policy Payments,DG: PUBLIC & INTERNATIONAL HEALTH,LONDON AMBULANCE SERVICE NHS TRUST,LOO11133,414382.84,Reimbursement of military manpower costs for Op PRISMED 3.,SE1 8SD,PUBLIC,,,
,,17/05/2016,Essential Meds SPG - Additions,"DG: INNOVATION, GROWTH & TECHNOLOGY",HAMELN PHARMACEUTICALS LTD,5278808,170210.8,,,SME,,,
,,17/05/2016,Essential Meds SPG - Additions,"DG: INNOVATION, GROWTH & TECHNOLOGY",HAMELN PHARMACEUTICALS LTD,5278808,3.2,,,SME,,,
,,17/05/2016,Essential Meds SPG - Additions,"DG: INNOVATION, GROWTH & TECHNOLOGY",WOCKHARDT UK LTD,90292444,853300.94,,,LARGE,,,
,,17/05/2016,Essential Meds SPG - Additions,"DG: INNOVATION, GROWTH & TECHNOLOGY",WOCKHARDT UK LTD,90292667,787010.25,,,LARGE,,,
,,17/05/2016,Essential Meds SPG - Additions,"DG: INNOVATION, GROWTH & TECHNOLOGY",WOCKHARDT UK LTD,90292872,45360,,,LARGE,,,
,,17/05/2016,Facilities management: contract,DG: GROUP OPERATIONS,EMCOR FACILITIES SERVICES LTD,00417504RI,26925.7,Skipton - Central FM Costs Apr 2016 - Mar 2017 - re cc19182,SO53 3YE,LARGE,,,
,,17/05/2016,Building repairs & maintenance,DG: GROUP OPERATIONS,EMCOR FACILITIES SERVICES LTD,00417507RI,51220.18,Building Maint./Repairs Fixed Costs Apr 2016 - Mar 2017 - SKH,SO53 3YE,LARGE,,,
,,17/05/2016,Cleaning: contract,DG: GROUP OPERATIONS,EMCOR FACILITIES SERVICES LTD,00417507RI,25617.08,Cleaning Fixed Costs Apr 2016 - Mar 2017,SO53 3YE,LARGE,,,
,,17/05/2016,Facilities management: contract,DG: GROUP OPERATIONS,EMCOR FACILITIES SERVICES LTD,00417507RI,23071.6,FM - Fixed Costs from Apr 2016 - Mar 2017 - SKH,SO53 3YE,LARGE,,,
,,17/05/2016,Security: contract,DG: GROUP OPERATIONS,EMCOR FACILITIES SERVICES LTD,00417507RI,30570.97,Security Fixed Costs Apr 2016 - Mar 2017 - SKH,SO53 3YE,LARGE,,,
,,17/05/2016,Building repairs & maintenance,DG: GROUP OPERATIONS,EMCOR FACILITIES SERVICES LTD,00417508RI,53765.57,Building Maint./Repairs Fixed Costs Apr 2016 - Mar 2017 - RH,SO53 3YE,LARGE,,,
,,17/05/2016,Cleaning: contract,DG: GROUP OPERATIONS,EMCOR FACILITIES SERVICES LTD,00417508RI,32174.81,Cleaning Fixed Costs Apr 2016 - Mar 2017 - RH,SO53 3YE,LARGE,,,
,,17/05/2016,Facilities management: contract,DG: GROUP OPERATIONS,EMCOR FACILITIES SERVICES LTD,00417508RI,32547.81,FM - Fixed Costs from Apr 2016 - Mar 2017 - RH,SO53 3YE,LARGE,,,
,,17/05/2016,Security: contract,DG: GROUP OPERATIONS,EMCOR FACILITIES SERVICES LTD,00417508RI,53350.5,Security Fixed Costs Apr 2016 - Mar 2017 - RH,SO53 3YE,LARGE,,,
,,17/05/2016,Building repairs & maintenance,DG: GROUP OPERATIONS,EMCOR FACILITIES SERVICES LTD,00417509RI,45926.1,Building Maint./Repairs Fixed Costs Apr 2016 - Mar 2017 - WEL,SO53 3YE,LARGE,,,
,,17/05/2016,Cleaning: contract,DG: GROUP OPERATIONS,EMCOR FACILITIES SERVICES LTD,00417509RI,22580.37,Cleaning Fixed Costs Apr 2016 - Mar 2017 - WEL,SO53 3YE,LARGE,,,
,,17/05/2016,Facilities management: contract,DG: GROUP OPERATIONS,EMCOR FACILITIES SERVICES LTD,00417509RI,18347.66,FM - Fixed Costs from Apr 2016 - Mar 2017 - WEL,SO53 3YE,LARGE,,,
,,17/05/2016,Security: contract,DG: GROUP OPERATIONS,EMCOR FACILITIES SERVICES LTD,00417509RI,32426.8,Security Fixed Costs Apr 2016 - Mar 2017 - WEL,SO53 3YE,LARGE,,,
,,17/05/2016,Building repairs & maintenance,DG: GROUP OPERATIONS,EMCOR FACILITIES SERVICES LTD,00417510RI,16087.75,Building Maint./Repairs Fixed Costs Apr 2016 - Mar 2017 - CQC,SO53 3YE,LARGE,,,
,,17/05/2016,Cleaning: contract,DG: GROUP OPERATIONS,EMCOR FACILITIES SERVICES LTD,00417510RI,3961.69,Cleaning Fixed Costs Apr 2016 - Mar 2017 - CQC,SO53 3YE,LARGE,,,
,,17/05/2016,Facilities management: contract,DG: GROUP OPERATIONS,EMCOR FACILITIES SERVICES LTD,00417510RI,5048.16,FM - Fixed Costs from Apr 2016 - Mar 2017 - CQC,SO53 3YE,LARGE,,,
,,17/05/2016,Building repairs & maintenance,DG: GROUP OPERATIONS,EMCOR FACILITIES SERVICES LTD,00417513RI,7810.58,Building Maint./Repairs Fixed Costs Apr 2016 - Mar 2017 - PRH,SO53 3YE,LARGE,,,
,,17/05/2016,Cleaning: contract,DG: GROUP OPERATIONS,EMCOR FACILITIES SERVICES LTD,00417513RI,4681.25,Cleaning Fixed Costs Apr 2016 - Mar 2017 - PRH,SO53 3YE,LARGE,,,
,,17/05/2016,Facilities management: contract,DG: GROUP OPERATIONS,EMCOR FACILITIES SERVICES LTD,00417513RI,7880.87,FM - Fixed Costs from Apr 2016 - Mar 2017 - PRH,SO53 3YE,LARGE,,,
,,17/05/2016,Security: contract,DG: GROUP OPERATIONS,EMCOR FACILITIES SERVICES LTD,00417513RI,1679.41,Security Fixed Costs Apr 2016 - Mar 2017 - PRH,SO53 3YE,LARGE,,,
,,17/05/2016,Addition Clearing - IT,DG: GROUP OPERATIONS,ATOS IT SOLUTIONS AND SERVICES LTD,5584210982,38691.25,WR0630-05 - DH Video Conferencing Future Services - Enabling Lync Video calls,WS11 0JA,LARGE,,,
,,17/05/2016,Addition Clearing - IT,DG: GROUP OPERATIONS,ATOS IT SOLUTIONS AND SERVICES LTD,5584210983,40639,WR0630-06: DH Video Bridging Solution,WS11 0JA,LARGE,,,
,,17/05/2016,Addition Clearing - P&M,DG: GROUP OPERATIONS,KIER CONSTRUCTION LTD,CHAPS,568337.88,"Wellington House – Installation of Airedale Chillers, Langlet Roofing System.",SG19 2BD,LARGE,,,
,,17/05/2016,Research & development,DG: RESEARCH & DEVELOPMENT,IMPERIAL COLLEGE LONDON,ERS-555286-120029,38741.71,HTA Commissioned Research,SW7 2AZ,PUBLIC,,,
,,17/05/2016,Research & development,DG: RESEARCH & DEVELOPMENT,ROYAL SURREY COUNTY NHS FOUNDATION TRUST,ERS-555289-120021,2695634,Comprehensive Networks,GU2 7XX,PUBLIC,,,
,,17/05/2016,Research & development,DG: RESEARCH & DEVELOPMENT,BIRMINGHAM UNIVERSITY OF,ERS-555290-120025,44441,NIHR Fellowships,B15 2TT,PUBLIC,,,
,,17/05/2016,Research & development,DG: RESEARCH & DEVELOPMENT,YORK UNIVERSITY OF,ERS-555293-120031,48352.65,HS & DR,YO10 5DD,PUBLIC,,,
,,17/05/2016,Research & development,DG: RESEARCH & DEVELOPMENT,LEICESTER UNIVERSITY OF,ERS-555294-120030,42643,NIHR Fellowships,LE1 7RH,PUBLIC,,,
,,17/05/2016,Research & development,DG: RESEARCH & DEVELOPMENT,BRISTOL UNIVERSITY OF,ERS-555295-120026,35428,NIHR Fellowships,BS8 1TH,PUBLIC,,,
,,17/05/2016,Research & development,DG: RESEARCH & DEVELOPMENT,EXETER UNIVERSITY OF,ERS-555296-120028,157308.66,HTA Researcher Lead,EX4 4QJ,PUBLIC,,,
,,17/05/2016,Research & development,DG: RESEARCH & DEVELOPMENT,CAMBRIDGE UNIVERSITY OF,ERS-555298-120027,49550,PROJECTS,CB2 1TN,PUBLIC,,,
,,17/05/2016,Laser Printer Maintenance,DG: STRATEGY & EXTERNAL RELATIONS,TEFFONT BUSINESS SYSTEMS LTD,40001876,102,,BS37 5NH,SME,,,
,,17/05/2016,Telphone Charges,DG: STRATEGY & EXTERNAL RELATIONS,CITRIX ONLINE UK LTD,40001877,80.64,,SL9 0DZ,SME,,,
,,17/05/2016,Telphone Charges,DG: STRATEGY & EXTERNAL RELATIONS,CITRIX ONLINE UK LTD,40001878,80.64,,SL9 0DZ,SME,,,
,,17/05/2016,Telphone Charges,DG: STRATEGY & EXTERNAL RELATIONS,CITRIX ONLINE UK LTD,40001879,80.64,,SL9 0DZ,SME,,,
,,18/05/2016,Addition Clearing - SW LIC,"DG: INNOVATION, GROWTH & TECHNOLOGY",BJSS LTD,15009,153892.05,Capital 2015/16 Spine 2 BJSS Core Collaborative Development Call-Off Contract Jan - Mar 2016,LS1 2TW,SME,,,
,,18/05/2016,Service charge,"DG: INNOVATION, GROWTH & TECHNOLOGY",IMS Health Technology Services Limited,4122001144,78062.96,"Revenue: 2015/16 SUS Spine IMS Health  CCN 001 SUS Live Service Agreement 12 Month Contract 1516	 ",ST8 0LQ,LARGE,,,
,,18/05/2016,Service charge,"DG: INNOVATION, GROWTH & TECHNOLOGY",IMS Health Technology Services Limited,4122001144,7614.04,Revenue 2015/16 CCN 001SUS Live Service agreement 12 Month contract 15/16 - Additional PO to cover indexation,ST8 0LQ,LARGE,,,
,,18/05/2016,Service charge,"DG: INNOVATION, GROWTH & TECHNOLOGY",CABLE AND WIRELESS COMMUNICATION (VODAFONE),461497,96756.22,NHS Mail ext: revenue 15/16: charges for the period commencing FY15/16: CCN126 Transitional Assistance Resources,RG12 1RW,LARGE,,,
,,18/05/2016,Service charge,"DG: INNOVATION, GROWTH & TECHNOLOGY",MASTEK UK LTD,90336097,209831.79,Revenue 2016/17 SUS Spine Mastek: HSCIC _ Pheonix SUS post Dec14 Ser FB - Key Milestone 1 Workpackage 8 - Apr- May 16,RG1 8BW,LARGE,,,
,,18/05/2016,Provisions cash payment,DG: PUBLIC & INTERNATIONAL HEALTH,PGO FOREIGN CURRENCY PAYMENTS,FT/16134/00557,2151740.48,,RH10 1UH,PUBLIC,,,
,,18/05/2016,Essential Meds SPG - Additions,"DG: INNOVATION, GROWTH & TECHNOLOGY",MARTINDALE PHARMACEUTICALS LTD,90192652,27423.96,,,LARGE,,,
,,19/05/2016,Service charge,"DG: FINANCE, COMMERCIAL & NHS",NHS SHARED BUSINESS SERVICES SBS,100040920,27083.33,SBS- Digital Archive Services - Annual Service Charge,WF3 1WE,PUBLIC,,,
,,19/05/2016,Outsourcing Contract,DG: STRATEGY & EXTERNAL RELATIONS,IPSOS MORI UK LTD,16000364,60000,Delivery of the Public Perceptions of Health and Care survey (first wave),HA1 1PT,LARGE,,,
,,19/05/2016,Outsourcing Contract,DG: STRATEGY & EXTERNAL RELATIONS,IPSOS MORI UK LTD,16000560,55000,Delivery of the Public Perceptions of Health and Care survey (first wave),HA1 1PT,LARGE,,,
,,19/05/2016,Addition Clearing - IT,DG: STRATEGY & EXTERNAL RELATIONS,IBM UK LTD,5804162042,266020.41,ESR Transition - GMPTC,PO6 3AU,LARGE,,,
,,19/05/2016,Addition Clearing - IT,DG: STRATEGY & EXTERNAL RELATIONS,IBM UK LTD,5804162043,399030.61,ESR Transition - T1.4 Including Retention,PO6 3AU,LARGE,,,
,,19/05/2016,Addition Clearing - IT,DG: STRATEGY & EXTERNAL RELATIONS,IBM UK LTD,5804162044,509648.33,ESR Transition - T1.4 Including Retention,PO6 3AU,LARGE,,,
,,19/05/2016,Revenue Grants to non-profit institutions,"DG: SOCIAL CARE, LOCAL GROWTH & CARE PARTNERSHIPS",CARERS UK,ERS-555373-120081,48750,2016/011 SPP002 Carers UK - Strategic Partner 16/17,SE1 4LX,VCS,,,
,,19/05/2016,Revenue Grants to non-profit institutions,"DG: SOCIAL CARE, LOCAL GROWTH & CARE PARTNERSHIPS",LIFELINE COMMUNITY PROJECTS,ERS-555374-120101,45432,2016/011 SPP005 Lifeline Community Projects - Strategic Partner 16/17,RM8 3QS,VCS,,,
,,19/05/2016,Policy Payments,"DG: SOCIAL CARE, LOCAL GROWTH & CARE PARTNERSHIPS",HOMES AND COMMUNITIES AGENCY (HCA),S0011984,174222,Homelessness Change Funding for 2016/2017,NE11 0NA,PUBLIC,,,
,,19/05/2016,Essential Meds SPG - Additions,"DG: INNOVATION, GROWTH & TECHNOLOGY",Crescent Pharma Ltd,19593,419898.58,,,LARGE,,,
,,19/05/2016,Essential Meds SPG - Additions,"DG: INNOVATION, GROWTH & TECHNOLOGY",Crescent Pharma Ltd,19593,1.84,,,LARGE,,,
,,19/05/2016,Essential Meds SPG - Additions,"DG: INNOVATION, GROWTH & TECHNOLOGY",Synchrony Pharma Ltd,16044,162690,,,LARGE,,,
,,19/05/2016,Outsourcing Contract,DG: GROUP OPERATIONS,NHS SHARED BUSINESS SERVICES SBS,100040918,90833.18,BMS Support 1 April - 31 March 2017,WF3 1WE,PUBLIC,,,
,,19/05/2016,Research & development,DG: RESEARCH & DEVELOPMENT,KENT UNIVERSITY OF,ERS-555363-120065,25161,PROJECTS,CT2 7NZ,PUBLIC,,,
,,19/05/2016,Research & development,DG: RESEARCH & DEVELOPMENT,GLASGOW UNIVERSITY OF,ERS-555364-120063,73592.64,HTA Commissioned Research,G12 8QQ,PUBLIC,,,
,,19/05/2016,Research & development,DG: RESEARCH & DEVELOPMENT,BIRMINGHAM WOMENS NHS FOUNDATION TRUST,ERS-555367-120061,42118.01,HTA Researcher Lead,B16 6TW,PUBLIC,,,
,,19/05/2016,Research & development,DG: RESEARCH & DEVELOPMENT,MANCHESTER MENTAL HEALTH & SOCIAL CARE TRUST,ERS-555368-120068,36384.51,HTA Commissioned Research,M21 9UN,PUBLIC,,,
,,19/05/2016,Research & development,DG: RESEARCH & DEVELOPMENT,GLASGOW UNIVERSITY OF,ERS-555370-120064,32963.4,HTA Researcher Lead,G12 8QQ,PUBLIC,,,
,,19/05/2016,Research & development,DG: RESEARCH & DEVELOPMENT,NOTTINGHAM UNIVERSITY OF,ERS-555376-120125,70000,HTA - Support for Clinical Trials,NG7 2RD,PUBLIC,,,
,,19/05/2016,Research & development,DG: RESEARCH & DEVELOPMENT,EAST ANGLIA UNIVERSITY OF,ERS-555377-120122,51250,HTA - Support for Clinical Trials,NR4 7TJ,PUBLIC,,,
,,19/05/2016,Research & development,DG: RESEARCH & DEVELOPMENT,KINGS COLLEGE LONDON,ERS-555378-120124,76250,HTA - Support for Clinical Trials,SE1 8WA,PUBLIC,,,
,,19/05/2016,Research & development,DG: RESEARCH & DEVELOPMENT,IMPERIAL COLLEGE LONDON,ERS-555379-120123,43750,HTA - Support for Clinical Trials,SW7 2AZ,PUBLIC,,,
,,19/05/2016,Research & development,DG: RESEARCH & DEVELOPMENT,BIRMINGHAM UNIVERSITY OF,ERS-555380-120121,112500,HTA - Support for Clinical Trials,B15 2TT,PUBLIC,,,
,,19/05/2016,Research & development,DG: RESEARCH & DEVELOPMENT,UNIVERSITY HOSPITAL BIRMINGHAM NHS FOUNDATION TRUST,ERS-555392-120141,104217.46,Invention for Innovation,B15 2PR,PUBLIC,,,
,,19/05/2016,Research & development,DG: RESEARCH & DEVELOPMENT,MANCHESTER UNIVERSITY OF,ERS-555393-120144,61109,Invention for Innovation,M13 9PL,PUBLIC,,,
,,19/05/2016,Research & development,DG: RESEARCH & DEVELOPMENT,UNIVERSITY COLLEGE LONDON UCL,ERS-555394-120143,59155,Invention for Innovation,WC1E 6BT,PUBLIC,,,
,,20/05/2016,Outsourcing Contract,"DG: FINANCE, COMMERCIAL & NHS",OFFICE FOR NATIONAL STATISTICS ONS,1031888,29915.25,"The provision of and analysis of national statistics on cancer registration in England, 2015-16.",NP10 8XG,PUBLIC,,,
,,20/05/2016,Service charge,"DG: INNOVATION, GROWTH & TECHNOLOGY",CSC COMPUTER SCIENCES LTD,5201451881,740590.74,Revenue 2016/17 NME LSP (Lorenzo) - Committed service charges for April & May '16,GU11 1PZ,LARGE,,,
,,20/05/2016,DH Support to Mergers,DG: Central Technical,CHELSEA AND WESTMINSTER HOSPITAL NHS FOUNDATION TRUST,52756439,1241000,West Middlesex University Hospital Transformation,SW10 9NH,PUBLIC,,,
,,20/05/2016,Outsourcing Contract,DG: STRATEGY & EXTERNAL RELATIONS,IBM UK LTD,5804161080,1963610.62,DH/IBM ESR Contract - Service Charges,PO6 3AU,LARGE,,,
,,20/05/2016,Addition Clearing - IT,DG: STRATEGY & EXTERNAL RELATIONS,IBM UK LTD,5804162040,42301.09,ESR Transition - GMPTC,PO6 3AU,LARGE,,,
,,20/05/2016,Addition Clearing - IT,DG: STRATEGY & EXTERNAL RELATIONS,IBM UK LTD,5804162041,242914.08,ESR Transition - T1.3 Including Retention,PO6 3AU,LARGE,,,
,,20/05/2016,Addition Clearing - SW LIC,"DG: INNOVATION, GROWTH & TECHNOLOGY",EGTON MEDICAL INFORMATION SYSTEMS LTD,EM-SINV005318,215884.33,Capital GPSOC Replacement 2015/16 Main License Fee,LS19 7BY,LARGE,,,
,,20/05/2016,Addition Clearing - SW LIC,"DG: INNOVATION, GROWTH & TECHNOLOGY",EGTON MEDICAL INFORMATION SYSTEMS LTD,EM-SINV005320,108681.45,Capital GPSOC Replacement 2015/16 Main License Fee,LS19 7BY,LARGE,,,
,,20/05/2016,Addition Clearing - SW LIC,"DG: INNOVATION, GROWTH & TECHNOLOGY",EGTON MEDICAL INFORMATION SYSTEMS LTD,EM-SINV005320,95200,"Capital: 2015/16 GPSoC EMIS charges for the Period Commencing  01.04.2015 to 31.03.2016: Subsidiary Module Software and Support Charges	 ",LS19 7BY,LARGE,,,
,,20/05/2016,Service charge,"DG: INNOVATION, GROWTH & TECHNOLOGY",EGTON MEDICAL INFORMATION SYSTEMS LTD,EM-SINV005320,116079.1,Revenue: 2015/16 GPSoC Revenue charges  01.04.2015 to 31.03.2016: System support charges Training Charges Utilisation charges Interface Mechanism charges Pairing Assurance service charges Development charges Hosting service char,LS19 7BY,LARGE,,,
,,20/05/2016,Revenue Grants to non-profit institutions,"DG: INNOVATION, GROWTH & TECHNOLOGY",Northern Health Science Alliance Ltd,ERS-555426-120161,403434,2015/021 Northern Health Science Alliance - Connected Health Cities,M2 4PD,LARGE,,,
,,20/05/2016,Essential Meds SPG - Additions,"DG: INNOVATION, GROWTH & TECHNOLOGY",ACCORD HEALTHCARE LTD,DAADF82035,178767,,,LARGE,,,
,,20/05/2016,Refreshments,DG: STRATEGY & EXTERNAL RELATIONS,CAROLS CATERING,40001880,56.88,,S10 1SF,SME,,,
,,20/05/2016,Data Communication Lines,DG: STRATEGY & EXTERNAL RELATIONS,VIRGIN MEDIA PAYMENTS LTD,40001881,46.8,,BN13 1XP,LARGE,,,
,,20/05/2016,Telphone Charges,DG: STRATEGY & EXTERNAL RELATIONS,HEALTH EDUCATION ENGLAND,40001882,417.01,,WF3 1WE,PUBLIC,,,
,,23/05/2016,Arm Length Bodies-Revenue Subsidy,DG: PUBLIC & INTERNATIONAL HEALTH,NHS BLOOD AND TRANSPLANT (NHSBT),953673,16525000,NHS Blood and Transplant (NHSBT)'s 2016/17 Revenue Allocation.,LS15 7TW,PUBLIC,,,
,,23/05/2016,Revenue Grants to non-profit institutions,"DG: SOCIAL CARE, LOCAL GROWTH & CARE PARTNERSHIPS",Parkrun Ltd,ERS-555443-120181,75350,Parkrun Ltd. IESD. 54331346. Increasing Physical Activity and Social Engagment. 16/17,HG2 0DR,VCS,,,
,,23/05/2016,Revenue Grants to non-profit institutions,"DG: SOCIAL CARE, LOCAL GROWTH & CARE PARTNERSHIPS",National Learning and Work Institute,ERS-555458-120201,29927,IESD 2015-16 - 54301968 - NIACE - YAC Positive Career Choices,LE1 7GE,VCS,,,
,,23/05/2016,Additions NHS Trust Capital Investment Loans,DG: Central Technical,LEICESTERSHIRE PARTNERSHIP NHS TRUST,HAFS-21113,1000000,,LE19 1SS,PUBLIC,,,
,,23/05/2016,Additions PDC Capital Support NHS FT Permenant,DG: Central Technical,ROYAL FREE LONDON NHS FOUNDATION TRUST,HAFS-21114,4858000,,NW3 2QG,PUBLIC,,,
,,23/05/2016,Additions PDC Revenue Support NHS FT Permanent,DG: Central Technical,ROYAL UNITED HOSPITALS BATH NHS FOUNDATION TRUST,HAFS-21115,627000,,BA1 3NG,PUBLIC,,,
,,23/05/2016,Additions NHS FTs Capital Investment Loans,DG: Central Technical,ROYAL UNITED HOSPITALS BATH NHS FOUNDATION TRUST,HAFS-21116,4665000,,BA1 3NG,PUBLIC,,,
,,23/05/2016,Additions NHS FTs Working Capital Loans,DG: Central Technical,SOUTH TYNESIDE NHS FOUNDATION TRUST,HAFS-21117,3500000,,NE34 0PL,PUBLIC,,,
,,23/05/2016,Additions NHS FTs Capital Investment Loans,DG: Central Technical,THE WALTON CENTRE NHS FOUNDATION TRUST,HAFS-21118,800000,,L9 7LJ,PUBLIC,,,
,,23/05/2016,Additions PDC Capital Support NHS T Permenant,DG: Central Technical,UNIVERSITY HOSPITALS OF NORTH MIDLANDS NHS TRUST.,HAFS-21119,1411000,,ST4 7LN,PUBLIC,,,
,,23/05/2016,Provisions cash payment,DG: PUBLIC & INTERNATIONAL HEALTH,THE MACFARLANE TRUST,MFT-01/2016-17,498659,Macfarlane Trust funding 2016-17,SW1H 0QS,VCS,,,
,,23/05/2016,Essential Meds SPG - Additions,"DG: INNOVATION, GROWTH & TECHNOLOGY",Peckforton Pharmaceuticals Ltd,3073,66149.51,,,SME,,,
,,23/05/2016,Essential Meds SPG - Additions,"DG: INNOVATION, GROWTH & TECHNOLOGY",FERRING PHARMACEUTICALS LTD,INV00155117,1476507.63,,,LARGE,,,
,,23/05/2016,Essential Meds SPG - Additions,"DG: INNOVATION, GROWTH & TECHNOLOGY",FERRING PHARMACEUTICALS LTD,INV00155117,50.89,,,LARGE,,,
,,24/05/2016,Radio communications,"DG: FINANCE, COMMERCIAL & NHS",TERRAFIX LTD,114367,35061.02,"Year 4 of 5 Reporting Server Annual Maintenance charge for 8 trusts i.e.EEAS, GWAS, EMAS, SECAMB, SCAS, WMAS, NEAS and YAS	 ",ST6 5PD,SME,,,
,,24/05/2016,Revenue Grants to non-profit institutions,"DG: SOCIAL CARE, LOCAL GROWTH & CARE PARTNERSHIPS",MACINTYRE CARE,ERS-555473-120221,68736,2015-16 IESD -MacIntyre Care - project MacIntyre dementia care - AIMS ref 54282576,MK9 2JA,VCS,,,
,,24/05/2016,Policy Payments,DG: PUBLIC & INTERNATIONAL HEALTH,RURAL PAYMENTS AGENCY (RPA),SMTP15/16Q47FQ5701,40017.13,Rural Payments Agency (RPA) - National Top-UP of the EU School Milk Scheme Co-Funding  - 2015/16,RG13BV,PUBLIC,,,
,,24/05/2016,Essential Meds SPG - Additions,"DG: INNOVATION, GROWTH & TECHNOLOGY",TEVA UK LTD,2310446457,2080960.3,,,LARGE,,,
,,24/05/2016,Essential Meds SPG - Additions,"DG: INNOVATION, GROWTH & TECHNOLOGY",TEVA UK LTD,2310446457,0.1,,,LARGE,,,
,,24/05/2016,Outsourcing Contract,DG: GROUP OPERATIONS,ATOS IT SOLUTIONS AND SERVICES LTD,5584211335,37499,Replaces PO525684 WR0879 -Videoconferencing Managed Service from 1 Jan - 30 Jun 2016.,WS11 0JA,LARGE,,,
,,24/05/2016,Outsourcing Contract,DG: GROUP OPERATIONS,ATOS IT SOLUTIONS AND SERVICES LTD,5584211338,197725.2,IMS3 - Telephony - Managed Agency Service (MAS) - payment to 3rd party telephony suppliers. Add to PO520850,WS11 0JA,LARGE,,,
,,24/05/2016,Outsourcing Contract,DG: GROUP OPERATIONS,ATOS IT SOLUTIONS AND SERVICES LTD,5584211340,130094.28,FY - 2016/17 -  IMS3 - Telephony - Managed Agency Service (MAS) - payment to 3rd party telephony suppliers,WS11 0JA,LARGE,,,
,,24/05/2016,Research & development,DG: RESEARCH & DEVELOPMENT,LEEDS TEACHING HOSPITAL NHS TRUST,1410043390,81071.55,NCCRCD Management,LS9 7TF,PUBLIC,,,
,,24/05/2016,Research & development,DG: RESEARCH & DEVELOPMENT,LEEDS TEACHING HOSPITAL NHS TRUST,1410043391,33131.19,NCCRCD Management,LS9 7TF,PUBLIC,,,
,,24/05/2016,Research & development,DG: RESEARCH & DEVELOPMENT,LEEDS TEACHING HOSPITAL NHS TRUST,1410044875,152172.24,NCCRCD Management,LS9 7TF,PUBLIC,,,
,,24/05/2016,Research & development,DG: RESEARCH & DEVELOPMENT,LEEDS TEACHING HOSPITAL NHS TRUST,1410044876,23869.05,NCCRCD Management,LS9 7TF,PUBLIC,,,
,,25/05/2016,DH Support to Mergers,DG: Central Technical,UNIVERSITY HOSPITALS OF NORTH MIDLANDS NHS TRUST.,477438,4979583,Stafford transition and integration costs,ST4 7LN,PUBLIC,,,
,,25/05/2016,DH Support to Mergers,DG: Central Technical,UNIVERSITY HOSPITALS OF NORTH MIDLANDS NHS TRUST.,477439,4979583,Stafford transition and integration costs,ST4 7LN,PUBLIC,,,
,,25/05/2016,DH Support to Mergers,DG: Central Technical,UNIVERSITY HOSPITALS OF NORTH MIDLANDS NHS TRUST.,478120,4979583,Stafford transition and integration costs,ST4 7LN,PUBLIC,,,
,,25/05/2016,Addition Clearing - SW LIC,"DG: INNOVATION, GROWTH & TECHNOLOGY",BJSS LTD,15305,159226.66,"Capital 2015/16 eRS - 9  weeks extension supporting GDS review BJS1-2-006 BJSS, which includes 4 weeks to 31st March 2016, which are within the budget which has been set for 2015/16",LS1 2TW,SME,,,
,,25/05/2016,Service charge,"DG: INNOVATION, GROWTH & TECHNOLOGY",BJSS LTD,15306,172496,"Revenue 2015/16 eRS - 9  weeks extension supporting GDS review BJS1-2-006 BJSS, which includes 4 weeks to 31st March 2016, which are within the budget which has been set for 2015/16",LS1 2TW,SME,,,
,,25/05/2016,Addition Clearing - SW LIC,"DG: INNOVATION, GROWTH & TECHNOLOGY",BJSS LTD,15307,193921.78,"Capital 2015/16 eRS - 9  weeks extension supporting GDS review BJS1-2-006 BJSS, which includes 4 weeks to 31st March 2016, which are within the budget which has been set for 2015/16",LS1 2TW,SME,,,
,,25/05/2016,Service charge,"DG: INNOVATION, GROWTH & TECHNOLOGY",CSC COMPUTER SCIENCES LTD,5201451880,5862459.3,Revenue 2016/17 NME LSP (Non Lorenzo) - Committed service charges for April & May '16,GU11 1PZ,LARGE,,,
,,25/05/2016,Addition Clearing - SW LIC,"DG: INNOVATION, GROWTH & TECHNOLOGY",PCTI Solutions Limited,57654,603768.17,Capital 2015/16 GPSoC Replacement charges Subsidary ( DOC MAN),WF10 5QU,SME,,,
,,25/05/2016,Service charge,"DG: INNOVATION, GROWTH & TECHNOLOGY",PCTI Solutions Limited,57654,131814.46,"Revenue:  F/Y 2015/16 GPSoC PCTI - Charges for the Period Commencing  01.04.2015 to 31.03.2016: Subsidiary Module Software and Support Charges""	 ",WF10 5QU,SME,,,
,,25/05/2016,Service charge,"DG: INNOVATION, GROWTH & TECHNOLOGY",EGTON MEDICAL INFORMATION SYSTEMS LTD,EM-SINV005344,1844779.92,"Revenue 2016/17 GPSoC Replacement EMIS - Charges for the Period Commencing 01/04/2016 to 31/05/2016. System support charges, Training Charges, Interface Mechanism charges, Pairing Assurance service charges, Hosting service charges",LS19 7BY,LARGE,,,
,,25/05/2016,Capital Grants to non-profit institutions,DG: STRATEGY & EXTERNAL RELATIONS,SKILLS FOR CARE LTD,ERS-555525-120281,82000,2016/010b Skills for Care - 2016/17 Capital Grant,LS1 2RP,VCS,,,
,,25/05/2016,Revenue Grants to non-profit institutions,DG: STRATEGY & EXTERNAL RELATIONS,SKILLS FOR CARE LTD,ERS-555527-120301,1606000,2016/010a Skills for Care - 2016/17 Revenue Grant,LS1 2RP,VCS,,,
,,25/05/2016,Revenue Grants to non-profit institutions,"DG: SOCIAL CARE, LOCAL GROWTH & CARE PARTNERSHIPS",INSTITUTE FOR PUBLIC POLICY RESEARCH,ERS-555537-120321,2300000,2016/002 IPPR - Think Ahead,WC2N 6DF,PUBLIC,,,
,,25/05/2016,Revenue Grants to non-profit institutions,"DG: SOCIAL CARE, LOCAL GROWTH & CARE PARTNERSHIPS",AMBITIOUS ABOUT AUTISM,ERS-555542-120341,91885,HSCVF Grant - Ambitious about autism (Woodside Avenue) - 2013/National/008,N10 3JA,VCS,,,
,,25/05/2016,Addition Clearing - SW LIC,"DG: INNOVATION, GROWTH & TECHNOLOGY",THE PHOENIX PARTNERSHIP (LEEDS) LTD,GPSOC024A,19422,"Capital: 2015/16 GPSoC TPP -  charges for the Period Commencing  01.04.2015 to 31.03.2016: Migration Charges National Functionality Deployment Development Charges 	 ",LS18 5TN,SME,,,
,,25/05/2016,Addition Clearing - SW LIC,"DG: INNOVATION, GROWTH & TECHNOLOGY",THE PHOENIX PARTNERSHIP (LEEDS) LTD,GPSOC024A,837493.21,Capital GPSoC Replacement 2015/16 Charges for software  Main license Fee,LS18 5TN,SME,,,
,,25/05/2016,Service charge,"DG: INNOVATION, GROWTH & TECHNOLOGY",THE PHOENIX PARTNERSHIP (LEEDS) LTD,GPSOC024A,278031.98,Revenue:TPP GPSoC charges for the P/C 01.04.2015 to 31.03.2016: System support charges Training Charges Utilisation charges Interface Mechanism charges Pairing Assurance service charges Development charges Hosting service charges,LS18 5TN,SME,,,
,,25/05/2016,Addition Clearing - SW LIC,"DG: INNOVATION, GROWTH & TECHNOLOGY",THE PHOENIX PARTNERSHIP (LEEDS) LTD,GPSOC024C,139696.2,Capital 2015/16 GPSoC Replacement charges for the  Period commencing: Software Licence Charges - Subsidary module - Appointments 01/04/2016 - 31/12/2016,LS18 5TN,SME,,,
,,25/05/2016,Service charge,"DG: INNOVATION, GROWTH & TECHNOLOGY",THE PHOENIX PARTNERSHIP (LEEDS) LTD,GPSOC024C,6313.48,Revenue: F/Y 2015/16 TPP GPSoC. Charges for the Period Commencing  01.04.2015 to 31.03.2016: Subsidiary Module – Appointments: System support charges ,LS18 5TN,SME,,,
,,25/05/2016,Service charge,"DG: INNOVATION, GROWTH & TECHNOLOGY",THE PHOENIX PARTNERSHIP (LEEDS) LTD,GPSOC024C,2785.1,Revenue 2015/16 GPSoC Replacement Software Support and Maintenance Charges - Subsidary module - Appointments  FY 1516. 01/10/2015 - 31/03/2016,LS18 5TN,SME,,,
,,25/05/2016,Outsourcing Contract,DG: GROUP OPERATIONS,ATOS IT SOLUTIONS AND SERVICES LTD,5584211430,1483759.55,April 2016 IMS3 Open Service charges,NW1 3HG,LARGE,,,
,,25/05/2016,Outsourcing Contract,DG: GROUP OPERATIONS,ATOS IT SOLUTIONS AND SERVICES LTD,5584211432,50108.97,April 2016 IMS3 Open Service charges,WS11 0JA,LARGE,,,
,,25/05/2016,Research & development,DG: RESEARCH & DEVELOPMENT,RAND EUROPE CIC,16299/10073-74,95776.01,PROJECTS,CB4 1YG,SME,,,
,,25/05/2016,Research & development,DG: RESEARCH & DEVELOPMENT,ALDER HEY CHILDRENS NHS FOUNDATION TRUST,ERS-555484-120242,29643,AD-HOC - ETC,L12 2AP,PUBLIC,,,
,,25/05/2016,Research & development,DG: RESEARCH & DEVELOPMENT,LEEDS TEACHING HOSPITAL NHS TRUST,ERS-555498-120252,193344,Research Capability Funding (STANDARD),LS9 7TF,PUBLIC,,,
,,25/05/2016,Research & development,DG: RESEARCH & DEVELOPMENT,ROYAL DEVON AND EXETER NHS FOUNDATION TRUST,ERS-555500-120247,24731,AD-HOC - ETC,EX2 5DW,PUBLIC,,,
,,25/05/2016,Research & development,DG: RESEARCH & DEVELOPMENT,ROYAL DEVON AND EXETER NHS FOUNDATION TRUST,ERS-555500-120247,1954,AD-HOC - ETC,EX2 5DW,PUBLIC,,,
,,25/05/2016,Research & development,DG: RESEARCH & DEVELOPMENT,OXFORD UNIVERSITY OF,ERS-555502-120261,50808.12,HTA Researcher Lead,OX1 2XN,PUBLIC,,,
,,25/05/2016,Research & development,DG: RESEARCH & DEVELOPMENT,UNIVERSITY HOSPITALS BRISTOL NHS FOUNDATION TRUST,ERS-555503-120241,216689,HTA Researcher Lead,BS99 1YF,PUBLIC,,,
,,25/05/2016,Research & development,DG: RESEARCH & DEVELOPMENT,HUDDERSFIELD UNIVERSITY OF,ERS-555504-120259,45487.04,HTA Commissioned Research,HD1 3DH,PUBLIC,,,
,,25/05/2016,Research & development,DG: RESEARCH & DEVELOPMENT,OXFORD UNIVERSITY HOSPITALS NHS FOUNDATION TRUST,ERS-555506-120255,28500,AD-HOC - ETC,OX3 7HE,PUBLIC,,,
,,25/05/2016,Research & development,DG: RESEARCH & DEVELOPMENT,OXFORD UNIVERSITY HOSPITALS NHS FOUNDATION TRUST,ERS-555506-120255,9500,AD-HOC - ETC,OX3 7HE,PUBLIC,,,
,,26/05/2016,Outsourcing Contract,DG: PUBLIC & INTERNATIONAL HEALTH,NHS SUPPLY CHAIN,9047000006,611926.58,NHS Supply Chain - School Fruit Vegetable Scheme (SFVS) Distributor funding 2016/17 - 1st April to 31st May 2016,DE55 4QJ,PUBLIC,,,
,,26/05/2016,Outsourcing Contract,DG: PUBLIC & INTERNATIONAL HEALTH,NHS SUPPLY CHAIN,9047000007,1862319.62,NHS Supply Chain - School Fruit Vegetable Scheme (SFVS) Distributor funding 2016/17 - 1st April to 31st May 2016,DE55 4QJ,PUBLIC,,,
,,26/05/2016,Outsourcing Contract,DG: PUBLIC & INTERNATIONAL HEALTH,NHS SUPPLY CHAIN,9047000008,49884.87,NHS Supply Chain - School Fruit Vegetable Scheme (SFVS) Distributor funding 2016/17 - 1st April to 31st May 2016,DE55 4QJ,PUBLIC,,,
,,26/05/2016,Publicity & advertising,DG: STRATEGY & EXTERNAL RELATIONS,Runtime Collective Ltd T/A Brandwatch,INV00048368,21600,Social media monitoring and analysis tool,BN11UJ,SME,,,
,,26/05/2016,Research & development,DG: RESEARCH & DEVELOPMENT,IMPERIAL COLLEGE LONDON,ERS-555573-120361,262769,Invention for Innovation,SW7 2AZ,PUBLIC,,,
,,26/05/2016,Research & development,DG: RESEARCH & DEVELOPMENT,SWANSEA UNIVERSITY,ERS-555575-120362,34555.05,HS & DR,SA2 8PP,PUBLIC,,,
,,26/05/2016,Research & development,DG: RESEARCH & DEVELOPMENT,BIRMINGHAM UNIVERSITY OF,ERS-555593-120384,129186.08,HTA Commissioned Research,B15 2TT,PUBLIC,,,
,,26/05/2016,Research & development,DG: RESEARCH & DEVELOPMENT,ST GEORGES HOSPITAL MEDICAL SCHOOL,ERS-555594-120390,53220.08,HTA Researcher Lead,SW17 0RE,PUBLIC,,,
,,26/05/2016,Research & development,DG: RESEARCH & DEVELOPMENT,EXETER UNIVERSITY OF,ERS-555601-120385,32615.83,NIHR Fellowships,EX4 4QJ,PUBLIC,,,
,,26/05/2016,Research & development,DG: RESEARCH & DEVELOPMENT,CAMBRIDGE UNIVERSITY OF,ERS-555603-120414,35087,Cancer - Prostate,CB2 1TN,PUBLIC,,,
,,26/05/2016,Research & development,DG: RESEARCH & DEVELOPMENT,BRISTOL UNIVERSITY OF,ERS-555604-120413,55495,Cancer - Prostate,BS8 1TH,PUBLIC,,,
,,26/05/2016,Research & development,DG: RESEARCH & DEVELOPMENT,OXFORD UNIVERSITY OF,ERS-555609-120423,51245,Cancer - Prostate,OX1 2XN,PUBLIC,,,
,,26/05/2016,Research & development,DG: RESEARCH & DEVELOPMENT,DUNDEE UNIVERSITY OF,ERS-555614-120417,25562.42,HTA Commissioned Research,DD1 4HN,PUBLIC,,,
,,26/05/2016,Research & development,DG: RESEARCH & DEVELOPMENT,YORK UNIVERSITY OF,ERS-555631-120431,40676,Targeted Capacity Building,YO10 5DD,PUBLIC,,,
,,27/05/2016,Revenue Grants to non-profit institutions,"DG: SOCIAL CARE, LOCAL GROWTH & CARE PARTNERSHIPS",ROYAL MENCAP SOCIETY,ERS-555667-120501,43333,2016/011 SPP004 Mencap - Strategic Partner 2016/17,EC1Y 0RT,VCS,,,
,,27/05/2016,Revenue Grants to non-profit institutions,"DG: SOCIAL CARE, LOCAL GROWTH & CARE PARTNERSHIPS",THE MENS HEALTH FORUM,ERS-555668-120521,46250,2016/011 SPP007 Men's Health Forum - Strategic Partner 16/17,SE1 0EH,VCS,,,
,,27/05/2016,Revenue Grants to non-profit institutions,"DG: SOCIAL CARE, LOCAL GROWTH & CARE PARTNERSHIPS",MENTAL HEALTH PROVIDERS FORUM,ERS-555671-120541,45250,2016/011 SPP008 Mental Health Providers Forum - Strategic Partner 16/17,EC1V 9BE,VCS,,,
,,27/05/2016,Revenue Grants to non-profit institutions,"DG: SOCIAL CARE, LOCAL GROWTH & CARE PARTNERSHIPS",NATIONAL CHILDRENS BUREAU LTD,ERS-555674-120561,45187,2016/011 SPP010 National Children's Bureau - Strategic Partner 16/17,EC1V 7QE,VCS,,,
,,27/05/2016,Revenue Grants to non-profit institutions,"DG: SOCIAL CARE, LOCAL GROWTH & CARE PARTNERSHIPS",LGBT Foundation,ERS-555679-120581,46500,2016/011 SPP012 LGBT Foundation - Strategic Partner 2016/17,M1 3HF,VCS,,,
,,27/05/2016,Revenue Grants to non-profit institutions,"DG: SOCIAL CARE, LOCAL GROWTH & CARE PARTNERSHIPS",NATIONAL VOICES,ERS-555681-120601,50000,2016/011 SPP013 National Voices - Strategic Partner 16/17,EC4Y 8EE,VCS,,,
,,27/05/2016,Revenue Grants to non-profit institutions,"DG: SOCIAL CARE, LOCAL GROWTH & CARE PARTNERSHIPS",THE NATIONAL COUNCIL FOR PALLIATIVE CARE,ERS-555684-120621,45135,2016/011 SPP016 The National Council for Palliative Care - Strategic Partner 2016/17,N7 9AS,VCS,,,
,,27/05/2016,Revenue Grants to non-profit institutions,"DG: SOCIAL CARE, LOCAL GROWTH & CARE PARTNERSHIPS",RACE EQUALITY FOUNDATION,ERS-555688-120641,45250,2016/011 SPP017 Race Equality Foundation - Strategic Partner 16/17,NW5 1LB,VCS,,,
,,27/05/2016,Revenue Grants to non-profit institutions,"DG: SOCIAL CARE, LOCAL GROWTH & CARE PARTNERSHIPS",VOLUNTARY ORGANISATION NETWORK NORTH EAST (VONNE),ERS-555689-120661,49797,2016/011 SPP018 Voluntary Organisations Network North East - Strategic Partner 16/17,NE1 6SU,VCS,,,
,,27/05/2016,Revenue Grants to non-profit institutions,"DG: SOCIAL CARE, LOCAL GROWTH & CARE PARTNERSHIPS",UK HEALTH FORUM,ERS-555690-120681,50000,2016/011 SPP019 UK Health Forum - Strategic Partner 16/17,EC4Y 8JX,VCS,,,
,,27/05/2016,Revenue Grants to non-profit institutions,"DG: SOCIAL CARE, LOCAL GROWTH & CARE PARTNERSHIPS",VOLUNTEERING MATTERS,ERS-555693-120701,47500,2016/011 SPP003 Volunteering Matters - Strategic Partner 16/17,N1 9NJ,VCS,,,
,,27/05/2016,Revenue Grants to non-profit institutions,"DG: SOCIAL CARE, LOCAL GROWTH & CARE PARTNERSHIPS",WOMEN'S RESOURCE CENTRE,ERS-555694-120721,45250,2016/011 SPP020 Women's Resource Centre - Strategic Partner 2016/17,N7 9DP,VCS,,,
,,27/05/2016,Revenue Grants to non-profit institutions,"DG: SOCIAL CARE, LOCAL GROWTH & CARE PARTNERSHIPS",DISABILITY RIGHTS UK,ERS-555696-120741,45250,2016/011 SPP021 Disability Rights - Strategic Partner 16/17,N1 6AH,VCS,,,
,,27/05/2016,Revenue Grants to non-profit institutions,"DG: SOCIAL CARE, LOCAL GROWTH & CARE PARTNERSHIPS",ASSOCIATION FOR YOUNG PEOPLES HEALTH AYPH,ERS-555702-120761,45250,2016/011 SPP022 Association for Young Peoples Health - Strategic Partner 2016/17,SE1 0EH,VCS,,,
,,27/05/2016,Revenue Grants to non-profit institutions,"DG: SOCIAL CARE, LOCAL GROWTH & CARE PARTNERSHIPS",MIND,ERS-555732-120781,566016,2012/019 Mind - Time to Change - Programme Phase 2 Continuation,E15 4BQ,VCS,,,
,,27/05/2016,Essential Meds SPG - Additions,"DG: INNOVATION, GROWTH & TECHNOLOGY",PGO FOREIGN CURRENCY PAYMENTS,329045782,460605.6,,,PUBLIC,,,
,,27/05/2016,Legal Settlements and Claimants Costs,DG: GROUP OPERATIONS,BEVAN BRITTAN LLP,100332/854/LB/EN,81500,,BS2 0HQ,LARGE,,,
,,27/05/2016,Outsourcing Contract,DG: RESEARCH & DEVELOPMENT,PA CONSULTING SERVICES LTD,10113768,0.64,Information Systems,SG8 6DP,LARGE,,,
,,27/05/2016,Outsourcing Contract,DG: RESEARCH & DEVELOPMENT,PA CONSULTING SERVICES LTD,10113768,29525.36,Information Systems,SG8 6DP,LARGE,,,
,,27/05/2016,Outsourcing Contract,DG: RESEARCH & DEVELOPMENT,PA CONSULTING SERVICES LTD,10113768,26724,Information Systems,SG8 6DP,LARGE,,,
,,27/05/2016,Outsourcing Contract,DG: RESEARCH & DEVELOPMENT,PA CONSULTING SERVICES LTD,10113769,57375,Information Systems,SG8 6DP,LARGE,,,
,,27/05/2016,Outsourcing Contract,DG: RESEARCH & DEVELOPMENT,PA CONSULTING SERVICES LTD,10113829,82422,Information Systems,SG8 6DP,LARGE,,,
,,27/05/2016,Outsourcing Contract,DG: RESEARCH & DEVELOPMENT,PA CONSULTING SERVICES LTD,10113829,24999,Information Systems,SG8 6DP,LARGE,,,
,,27/05/2016,Outsourcing Contract,DG: RESEARCH & DEVELOPMENT,PA CONSULTING SERVICES LTD,10113829,33063,Information Systems,SG8 6DP,LARGE,,,
,,27/05/2016,Outsourcing Contract,DG: RESEARCH & DEVELOPMENT,PA CONSULTING SERVICES LTD,10113830,54270,Information Systems,SG8 6DP,LARGE,,,
,,27/05/2016,Outsourcing Contract,DG: RESEARCH & DEVELOPMENT,PA CONSULTING SERVICES LTD,10113864,27000,Information Systems,SG8 6DP,LARGE,,,
,,27/05/2016,Referrals,DG: STRATEGY & EXTERNAL RELATIONS,BSL LINK FOR COMMUNICATION LTD,40001883,1546.88,,RH16 4EA,SME,,,
,,27/05/2016,Telphone Charges,DG: STRATEGY & EXTERNAL RELATIONS,HEALTH EDUCATION ENGLAND,40001884,102.21,,WF3 1WE,PUBLIC,,,
,,27/05/2016,Refreshments,DG: STRATEGY & EXTERNAL RELATIONS,HEALTH AND SOCIAL CARE INFORMATION CENTRE,40001885,2036.76,,WF3 1WE,PUBLIC,,,
,,27/05/2016,PC Purchases,DG: STRATEGY & EXTERNAL RELATIONS,CALDERDALE & HUDDERSFIELD NHS FOUNDATION TRUST,40001886,975,,HD3 3HE,PUBLIC,,,
,,27/05/2016,Data Communication Lines,DG: STRATEGY & EXTERNAL RELATIONS,VIRGIN MEDIA PAYMENTS LTD,40001887,46.8,,BN13 1XP,LARGE,,,
,,27/05/2016,Telphone Charges,DG: STRATEGY & EXTERNAL RELATIONS,VIA-VOX LTD,40001889,101.38,,TW19 1SE,SME,,,
,,27/05/2016,Telphone Charges,DG: STRATEGY & EXTERNAL RELATIONS,VIA-VOX LTD,40001890,184.33,,TW19 1SE,SME,,,
,,27/05/2016,Refreshments,DG: STRATEGY & EXTERNAL RELATIONS,CAROLS CATERING,40001891,47.4,,S10 1SF,SME,,,
,,27/05/2016,Standard Life,DG: STRATEGY & EXTERNAL RELATIONS,STANDARD LIFE,40001892,350,,EH21 2DH,LARGE,,,
,,27/05/2016,Unison NW,DG: STRATEGY & EXTERNAL RELATIONS,UNISON NW,40001893,1690.15,,M3 1UN,SME,,,
,,31/05/2016,Additions PDC Capital Support NHS T Permenant,DG: Central Technical,MID YORKSHIRE HOSPITALS NHS TRUST,HAFS-21146,410000,,WF1 4TU,PUBLIC,,,
,,31/05/2016,Additions PDC Capital Support NHS T Permenant,DG: Central Technical,ROYAL LIVERPOOL & BROADGREEN HOSPITALS UNIVERSITY NHS TRUST,HAFS-21147,7732000,,L7 8XP,PUBLIC,,,
