Departmental Family,Entity,Date,Expense Type,Expense Area,Supplier,Transaction Number,Amount,Description 
Cabinet Office,CABINET OFFICE,01/04/2015,RESOURCE GRANTS LOCAL AUTHORIT,ERTP ERO CUSTOMER REGISTRATION,BURNLEY BOROUGH COUNCIL,1001235,25500.00,Maximising the Electoral Register Funding
Cabinet Office,CABINET OFFICE,01/04/2015,PENSIONS PAYROLL CONTRACTOR - FIXED FEE,ROYAL MAIL SERVICE PENSIONS,ROYAL MAIL GROUP LTD,3000059130,28198.47,Adminstration services for the Royal Mail Statutory Pension Scheme
Cabinet Office,CABINET OFFICE,01/04/2015,FM CONTRACT VARIABLE,ROSEBERY COURT FM CONTRACT,MITIE BUSINESS SERVICES LTD,3000059096,29952.53,Facilities Management Services
Cabinet Office,CABINET OFFICE,01/04/2015,FM CONTRACT VARIABLE,TOTAL FM CONTRACT,BOUYGUES E&S FM UK LTD,3000059113,30260.74,Facilities Management Services
Cabinet Office,CABINET OFFICE,01/04/2015,OTHER IS IT COSTS VAT RECOV,CERT,CODENOMICON LTD,2000612,32983.00,Specialist Training
Cabinet Office,CABINET OFFICE,01/04/2015,RESOURCE GRANTS PRIVATE SECTOR,ERG COMMERCIAL PORTFOLIO TEAM,BAXI PARTNERSHIP ADVISORY LTD,1001236,35000.00,Mutual Support Programme: Mutuals in Health costs
Cabinet Office,CABINET OFFICE,01/04/2015,RESOURCE GRANTS PRIVATE SECTOR,ERG COMMERCIAL PORTFOLIO TEAM,PA CONSULTING SERVICES LTD,3000059613,38200.00,Mutual Support Programme: Mutuals Information Service costs
Cabinet Office,CABINET OFFICE,01/04/2015,CONSULTANTS VAT RECOVERABLE,MUTUALS,MUTUAL VENTURES,3000059133,43781.28,Mutual Support Programme: Mutuals in Health costs
Cabinet Office,CABINET OFFICE,01/04/2015,CONSULTANTS VAT RECOVERABLE,MUTUALS,MUTUAL VENTURES,3000060366,44808.75,Mutual Support Programme: Mutuals in Health costs
Cabinet Office,CABINET OFFICE,01/04/2015,SUNNINGDALE PARK PFI SERVICE CHARGES,NSG TRANSITION COSTS,DE VERE VENUES GROUP LTD,3000059142,49440.00,Rent for Accommodation
Cabinet Office,CABINET OFFICE,01/04/2015,CONSULTANTS VAT RECOVERABLE,GPU POLICY AND STRATEGY ADMIN,LOCAL GOVERNMENT ASSOCIATION,3000059174,67365.30,Specialist resource to deliver Amenity Assets programme
Cabinet Office,CABINET OFFICE,01/04/2015,RESOURCE GRANTS PRIVATE SECTOR,ERTP ERO CUSTOMER REGISTRATION,BITE THE BALLOT,1001234,80000.00,Maximising the Electoral Register Funding
Cabinet Office,CABINET OFFICE,01/04/2015,STAFF RELATED COSTS,ERG HR TEAM,MCKINSEY & CO INC,3000059566,86300.00,Support on workforce strategy
Cabinet Office,CABINET OFFICE,01/04/2015,OTHER LEGAL FEES,ERG SUPPLIER MANAGEMENT,HOME OFFICE,3000059353,283120.70,Civil Service Learning and Civil Service Organisation Development and Design as per Next Generation HR Memorandum of Understanding
Cabinet Office,CABINET OFFICE,01/04/2015,FM CONTRACT VARIABLE,10 VICTORIA STREET,DEPARTMENT FOR BUSINESS INNOVATION & SKILLS,3000059191,319454.00,Facilities Management Services
Cabinet Office,CABINET OFFICE,02/04/2015,OFFICE EQUIPMENT - CURRENT,ICT SERVICES,WHITEHALL TV SERVICES,3000059222,26007.36,TV support and maintenance services for the Cabinet Office estate.
Cabinet Office,CABINET OFFICE,02/04/2015,OTHER IS IT COSTS VAT RECOV,GDS TRANSFORMATION,PARITY SOLUTIONS LTD,3000059296,27825.00,IT services to deliver GaaP programme
Cabinet Office,CABINET OFFICE,02/04/2015,LORD LIEUTENANTS EXPENSES,LORD LIEUTENANTS,MERSEYSIDE LIEUTENANCY,3000059209,28356.00,First quarter advance expense payment to Her Majesty's Lord Lieutenancy
Cabinet Office,CABINET OFFICE,02/04/2015,LORD LIEUTENANTS EXPENSES,LORD LIEUTENANTS,LIEUTENANCY OF TYNE AND WEAR,3000059208,30452.25,First quarter advance expense payment to Her Majesty's Lord Lieutenancy
Cabinet Office,CABINET OFFICE,02/04/2015,SOFTWARE LEASE/LICENSE,ERTP IER LIVE SERVICE,CLEARVISION LTD,3000059268,33804.00,Individual Electoral Registration Live Service running costs
Cabinet Office,CABINET OFFICE,02/04/2015,LORD LIEUTENANTS EXPENSES,LORD LIEUTENANTS,GREATER MANCHESTER LIEUTENANCY,3000059210,34321.00,First quarter advance expense payment to Her Majesty's Lord Lieutenancy
Cabinet Office,CABINET OFFICE,02/04/2015,OTHER IS IT COSTS VAT RECOV,GDS Enabling Strategy,2020 DELIVERY LTD,3000059295,39780.00,IT support on business casework for Enabling Strategy
Cabinet Office,CABINET OFFICE,02/04/2015,OTHER IS IT COSTS VAT RECOV,ERTP IER LIVE SERVICE,KAINOS SOFTWARE LTD,3000059252,52900.00,Individual Electoral Registration Live Service development costs
Cabinet Office,CABINET OFFICE,02/04/2015,LORD LIEUTENANTS EXPENSES,LORD LIEUTENANTS,GREATER LONDON LIEUTENANCY,3000059272,63580.50,First quarter advance expense payment to Her Majesty's Lord Lieutenancy
Cabinet Office,CABINET OFFICE,02/04/2015,OTHER IS IT COSTS VAT RECOV,GDS ID ASSURANCE,SKYSCAPE CLOUD SERVICES LTD,3000059254,66740.44,Storage and hosting services for the Verify Identity Assurance Programme
Cabinet Office,CABINET OFFICE,02/04/2015,OTHER IS IT COSTS VAT RECOV,ERTP ERO DIGITAL,TAYSIDE VALUATION JOINT BOARD,3000059245,87627.69,Individual Electoral Registration Funding for 15/16
Cabinet Office,CABINET OFFICE,02/04/2015,RESEARCH AND DEVELOPMENT (VAT RECOVERABLE),BETTER BUSINESS COMPLIANCE PARTNERSHIP PROGRAMME,HEALTH & SAFETY LABORATORY,3000059310,100000.00,Data Science for the Better Business Compliance Partnership Project.
Cabinet Office,CABINET OFFICE,02/04/2015,OTHER IS IT COSTS VAT RECOV,ERTP ERO DIGITAL,RENFREWSHIRE VALUATION JOINT BOARD,3000059270,125240.00,Individual Electoral Registration Funding for 15/16
Cabinet Office,CABINET OFFICE,02/04/2015,OTHER IS IT COSTS VAT RECOV,GDS ID ASSURANCE,THOUGHTWORKS LTD,3000059288,140379.00,Support to the Verify Identity Assurance Programme
Cabinet Office,CABINET OFFICE,02/04/2015,OTHER IS IT COSTS VAT RECOV,CO IT SYSTEMS,E SYNERGY SOLUTIONS LTD,3000059259,209610.00,IT services
Cabinet Office,CABINET OFFICE,02/04/2015,RESOURCE GRANTS LOCAL AUTHORIT,GPU POLICY AND STRATEGY,IMPROVEMENT & DEVELOPMENT AGENCY,3000059265,696000.00,One Public Estate management and grant payments
Cabinet Office,CABINET OFFICE,02/04/2015,STAFF RELATED COSTS,HR CAPABILITY AND TALENT,HMRC,3000059352,3523313.50,Civil Service Resourcing as per Next Generation HR Memorandum of Understanding
Cabinet Office,CABINET OFFICE,07/04/2015,RESOURCE GRANTS LOCAL AUTHORIT,GPU POLICY AND STRATEGY,LIVERPOOL CITY COUNCIL,3000059332,40000.00,One Public Estate Grant to Liverpool City Council
Cabinet Office,CABINET OFFICE,07/04/2015,OTHER IS IT COSTS VAT RECOV,GDS BUSINESS TECHNOLOGY,SPECIALIST COMPUTER CENTRES PLC,3000059358,48309.57,"IT hardware (laptops, screens, peripherals)"
Cabinet Office,CABINET OFFICE,07/04/2015,PENSIONS ADMINISTRATION - ADDITIONAL COSTS (MyCSP),SME CONTRACT MANAGMENT LEAD,MYCSP LTD,3000059367,184568.40,MyCSP programme costs
Cabinet Office,CABINET OFFICE,07/04/2015,OTHER IS IT COSTS VAT RECOV,CCS RESILIENT TELECOMMUNICATIONS,ORDNANCE SURVEY,3000059361,411221.60,Resilience Direct Development of Mapping
Cabinet Office,CABINET OFFICE,07/04/2015,PROFESSIONAL ADVICE & OPINION VAT RECOVERABLE,NEXT GENERATION HR COSTS,CIVIL SERVICE SPORTS COUNCIL,1001245,432000.00,Civil Service Sports Council grant 
Cabinet Office,CABINET OFFICE,07/04/2015,FM CONTRACT FIXED COSTS,TOTAL FM CONTRACT,BOUYGUES E&S FM UK LTD,3000059360,559358.58,Facilities Management Services
Cabinet Office,CABINET OFFICE,08/04/2015,CONTRACTORS & STAFF SUBSTITUTIONS,GDS PUBLISHING PLATFORM TECHNOLOGY,CAPITA BUSINESS SERVICES LTD,3000059399,26256.46,Interim IT Specialists 
Cabinet Office,CABINET OFFICE,08/04/2015,CONTRACTORS & STAFF SUBSTITUTIONS,GDS ID ASSURANCE,CAPITA BUSINESS SERVICES LTD,3000059399,34012.33,Interim IT Specialists 
Cabinet Office,CABINET OFFICE,08/04/2015,NON PRIME UTILITIES,ROSEBERY COURT FM CONTRACT,MITIE BUSINESS SERVICES LTD,3000059379,47903.18,Facilities Management Services
Cabinet Office,CABINET OFFICE,08/04/2015,FM CONTRACT FIXED COSTS,ROSEBERY COURT FM CONTRACT,MITIE BUSINESS SERVICES LTD,3000059379,54987.07,Facilities Management Services
Cabinet Office,CABINET OFFICE,08/04/2015,TELECOM RENTALS,NSS CRISIS MANAGEMENT,BRITISH TELECOMMUNICATIONS PLC,3000059383,55430.55,Line Rental costs
Cabinet Office,CABINET OFFICE,08/04/2015,FM CONTRACT VARIABLE,TOTAL FM CONTRACT,BOUYGUES E&S FM UK LTD,3000059389,70159.20,Facilities Management Services
Cabinet Office,CABINET OFFICE,08/04/2015,FM CONTRACT VARIABLE,ROSEBERY COURT FM CONTRACT,MITIE BUSINESS SERVICES LTD,3000059379,72386.00,Facilities Management Services
Cabinet Office,CABINET OFFICE,08/04/2015,ADDITIONSAUC F/H NON RES BLDGS,CABINET OFFICE ESTATE AGREED BY FD - DEL PROGRAMME,BOUYGUES E&S FM UK LTD,3000059389,112200.00,Facilities Management Services
Cabinet Office,CABINET OFFICE,08/04/2015,FM CONTRACT LIFECYCLE,TOTAL FM CONTRACT,BOUYGUES E&S FM UK LTD,3000059389,200000.00,Facilities Management Services
Cabinet Office,CABINET OFFICE,08/04/2015,RESOURCE GRANTS PRIVATE SECTOR,GDS ID ASSURANCE,OPEN IDENTITY EXCHANGE UK LTD,3000059396,243579.06,Grant for GOV.UK Verify Identity Assurance Programme pilot activities
Cabinet Office,CABINET OFFICE,09/04/2015,MANAGEMENT CONFERENCES,GDS COMMUNICATIONS AND CREATIVE,CALDER WORLD OF TRAVEL,3000059445,28196.28,2 day Media Conference at BFI Southbank
Cabinet Office,CABINET OFFICE,09/04/2015,FM CONTRACT FIXED COSTS,ADMIRALTY ARCH,BOUYGUES E&S FM UK LTD,3000059437,46118.44,Facilities Management Services
Cabinet Office,CABINET OFFICE,09/04/2015,OTHER IS IT COSTS VAT RECOV,GDS PUBLISHING PLATFORM TECHNOLOGY,DEVONSHIRE APPOINTMENTS LTD,3000059457,46800.00,Digital content designer services 
Cabinet Office,CABINET OFFICE,09/04/2015,SUNNINGDALE PARK PFI SERVICE CHARGES,NSG TRANSITION COSTS,DE VERE VENUES GROUP LTD,3000059425,49440.00,Rent for Accommodation
Cabinet Office,CABINET OFFICE,10/04/2015,CONSULTANTS VAT RECOVERABLE,ERG CATEGORY PROCUREMENT,FIELD FISHER WATERHOUSE LLP,3000059144,263687.18,Legal services 
Cabinet Office,CABINET OFFICE,13/04/2015,CONSULTANTS VAT RECOVERABLE,GPU POLICY AND STRATEGY ADMIN,GERALD EVE LLP,3000059509,26530.75,Interim staff fees for marketing and brochures relating to Sunningdale Park
Cabinet Office,CABINET OFFICE,13/04/2015,OTHER IS IT COSTS VAT RECOV,ERTP ERO DIGITAL,VODAFONE LTD,3000059497,31655.70,Individual Electoral Registration costs
Cabinet Office,CABINET OFFICE,13/04/2015,CONTRACTORS & STAFF SUBSTITUTIONS,GDS PERFORMANCE AND DELIVERY,CAPITA BUSINESS SERVICES LTD,3000059532,32555.89,Interim IT Specialists 
Cabinet Office,CABINET OFFICE,13/04/2015,CONSULTANTS VAT RECOVERABLE,MUTUALS,MUTUAL VENTURES,1001237,35000.00,Mutual Support Programme: Mutuals in Health costs
Cabinet Office,CABINET OFFICE,13/04/2015,STATIONERY/ PUBLICATIONS/IT CONSUMABLES,CABINET OFFICE REPROGRAPHICS (EX GCDA),NRG GROUP UK LTD,3000059499,39115.26,Reprographic Services
Cabinet Office,CABINET OFFICE,13/04/2015,OTHER IS IT COSTS VAT RECOV,GDS Enabling Strategy,KAINOS SOFTWARE LTD,3000059506,39600.00,Developer services provided to GaaP product teams
Cabinet Office,CABINET OFFICE,13/04/2015,STAFF TRAINING VAT RECOVERABLE,HR DEVELOPING CAPABILITY TEAM,HMRC,3000059508,60000.00,Future and Senior Leaders Scheme training costs 
Cabinet Office,CABINET OFFICE,14/04/2015,CONTRACTORS & STAFF SUBSTITUTIONS,GDS Enabling Strategy,CAPITA BUSINESS SERVICES LTD,3000059549,25467.27,Interim IT Specialists 
Cabinet Office,CABINET OFFICE,14/04/2015,CONTRACTORS & STAFF SUBSTITUTIONS,GDS ID ASSURANCE,CAPITA BUSINESS SERVICES LTD,3000059549,26643.98,Interim IT Specialists 
Cabinet Office,CABINET OFFICE,14/04/2015,CONTRACTORS & STAFF SUBSTITUTIONS,GDS PUBLISHING PLATFORM TECHNOLOGY,CAPITA BUSINESS SERVICES LTD,3000059549,37202.62,Interim IT Specialists 
Cabinet Office,CABINET OFFICE,14/04/2015,GENERAL OFFICE EXPENSES VAT NON-RECOVERABLE,ERG CIVIL SERVICE PAY AND PENSIONS,BAXI PARTNERSHIP ADVISORY LTD,3000059143,43452.00,Support under the Delivering Differently Programme for North East Lincolnshire Council
Cabinet Office,CABINET OFFICE,14/04/2015,SUNNINGDALE PARK PFI SERVICE CHARGES,NSG TRANSITION COSTS,DE VERE VENUES GROUP LTD,3000059555,49440.00,Rent for Accommodation
Cabinet Office,CABINET OFFICE,14/04/2015,OTHER IS IT COSTS VAT RECOV,GDS ID ASSURANCE,SKYSCAPE CLOUD SERVICES LTD,3000059573,65267.60,Storage and hosting services for the Verify Identity Assurance Programme
Cabinet Office,CABINET OFFICE,14/04/2015,CONSULTANTS VAT RECOVERABLE,HEAD OF CSHR,CHARITY FOR CIVIL SERVANTS,1001246,110000.00,Welfare grant to Charity for Civil Servants
Cabinet Office,CABINET OFFICE,15/04/2015,RESOURCE GRANTS PRIVATE SECTOR,ERTP ERO CUSTOMER REGISTRATION,TAB MEDIA LTD,3000059585,25200.00,Maximising the Electoral Register Funding
Cabinet Office,CABINET OFFICE,15/04/2015,OTHER IS IT COSTS VAT RECOV,GDS Enabling Strategy,MERCATOR IT SOLUTIONS LTD,3000059603,26400.00,Network architecture costs for Common Technology Services
Cabinet Office,CABINET OFFICE,15/04/2015,CONTRACTORS & STAFF SUBSTITUTIONS,GPU POLICY AND STRATEGY ADMIN,CAPGEMINI UK PLC,3000059628,29394.01,Specialist resource for the development of the smart working standard programme
Cabinet Office,CABINET OFFICE,15/04/2015,CONSULTANTS VAT RECOVERABLE,MUTUALS,MUTUAL VENTURES,3000059786,38406.50,Support under the Delivering Differently Programme for North East Lincolnshire Council
Cabinet Office,CABINET OFFICE,15/04/2015,CONTRACTORS & STAFF SUBSTITUTIONS,GDS OFFICE OF CHIEF TECHNOLOGY OFFICER,CAPITA BUSINESS SERVICES LTD,3000059602,38671.06,Interim IT Specialists 
Cabinet Office,CABINET OFFICE,15/04/2015,OTHER IS IT COSTS VAT RECOV,HR REWARD AND EMPLOYEE RELATIONS TEAM,DWP NORCROSS,3000059588,42039.52,Pension scheme changes to Resource Management services 
Cabinet Office,CABINET OFFICE,15/04/2015,OTHER IS IT COSTS VAT RECOV,GDS PERFORMANCE AND DELIVERY,EXPERIAN PLC,3000059601,50631.45,IT software: analytics tool
Cabinet Office,CABINET OFFICE,15/04/2015,FM CONTRACT VARIABLE,ESTATE CONSOLIDATION,BOUYGUES E&S FM UK LTD,3000059620,60541.60,Facilities Management Services
Cabinet Office,CABINET OFFICE,15/04/2015,CONSULTANTS VAT RECOVERABLE,CENTRAL OVERHEADS,THE BEHAVIOURAL INSIGHTS TEAM,3000059605,180974.01,Delivery of specialist behavioural insights consulting services to the Cabinet Office
Cabinet Office,CABINET OFFICE,15/04/2015,NON PRIME PROPERTY COSTS,NSG TRANSITION COSTS,DE VERE VENUES GROUP LTD,3000059584,302501.84,PFI Service Charge for Sunningdale Park 
Cabinet Office,CABINET OFFICE,15/04/2015,OTHER IS IT COSTS VAT RECOV,GDS Enabling Strategy,MCKINSEY & CO INC,3000059626,400000.00,IT analysis services
Cabinet Office,CABINET OFFICE,16/04/2015,RESOURCE GRANTS LOCAL AUTHORIT,ELECTORAL REGISTRATION TRANSFORMATION PROGRAMME,DARLINGTON BOROUGH COUNCIL,3000059682,27528.00,Individual Electoral Registration Funding for 15/16
Cabinet Office,CABINET OFFICE,16/04/2015,OTHER IS IT COSTS VAT RECOV,GDS Enabling Strategy,TALENT INTERNATIONAL UK LTD,3000059656,33540.00,Business analysis services 
Cabinet Office,CABINET OFFICE,16/04/2015,STATIONERY/ PUBLICATIONS/IT CONSUMABLES,CABINET OFFICE REPROGRAPHICS (EX GCDA),NRG GROUP UK LTD,3000059654,36105.66,Reprographic Services
Cabinet Office,CABINET OFFICE,16/04/2015,CONTRACTORS & STAFF SUBSTITUTIONS,CO IT SYSTEMS,CAPITA BUSINESS SERVICES LTD,3000059666,41327.78,Interim IT Specialists 
Cabinet Office,CABINET OFFICE,16/04/2015,RESOURCE GRANTS LOCAL AUTHORIT,ELECTORAL REGISTRATION TRANSFORMATION PROGRAMME,SUNDERLAND CITY COUNCIL,3000059683,74501.00,Individual Electoral Registration Funding for 15/16
Cabinet Office,CABINET OFFICE,16/04/2015,RESOURCE GRANTS LOCAL AUTHORIT,ELECTORAL REGISTRATION TRANSFORMATION PROGRAMME,DURHAM COUNTY COUNCIL,3000059681,136698.00,Individual Electoral Registration Funding for 15/16
Cabinet Office,CABINET OFFICE,17/04/2015,RESOURCE GRANTS LOCAL AUTHORIT,ELECTORAL REGISTRATION TRANSFORMATION PROGRAMME,SCARBOROUGH BOROUGH COUNCIL,3000059724,27977.00,Individual Electoral Registration Funding for 15/16
Cabinet Office,CABINET OFFICE,17/04/2015,RESOURCE GRANTS LOCAL AUTHORIT,ELECTORAL REGISTRATION TRANSFORMATION PROGRAMME,REDCAR & CLEVELAND BOROUGH COUNCIL,3000059739,31079.00,Individual Electoral Registration Funding for 15/16
Cabinet Office,CABINET OFFICE,17/04/2015,OTHER IS IT COSTS VAT RECOV,PUBLIC SERVICES NETWORK,EXFO EUROPE LTD,3000059702,32228.99,IT hardware to measure Public Services Network performance
Cabinet Office,CABINET OFFICE,17/04/2015,RESOURCE GRANTS LOCAL AUTHORIT,ELECTORAL REGISTRATION TRANSFORMATION PROGRAMME,NORTH EAST LINCOLNSHIRE COUNCIL,3000059730,38141.00,Individual Electoral Registration Funding for 15/16
Cabinet Office,CABINET OFFICE,17/04/2015,RESOURCE GRANTS LOCAL AUTHORIT,ELECTORAL REGISTRATION TRANSFORMATION PROGRAMME,SOUTH TYNESIDE METROPOLITAN BOROUGH COUNCIL,3000059723,38419.00,Individual Electoral Registration Funding for 15/16
Cabinet Office,CABINET OFFICE,17/04/2015,RESOURCE GRANTS LOCAL AUTHORIT,ELECTORAL REGISTRATION TRANSFORMATION PROGRAMME,NORTH LINCOLNSHIRE COUNCIL,3000059729,39197.00,Individual Electoral Registration Funding for 15/16
Cabinet Office,CABINET OFFICE,17/04/2015,RESOURCE GRANTS LOCAL AUTHORIT,ELECTORAL REGISTRATION TRANSFORMATION PROGRAMME,HARROGATE BOROUGH COUNCIL,3000059744,42033.00,Individual Electoral Registration Funding for 15/16
Cabinet Office,CABINET OFFICE,17/04/2015,CONSULTANTS VAT RECOVERABLE,ERG PERFORMANCE AND PLANNING,KPMG,3000060239,48250.00,Financial Support for Solar Power Generation on Government Estate
Cabinet Office,CABINET OFFICE,17/04/2015,RESOURCE GRANTS LOCAL AUTHORIT,ELECTORAL REGISTRATION TRANSFORMATION PROGRAMME,MIDDLESBROUGH BOROUGH COUNCIL,3000059740,53019.00,Individual Electoral Registration Funding for 15/16
Cabinet Office,CABINET OFFICE,17/04/2015,RESOURCE GRANTS LOCAL AUTHORIT,ELECTORAL REGISTRATION TRANSFORMATION PROGRAMME,CALDERDALE METROPOLITAN BOROUGH COUNCIL,3000059747,54182.00,Individual Electoral Registration Funding for 15/16
Cabinet Office,CABINET OFFICE,17/04/2015,RESOURCE GRANTS LOCAL AUTHORIT,ELECTORAL REGISTRATION TRANSFORMATION PROGRAMME,GATESHEAD METROPOLITAN BOROUGH COUNCIL,3000059721,54974.00,Individual Electoral Registration Funding for 15/16
Cabinet Office,CABINET OFFICE,17/04/2015,RESOURCE GRANTS LOCAL AUTHORIT,ELECTORAL REGISTRATION TRANSFORMATION PROGRAMME,ROTHERHAM METROPOLITAN BOROUGH COUNCIL,3000059726,55759.00,Individual Electoral Registration Funding for 15/16
Cabinet Office,CABINET OFFICE,17/04/2015,RESOURCE GRANTS LOCAL AUTHORIT,ELECTORAL REGISTRATION TRANSFORMATION PROGRAMME,BARNSLEY METROPOLITAN BOROUGH COUNCIL,3000059748,56013.00,Individual Electoral Registration Funding for 15/16
Cabinet Office,CABINET OFFICE,17/04/2015,OTHER IS IT COSTS VAT RECOV,CO IT SYSTEMS,RETHINK RECRUITMENT SOLUTIONS LTD,3000059762,56160.00,Interim staff
Cabinet Office,CABINET OFFICE,17/04/2015,RESOURCE GRANTS LOCAL AUTHORIT,ELECTORAL REGISTRATION TRANSFORMATION PROGRAMME,NORTH TYNESIDE COUNCIL,3000059742,57954.00,Individual Electoral Registration Funding for 15/16
Cabinet Office,CABINET OFFICE,17/04/2015,RESOURCE GRANTS LOCAL AUTHORIT, ELECTORAL REGISTRATION TRANSFORMATION PROGRAMME,STOCKTON ON TEES BOROUGH COUNCIL,3000059722,61000.00,Individual Electoral Registration Funding for 15/16
Cabinet Office,CABINET OFFICE,17/04/2015,RESOURCE GRANTS LOCAL AUTHORIT,ELECTORAL REGISTRATION TRANSFORMATION PROGRAMME,DONCASTER METROPOLITAN BOROUGH COUNCIL,3000059720,68754.00,Individual Electoral Registration Funding for 15/16
Cabinet Office,CABINET OFFICE,17/04/2015,RESOURCE GRANTS LOCAL AUTHORIT,ELECTORAL REGISTRATION TRANSFORMATION PROGRAMME,NORTHUMBERLAND COUNTY COUNCIL,3000059728,72326.00,Individual Electoral Registration Funding for 15/16
Cabinet Office,CABINET OFFICE,17/04/2015,RESOURCE GRANTS LOCAL AUTHORIT,ELECTORAL REGISTRATION TRANSFORMATION PROGRAMME,WAKEFIELD DISTRICT COUNCIL,3000059737,73909.00,Individual Electoral Registration Funding for 15/16
Cabinet Office,CABINET OFFICE,17/04/2015,RESOURCE GRANTS LOCAL AUTHORIT,ELECTORAL REGISTRATION TRANSFORMATION PROGRAMME,EAST RIDING OF YORKSHIRE BOROUGH COUNCIL,3000059734,84994.00,Individual Electoral Registration Funding for 15/16
Cabinet Office,CABINET OFFICE,17/04/2015,RESOURCE GRANTS LOCAL AUTHORIT,ELECTORAL REGISTRATION TRANSFORMATION PROGRAMME,CITY OF YORK COUNCIL,3000059738,90317.00,Individual Electoral Registration Funding for 15/16
Cabinet Office,CABINET OFFICE,17/04/2015,RESOURCE GRANTS LOCAL AUTHORIT,ELECTORAL REGISTRATION TRANSFORMATION PROGRAMME,KINGSTON UPON HULL CITY COUNCIL,3000059732,99456.00,Individual Electoral Registration Funding for 15/16
Cabinet Office,CABINET OFFICE,17/04/2015,RESOURCE GRANTS LOCAL AUTHORIT,ELECTORAL REGISTRATION TRANSFORMATION PROGRAMME,KIRKLEES METROPOLITAN COUNCIL,3000059752,113416.00,Individual Electoral Registration Funding for 15/16
Cabinet Office,CABINET OFFICE,17/04/2015,RESOURCE GRANTS LOCAL AUTHORIT,ELECTORAL REGISTRATION TRANSFORMATION PROGRAMME,NEWCASTLE CITY COUNCIL,3000059741,127990.00,Individual Electoral Registration Funding for 15/16
Cabinet Office,CABINET OFFICE,17/04/2015,RESOURCE GRANTS LOCAL AUTHORIT,ELECTORAL REGISTRATION TRANSFORMATION PROGRAMME,BRADFORD METROPOLITAN BOROUGH COUNCIL,3000059735,130695.00,Individual Electoral Registration Funding for 15/16
Cabinet Office,CABINET OFFICE,17/04/2015,RESOURCE GRANTS LOCAL AUTHORIT,ELECTORAL REGISTRATION TRANSFORMATION PROGRAMME,SHEFFIELD CITY COUNCIL,3000059745,198068.00,Individual Electoral Registration Funding for 15/16
Cabinet Office,CABINET OFFICE,17/04/2015,CONTRACTORS & STAFF SUBSTITUTIONS,GDS BUS DEV CONSULTANT AND STAFF COSTS,SKYSCAPE CLOUD SERVICES LTD,3000059687,261612.77,Hosting and storage services for GOV.UK and GOV.UK Verify Identify Assurance Programme.
Cabinet Office,CABINET OFFICE,17/04/2015,RESOURCE GRANTS LOCAL AUTHORIT,ELECTORAL REGISTRATION TRANSFORMATION PROGRAMME,LEEDS CITY COUNCIL,3000059731,297267.00,Individual Electoral Registration Funding for 15/16
Cabinet Office,CABINET OFFICE,20/04/2015,CONSULTANTS VAT RECOVERABLE,MUTUALS,EUROPEAN INSTITUTE OF PUBLIC ADMINSTRATION,2000618,40441.50,European Public Administration Conference costs
Cabinet Office,CABINET OFFICE,20/04/2015,CONSULTANTS VAT RECOVERABLE,MUTUALS,HM REVENUE & CUSTOMS,3000533,62790.00,Executive Recruitment costs
Cabinet Office,CABINET OFFICE,20/04/2015,OTHER IS IT COSTS VAT RECOV,GDS Enabling Strategy,METHODS DIGITAL LTD,3000059777,73423.00,Business analysis services 
Cabinet Office,CABINET OFFICE,20/04/2015,PENSIONS ADMINISTRATION - ADDITIONAL COSTS (MyCSP),SME CONTRACT MANAGMENT LEAD,MYCSP LTD,3000059791,130445.03,MyCSP programme costs
Cabinet Office,CABINET OFFICE,21/04/2015,COACHING AND MENTORING,FAST STREAM COSTS CS RESOURCING,SAID BUSINESS SCHOOL,3000059847,25000.00,Fast stream training costs
Cabinet Office,CABINET OFFICE,21/04/2015,RESOURCE GRANTS LOCAL AUTHORIT,ELECTORAL REGISTRATION TRANSFORMATION PROGRAMME,KETTERING BOROUGH COUNCIL,3000059821,25256.00,Individual Electoral Registration Funding for 15/16
Cabinet Office,CABINET OFFICE,21/04/2015,RESOURCE GRANTS LOCAL AUTHORIT,ELECTORAL REGISTRATION TRANSFORMATION PROGRAMME,EAST NORTHAMPTONSHIRE COUNCIL,3000059882,25479.00,Individual Electoral Registration Funding for 15/16
Cabinet Office,CABINET OFFICE,21/04/2015,RESOURCE GRANTS LOCAL AUTHORIT,ELECTORAL REGISTRATION TRANSFORMATION PROGRAMME,MANSFIELD DISTRICT COUNCIL,3000059944,25805.00,Individual Electoral Registration Funding for 15/16
Cabinet Office,CABINET OFFICE,21/04/2015,RESOURCE GRANTS LOCAL AUTHORIT,ELECTORAL REGISTRATION TRANSFORMATION PROGRAMME,REDDITCH BOROUGH COUNCIL,3000059943,26473.00,Individual Electoral Registration Funding for 15/16
Cabinet Office,CABINET OFFICE,21/04/2015,RESOURCE GRANTS LOCAL AUTHORIT,ELECTORAL REGISTRATION TRANSFORMATION PROGRAMME,SOUTH STAFFORDSHIRE DISTRICT COUNCIL,3000059853,26617.00,Individual Electoral Registration Funding for 15/16
Cabinet Office,CABINET OFFICE,21/04/2015,RESOURCE GRANTS LOCAL AUTHORIT,ELECTORAL REGISTRATION TRANSFORMATION PROGRAMME,RUGBY BOROUGH COUNCIL,3000059929,27268.00,Individual Electoral Registration Funding for 15/16
Cabinet Office,CABINET OFFICE,21/04/2015,RESOURCE GRANTS LOCAL AUTHORIT,ELECTORAL REGISTRATION TRANSFORMATION PROGRAMME,HINCKLEY & BOSWORTH BOROUGH COUNCIL,3000059819,27494.00,Individual Electoral Registration Funding for 15/16
Cabinet Office,CABINET OFFICE,21/04/2015,RESOURCE GRANTS LOCAL AUTHORIT,ELECTORAL REGISTRATION TRANSFORMATION PROGRAMME,BASSETLAW DISTRICT COUNCIL,3000059883,28295.00,Individual Electoral Registration Funding for 15/16
Cabinet Office,CABINET OFFICE,21/04/2015,RESOURCE GRANTS LOCAL AUTHORIT,ELECTORAL REGISTRATION TRANSFORMATION PROGRAMME,WYCHAVON DISTRICT COUNCIL,3000059946,28389.00,Individual Electoral Registration Funding for 15/16
Cabinet Office,CABINET OFFICE,21/04/2015,RESOURCE GRANTS LOCAL AUTHORIT,ELECTORAL REGISTRATION TRANSFORMATION PROGRAMME,EREWASH BOROUGH COUNCIL,3000059919,31189.00,Individual Electoral Registration Funding for 15/16
Cabinet Office,CABINET OFFICE,21/04/2015,RESOURCE GRANTS LOCAL AUTHORIT,ELECTORAL REGISTRATION TRANSFORMATION PROGRAMME,AMBER VALLEY BOROUGH COUNCIL,3000059869,31681.00,Individual Electoral Registration Funding for 15/16
Cabinet Office,CABINET OFFICE,21/04/2015,RESOURCE GRANTS LOCAL AUTHORIT,ELECTORAL REGISTRATION TRANSFORMATION PROGRAMME,ASHFIELD DISTRICT COUNCIL,3000059886,33268.00,Individual Electoral Registration Funding for 15/16
Cabinet Office,CABINET OFFICE,21/04/2015,RESOURCE GRANTS LOCAL AUTHORIT,ELECTORAL REGISTRATION TRANSFORMATION PROGRAMME,NUNEATON & BEDWORTH BOROUGH COUNCIL,3000059840,34021.00,Individual Electoral Registration Funding for 15/16
Cabinet Office,CABINET OFFICE,21/04/2015,RESOURCE GRANTS LOCAL AUTHORIT,ELECTORAL REGISTRATION TRANSFORMATION PROGRAMME,NORTH KESTEVEN DISTRICT COUNCIL,3000059839,34273.00,Individual Electoral Registration Funding for 15/16
Cabinet Office,CABINET OFFICE,21/04/2015,RESOURCE GRANTS LOCAL AUTHORIT,ELECTORAL REGISTRATION TRANSFORMATION PROGRAMME,STRATFORD ON AVON DISTRICT COUNCIL,3000059933,34335.00,Individual Electoral Registration Funding for 15/16
Cabinet Office,CABINET OFFICE,21/04/2015,RESOURCE GRANTS LOCAL AUTHORIT,ELECTORAL REGISTRATION TRANSFORMATION PROGRAMME,NEWARK & SHERWOOD DISTRICT COUNCIL,3000059831,34523.00,Individual Electoral Registration Funding for 15/16
Cabinet Office,CABINET OFFICE,21/04/2015,OTHER IS IT COSTS VAT RECOV,GDS ID ASSURANCE,KANTARA INITIATIVE,2000630,35000.00,Provision of a mutual recognition study
Cabinet Office,CABINET OFFICE,21/04/2015,RESOURCE GRANTS LOCAL AUTHORIT,ELECTORAL REGISTRATION TRANSFORMATION PROGRAMME,BROXTOWE BOROUGH COUNCIL,3000059885,36350.00,Individual Electoral Registration Funding for 15/16
Cabinet Office,CABINET OFFICE,21/04/2015,RESOURCE GRANTS LOCAL AUTHORIT,ELECTORAL REGISTRATION TRANSFORMATION PROGRAMME,SOUTH KESTEVEN DISTRICT COUNCIL,3000059851,36556.00,Individual Electoral Registration Funding for 15/16
Cabinet Office,CABINET OFFICE,21/04/2015,RESOURCE GRANTS LOCAL AUTHORIT,ELECTORAL REGISTRATION TRANSFORMATION PROGRAMME,WORCESTER CITY COUNCIL,3000059898,36941.00,Individual Electoral Registration Funding for 15/16
Cabinet Office,CABINET OFFICE,21/04/2015,CONTRACTORS & STAFF SUBSTITUTIONS,GDS ID ASSURANCE,CAPITA BUSINESS SERVICES LTD,3000059902,37714.29,Interim IT Specialists 
Cabinet Office,CABINET OFFICE,21/04/2015,CONTRACTORS & STAFF SUBSTITUTIONS,GDS BUSINESS AND OFFICE COSTS,CAPITA BUSINESS SERVICES LTD,3000059902,38585.80,Interim IT Specialists 
Cabinet Office,CABINET OFFICE,21/04/2015,RESOURCE GRANTS LOCAL AUTHORIT,ELECTORAL REGISTRATION TRANSFORMATION PROGRAMME,EAST LINDSEY DISTRICT COUNCIL,3000059875,39042.00,Individual Electoral Registration Funding for 15/16
Cabinet Office,CABINET OFFICE,21/04/2015,RESOURCE GRANTS LOCAL AUTHORIT,ELECTORAL REGISTRATION TRANSFORMATION PROGRAMME,NEWCASTLE UNDER LYME BOROUGH COUNCIL,3000059880,40279.00,Individual Electoral Registration Funding for 15/16
Cabinet Office,CABINET OFFICE,21/04/2015,CONTRACTORS & STAFF SUBSTITUTIONS,GDS Enabling Strategy,CAPITA BUSINESS SERVICES LTD,3000059902,41902.71,Interim IT Specialists 
Cabinet Office,CABINET OFFICE,21/04/2015,RESOURCE GRANTS LOCAL AUTHORIT,ELECTORAL REGISTRATION TRANSFORMATION PROGRAMME,TELFORD & WREKIN COUNCIL,3000059873,42739.00,Individual Electoral Registration Funding for 15/16
Cabinet Office,CABINET OFFICE,21/04/2015,RESOURCE GRANTS LOCAL AUTHORIT,ELECTORAL REGISTRATION TRANSFORMATION PROGRAMME,WARWICK DISTRICT COUNCIL,3000059936,44664.00,Individual Electoral Registration Funding for 15/16
Cabinet Office,CABINET OFFICE,21/04/2015,RESOURCE GRANTS LOCAL AUTHORIT,ELECTORAL REGISTRATION TRANSFORMATION PROGRAMME,HEREFORDSHIRE COUNCIL,3000059910,46790.00,Individual Electoral Registration Funding for 15/16
Cabinet Office,CABINET OFFICE,21/04/2015,RESOURCE GRANTS LOCAL AUTHORIT,ELECTORAL REGISTRATION TRANSFORMATION PROGRAMME,SOLIHULL METROPOLITAN BOROUGH COUNCIL,3000059922,48570.00,Individual Electoral Registration Funding for 15/16
Cabinet Office,CABINET OFFICE,21/04/2015,RESOURCE GRANTS LOCAL AUTHORIT,ELECTORAL REGISTRATION TRANSFORMATION PROGRAMME,LINCOLN CITY COUNCIL,3000059868,50408.00,Individual Electoral Registration Funding for 15/16
Cabinet Office,CABINET OFFICE,21/04/2015,RESOURCE GRANTS LOCAL AUTHORIT,ELECTORAL REGISTRATION TRANSFORMATION PROGRAMME,STAFFORD BOROUGH COUNCIL,3000059854,52166.00,Individual Electoral Registration Funding for 15/16
Cabinet Office,CABINET OFFICE,21/04/2015,CONTRACTORS & STAFF SUBSTITUTIONS,GDS PUBLISHING PLATFORM TECHNOLOGY,CAPITA BUSINESS SERVICES LTD,3000059902,53918.35,Interim IT Specialists 
Cabinet Office,CABINET OFFICE,21/04/2015,RESOURCE GRANTS LOCAL AUTHORIT,ELECTORAL REGISTRATION TRANSFORMATION PROGRAMME,LONDON BOROUGH OF HAVERING,3000059818,54541.00,Individual Electoral Registration Funding for 15/16
Cabinet Office,CABINET OFFICE,21/04/2015,RESOURCE GRANTS LOCAL AUTHORIT,ELECTORAL REGISTRATION TRANSFORMATION PROGRAMME,DUDLEY MBC,3000059809,62710.00,Individual Electoral Registration Funding for 15/16
Cabinet Office,CABINET OFFICE,21/04/2015,RESOURCE GRANTS LOCAL AUTHORIT,ELECTORAL REGISTRATION TRANSFORMATION PROGRAMME,LONDON BOROUGH OF SUTTON,3000059896,63561.00,Individual Electoral Registration Funding for 15/16
Cabinet Office,CABINET OFFICE,21/04/2015,RESOURCE GRANTS LOCAL AUTHORIT,ELECTORAL REGISTRATION TRANSFORMATION PROGRAMME,WALSALL METROPOLITAN BOROUGH COUNCIL,3000059934,66406.00,Individual Electoral Registration Funding for 15/16
Cabinet Office,CABINET OFFICE,21/04/2015,RESOURCE GRANTS LOCAL AUTHORIT,ELECTORAL REGISTRATION TRANSFORMATION PROGRAMME,CHARNWOOD BOROUGH COUNCIL,3000059876,69200.00,Individual Electoral Registration Funding for 15/16
Cabinet Office,CABINET OFFICE,21/04/2015,RESOURCE GRANTS LOCAL AUTHORIT,ELECTORAL REGISTRATION TRANSFORMATION PROGRAMME,BEXLEY COUNCIL,3000059947,70582.00,Individual Electoral Registration Funding for 15/16
Cabinet Office,CABINET OFFICE,21/04/2015,RESOURCE GRANTS LOCAL AUTHORIT,ELECTORAL REGISTRATION TRANSFORMATION PROGRAMME,LONDON BOROUGH OF BARKING & DAGENHAM,3000059942,71480.00,Individual Electoral Registration Funding for 15/16
Cabinet Office,CABINET OFFICE,21/04/2015,RESOURCE GRANTS LOCAL AUTHORIT,ELECTORAL REGISTRATION TRANSFORMATION PROGRAMME,SHROPSHIRE COUNCIL,3000059928,74405.00,Individual Electoral Registration Funding for 15/16
Cabinet Office,CABINET OFFICE,21/04/2015,RESOURCE GRANTS LOCAL AUTHORIT,ELECTORAL REGISTRATION TRANSFORMATION PROGRAMME,LONDON BOROUGH OF WALTHAM FOREST,3000059861,76120.00,Individual Electoral Registration Funding for 15/16
Cabinet Office,CABINET OFFICE,21/04/2015,RESOURCE GRANTS LOCAL AUTHORIT,ELECTORAL REGISTRATION TRANSFORMATION PROGRAMME,LONDON BOROUGH OF RICHMOND UPON THAMES,3000059900,76593.00,Individual Electoral Registration Funding for 15/16
Cabinet Office,CABINET OFFICE,21/04/2015,RESOURCE GRANTS LOCAL AUTHORIT,ELECTORAL REGISTRATION TRANSFORMATION PROGRAMME,NORTHAMPTON BOROUGH COUNCIL,3000059932,77293.00,Individual Electoral Registration Funding for 15/16
Cabinet Office,CABINET OFFICE,21/04/2015,RESOURCE GRANTS LOCAL AUTHORIT,ELECTORAL REGISTRATION TRANSFORMATION PROGRAMME,LONDON BOROUGH OF MERTON,3000059830,77565.00,Individual Electoral Registration Funding for 15/16
Cabinet Office,CABINET OFFICE,21/04/2015,RESOURCE GRANTS LOCAL AUTHORIT,ELECTORAL REGISTRATION TRANSFORMATION PROGRAMME,SANDWELL MBC,3000059935,78411.00,Individual Electoral Registration Funding for 15/16
Cabinet Office,CABINET OFFICE,21/04/2015,RESOURCE GRANTS LOCAL AUTHORIT,ELECTORAL REGISTRATION TRANSFORMATION PROGRAMME,WOLVERHAMPTON CITY COUNCIL,3000059945,79875.00,Individual Electoral Registration Funding for 15/16
Cabinet Office,CABINET OFFICE,21/04/2015,RESOURCE GRANTS LOCAL AUTHORIT,ELECTORAL REGISTRATION TRANSFORMATION PROGRAMME,LONDON BOROUGH OF HARROW,3000059832,80923.00,Individual Electoral Registration Funding for 15/16
Cabinet Office,CABINET OFFICE,21/04/2015,RESOURCE GRANTS LOCAL AUTHORIT,ELECTORAL REGISTRATION TRANSFORMATION PROGRAMME,DERBY CITY COUNCIL,3000059857,83105.00,Individual Electoral Registration Funding for 15/16
Cabinet Office,CABINET OFFICE,21/04/2015,RESOURCE GRANTS LOCAL AUTHORIT,ELECTORAL REGISTRATION TRANSFORMATION PROGRAMME,LONDON BOROUGH OF HOUNSLOW,3000059836,91102.00,Individual Electoral Registration Funding for 15/16
Cabinet Office,CABINET OFFICE,21/04/2015,RESOURCE GRANTS LOCAL AUTHORIT,ELECTORAL REGISTRATION TRANSFORMATION PROGRAMME,ROYAL BOROUGH OF KENSINGTON AND CHELSEA,3000059879,92657.00,Individual Electoral Registration Funding for 15/16
Cabinet Office,CABINET OFFICE,21/04/2015,RESOURCE GRANTS LOCAL AUTHORIT,ELECTORAL REGISTRATION TRANSFORMATION PROGRAMME,ROYAL BOROUGH OF KINGSTON UPON THAMES,3000059865,93742.00,Individual Electoral Registration Funding for 15/16
Cabinet Office,CABINET OFFICE,21/04/2015,RESOURCE GRANTS LOCAL AUTHORIT,ELECTORAL REGISTRATION TRANSFORMATION PROGRAMME,LONDON BOROUGH OF BROMLEY,3000059940,97000.00,Individual Electoral Registration Funding for 15/16
Cabinet Office,CABINET OFFICE,21/04/2015,RESOURCE GRANTS LOCAL AUTHORIT,ELECTORAL REGISTRATION TRANSFORMATION PROGRAMME,LONDON BOROUGH OF REDBRIDGE,3000059841,97003.00,Individual Electoral Registration Funding for 15/16
Cabinet Office,CABINET OFFICE,21/04/2015,RESOURCE GRANTS LOCAL AUTHORIT,ELECTORAL REGISTRATION TRANSFORMATION PROGRAMME,LONDON BOROUGH OF ENFIELD,3000059858,97043.00,Individual Electoral Registration Funding for 15/16
Cabinet Office,CABINET OFFICE,21/04/2015,RESOURCE GRANTS LOCAL AUTHORIT,ELECTORAL REGISTRATION TRANSFORMATION PROGRAMME,LONDON BOROUGH OF HILLINGDON,3000059887,99540.00,Individual Electoral Registration Funding for 15/16
Cabinet Office,CABINET OFFICE,21/04/2015,RESOURCE GRANTS LOCAL AUTHORIT,ELECTORAL REGISTRATION TRANSFORMATION PROGRAMME,LONDON BOROUGH OF EALING,3000059908,106666.00,Individual Electoral Registration Funding for 15/16
Cabinet Office,CABINET OFFICE,21/04/2015,RESOURCE GRANTS LOCAL AUTHORIT,ELECTORAL REGISTRATION TRANSFORMATION PROGRAMME,LONDON BOROUGH OF HARINGEY,3000059903,107817.00,Individual Electoral Registration Funding for 15/16
Cabinet Office,CABINET OFFICE,21/04/2015,RESOURCE GRANTS LOCAL AUTHORIT,ELECTORAL REGISTRATION TRANSFORMATION PROGRAMME,LONDON BOROUGH OF HAMMERSMITH & FULHAM,3000059870,111368.00,Individual Electoral Registration Funding for 15/16
Cabinet Office,CABINET OFFICE,21/04/2015,RESOURCE GRANTS LOCAL AUTHORIT,ELECTORAL REGISTRATION TRANSFORMATION PROGRAMME,LONDON BOROUGH OF BRENT,3000059864,112147.00,Individual Electoral Registration Funding for 15/16
Cabinet Office,CABINET OFFICE,21/04/2015,RESOURCE GRANTS LOCAL AUTHORIT,ELECTORAL REGISTRATION TRANSFORMATION PROGRAMME,LONDON BOROUGH OF GREENWICH,3000059866,113579.00,Individual Electoral Registration Funding for 15/16
Cabinet Office,CABINET OFFICE,21/04/2015,RESOURCE GRANTS LOCAL AUTHORIT,ELECTORAL REGISTRATION TRANSFORMATION PROGRAMME,LONDON BOROUGH OF LEWISHAM,3000059907,116942.00,Individual Electoral Registration Funding for 15/16
Cabinet Office,CABINET OFFICE,21/04/2015,RESOURCE GRANTS LOCAL AUTHORIT,ELECTORAL REGISTRATION TRANSFORMATION PROGRAMME,LONDON BOROUGH OF HACKNEY,3000059817,117865.00,Individual Electoral Registration Funding for 15/16
Cabinet Office,CABINET OFFICE,21/04/2015,RESOURCE GRANTS LOCAL AUTHORIT,ELECTORAL REGISTRATION TRANSFORMATION PROGRAMME,LONDON BOROUGH OF NEWHAM,3000059871,122588.00,Individual Electoral Registration Funding for 15/16
Cabinet Office,CABINET OFFICE,21/04/2015,RESOURCE GRANTS LOCAL AUTHORIT,ELECTORAL REGISTRATION TRANSFORMATION PROGRAMME,LEICESTER CITY COUNCIL,3000059909,124926.00,Individual Electoral Registration Funding for 15/16
Cabinet Office,CABINET OFFICE,21/04/2015,RESOURCE GRANTS LOCAL AUTHORIT,ELECTORAL REGISTRATION TRANSFORMATION PROGRAMME,LONDON BOROUGH OF BARNET,3000059867,134774.00,Individual Electoral Registration Funding for 15/16
Cabinet Office,CABINET OFFICE,21/04/2015,RESOURCE GRANTS LOCAL AUTHORIT,ELECTORAL REGISTRATION TRANSFORMATION PROGRAMME,COVENTRY CITY COUNCIL,3000059808,136102.00,Individual Electoral Registration Funding for 15/16
Cabinet Office,CABINET OFFICE,21/04/2015,RESOURCE GRANTS LOCAL AUTHORIT,ELECTORAL REGISTRATION TRANSFORMATION PROGRAMME,LONDON BOROUGH OF TOWER HAMLETS,3000059878,139700.00,Individual Electoral Registration Funding for 15/16
Cabinet Office,CABINET OFFICE,21/04/2015,RESOURCE GRANTS LOCAL AUTHORIT,ELECTORAL REGISTRATION TRANSFORMATION PROGRAMME,LONDON BOROUGH OF SOUTHWARK,3000059835,140700.00,Individual Electoral Registration Funding for 15/16
Cabinet Office,CABINET OFFICE,21/04/2015,RESOURCE GRANTS LOCAL AUTHORIT,ELECTORAL REGISTRATION TRANSFORMATION PROGRAMME,LONDON BOROUGH OF ISLINGTON,3000059820,141308.00,Individual Electoral Registration Funding for 15/16
Cabinet Office,CABINET OFFICE,21/04/2015,RESOURCE GRANTS LOCAL AUTHORIT,ELECTORAL REGISTRATION TRANSFORMATION PROGRAMME,LONDON BOROUGH OF LAMBETH,3000059897,163714.00,Individual Electoral Registration Funding for 15/16
Cabinet Office,CABINET OFFICE,21/04/2015,RESOURCE GRANTS LOCAL AUTHORIT,ELECTORAL REGISTRATION TRANSFORMATION PROGRAMME,LONDON BOROUGH OF WESTMINSTER,3000059862,165690.00,Individual Electoral Registration Funding for 15/16
Cabinet Office,CABINET OFFICE,21/04/2015,RESOURCE GRANTS LOCAL AUTHORIT,ELECTORAL REGISTRATION TRANSFORMATION PROGRAMME,LONDON BOROUGH OF CAMDEN,3000059813,166067.00,Individual Electoral Registration Funding for 15/16
Cabinet Office,CABINET OFFICE,21/04/2015,RESOURCE GRANTS LOCAL AUTHORIT,ELECTORAL REGISTRATION TRANSFORMATION PROGRAMME,LONDON BOROUGH OF WANDSWORTH,3000059877,166256.00,Individual Electoral Registration Funding for 15/16
Cabinet Office,CABINET OFFICE,21/04/2015,RESOURCE GRANTS LOCAL AUTHORIT,ELECTORAL REGISTRATION TRANSFORMATION PROGRAMME,NOTTINGHAM CITY COUNCIL,3000059872,191715.00,Individual Electoral Registration Funding for 15/16
Cabinet Office,CABINET OFFICE,21/04/2015,GRANT IN AID CIVIL SERVICE BOD,CIVIL SERVICE WELFARE,BAIN & COMPANY,3000059487,224000.00,Commercial Capability Reviews: organisational strategy support
Cabinet Office,CABINET OFFICE,21/04/2015,RESOURCE GRANTS LOCAL AUTHORIT,ELECTORAL REGISTRATION TRANSFORMATION PROGRAMME,BIRMINGHAM CITY COUNCIL,3000059859,352521.00,Individual Electoral Registration Funding for 15/16
Cabinet Office,CABINET OFFICE,21/04/2015,GRANT IN AID CIVIL SERVICE BODIES,CIVIL SERVICE WELFARE,SHARED SERVICES CONNECTED LTD,3000060087,498000.00,Services to achieve Single Operating Platform Milestone
Cabinet Office,CABINET OFFICE,22/04/2015,RESOURCE GRANTS LOCAL AUTHORIT,ELECTORAL REGISTRATION TRANSFORMATION PROGRAMME,CITY OF CARLISLE,3000059981,25217.00,Individual Electoral Registration Funding for 15/16
Cabinet Office,CABINET OFFICE,22/04/2015,CONTRACTORS & STAFF SUBSTITUTIONS,G CLOUD,CAPITA RESOURCING LTD,3000059962,26299.42,Interim IT Specialists 
Cabinet Office,CABINET OFFICE,22/04/2015,CONTRACTORS & STAFF SUBSTITUTIONS,GDS TRANSFORMATION,CAPITA RESOURCING LTD,3000059962,27148.70,Interim IT Specialists 
Cabinet Office,CABINET OFFICE,22/04/2015,CHILDCARE VOUCHERS,HR REWARD AND EMPLOYEE RELATIONS TEAM,EDENRED,1001247,27700.41,Childcare vouchers
Cabinet Office,CABINET OFFICE,22/04/2015,RESOURCE GRANTS LOCAL AUTHORIT,ELECTORAL REGISTRATION TRANSFORMATION PROGRAMME,ANGLESEY ISLE OF COUNTY COUNCIL,3000059972,28421.00,Individual Electoral Registration Funding for 15/16
Cabinet Office,CABINET OFFICE,22/04/2015,RESOURCE GRANTS LOCAL AUTHORIT,ELECTORAL REGISTRATION TRANSFORMATION PROGRAMME,DENBIGHSHIRE COUNTY COUNCIL,3000059984,28786.00,Individual Electoral Registration Funding for 15/16
Cabinet Office,Crown Commercial Service,22/04/2015,Bravo Licence Costs,Enablement Projects,BravoSolution UK Ltd,PINORD 1060,30000.00,Service Charge for spend analytics hosting and maintenance
Cabinet Office,CABINET OFFICE,22/04/2015,RESOURCE GRANTS LOCAL AUTHORIT,ELECTORAL REGISTRATION TRANSFORMATION PROGRAMME,MONMOUTHSHIRE COUNTY COUNCIL,3000059978,32597.00,Individual Electoral Registration Funding for 15/16
Cabinet Office,CABINET OFFICE,22/04/2015,RESOURCE GRANTS LOCAL AUTHORIT,ELECTORAL REGISTRATION TRANSFORMATION PROGRAMME,CONWY COUNTY BOROUGH COUNCIL,3000059979,32654.00,Individual Electoral Registration Funding for 15/16
Cabinet Office,CABINET OFFICE,22/04/2015,RESOURCE GRANTS LOCAL AUTHORIT,ELECTORAL REGISTRATION TRANSFORMATION PROGRAMME,PEMBROKESHIRE COUNTY COUNCIL,3000059985,33280.00,Individual Electoral Registration Funding for 15/16
Cabinet Office,CABINET OFFICE,22/04/2015,RESOURCE GRANTS LOCAL AUTHORIT,ELECTORAL REGISTRATION TRANSFORMATION PROGRAMME,BRIDGEND COUNTY BOROUGH COUNCIL,3000059988,33522.00,Individual Electoral Registration Funding for 15/16
Cabinet Office,CABINET OFFICE,22/04/2015,RESOURCE GRANTS LOCAL AUTHORIT,ELECTORAL REGISTRATION TRANSFORMATION PROGRAMME,NEATH PORT TALBOT COUNTY BOROUGH COUNCIL,3000059977,35980.00,Individual Electoral Registration Funding for 15/16
Cabinet Office,CABINET OFFICE,22/04/2015,RESOURCE GRANTS LOCAL AUTHORIT,ELECTORAL REGISTRATION TRANSFORMATION PROGRAMME,FLINTSHIRE COUNTY COUNCIL,3000059970,36484.00,Individual Electoral Registration Funding for 15/16
Cabinet Office,CABINET OFFICE,22/04/2015,OTHER IS IT COSTS VAT RECOV,GDS Enabling Strategy,EQUAL EXPERTS UK LTD,3000060027,36750.00,Developer services provided to GaaP product teams
Cabinet Office,CABINET OFFICE,22/04/2015,RESOURCE GRANTS LOCAL AUTHORIT,ELECTORAL REGISTRATION TRANSFORMATION PROGRAMME,POWYS COUNTY COUNCIL,3000059990,39658.00,Individual Electoral Registration Funding for 15/16
Cabinet Office,CABINET OFFICE,22/04/2015,RESOURCE GRANTS LOCAL AUTHORIT,ERTP ERO CUSTOMER REGISTRATION,LANARKSHIRE VALUATION JOINT BOARD,3000059999,39931.33,Maximising the Electoral Register Funding
Cabinet Office,CABINET OFFICE,22/04/2015,RESOURCE GRANTS LOCAL AUTHORIT,ELECTORAL REGISTRATION TRANSFORMATION PROGRAMME,WREXHAM COUNTY BOROUGH COUNCIL,3000059983,40802.00,Individual Electoral Registration Funding for 15/16
Cabinet Office,Crown Commercial Service,22/04/2015,Bravo Licence Costs,Enablement Projects,BravoSolution UK Ltd,PINORD 1068,41650.00,Service Charges for Spend Analytics 
Cabinet Office,CABINET OFFICE,22/04/2015,CONTRACTORS & STAFF SUBSTITUTIONS,GDS GOV UK TRANSITION,CAPITA RESOURCING LTD,3000059962,41679.18,Interim IT Specialists 
Cabinet Office,CABINET OFFICE,22/04/2015,RESOURCE GRANTS LOCAL AUTHORIT,ELECTORAL REGISTRATION TRANSFORMATION PROGRAMME,CAERPHILLY COUNTY BOROUGH COUNCIL,3000059969,42029.00,Individual Electoral Registration Funding for 15/16
Cabinet Office,CABINET OFFICE,22/04/2015,RESOURCE GRANTS LOCAL AUTHORIT,ELECTORAL REGISTRATION TRANSFORMATION PROGRAMME,CEREDIGION COUNTY COUNCIL,3000059997,43840.00,Individual Electoral Registration Funding for 15/16
Cabinet Office,CABINET OFFICE,22/04/2015,RESOURCE GRANTS LOCAL AUTHORIT,ELECTORAL REGISTRATION TRANSFORMATION PROGRAMME,NEWPORT CITY COUNCIL,3000059996,45320.00,Individual Electoral Registration Funding for 15/16
Cabinet Office,CABINET OFFICE,22/04/2015,RESOURCE GRANTS LOCAL AUTHORIT,ELECTORAL REGISTRATION TRANSFORMATION PROGRAMME,BLACKPOOL BOROUGH COUNCIL,3000059982,45792.00,Individual Electoral Registration Funding for 15/16
Cabinet Office,CABINET OFFICE,22/04/2015,RESOURCE GRANTS LOCAL AUTHORIT,ELECTORAL REGISTRATION TRANSFORMATION PROGRAMME,THE VALE OF GLAMORGAN COUNCIL,3000059974,49214.00,Individual Electoral Registration Funding for 15/16
Cabinet Office,CABINET OFFICE,22/04/2015,RESOURCE GRANTS LOCAL AUTHORIT,ELECTORAL REGISTRATION TRANSFORMATION PROGRAMME,CARMARTHENSHIRE COUNTY COUNCIL,3000059971,50896.00,Individual Electoral Registration Funding for 15/16
Cabinet Office,CABINET OFFICE,22/04/2015,RESOURCE GRANTS LOCAL AUTHORIT,ELECTORAL REGISTRATION TRANSFORMATION PROGRAMME,BURY METROPOLITAN BOROUGH COUNCIL,3000059960,51201.00,Individual Electoral Registration Funding for 15/16
Cabinet Office,CABINET OFFICE,22/04/2015,RESOURCE GRANTS LOCAL AUTHORIT,ELECTORAL REGISTRATION TRANSFORMATION PROGRAMME,GWYNEDD COUNCIL,3000059994,54285.00,Individual Electoral Registration Funding for 15/16
Cabinet Office,Crown Commercial Service,22/04/2015,Bravo Licence Costs,Enablement Projects,BravoSolution UK Ltd,PINORD 1066,56160.00,Additional Spend Analytics Licenses
Cabinet Office,CABINET OFFICE,22/04/2015,RESOURCE GRANTS LOCAL AUTHORIT,ELECTORAL REGISTRATION TRANSFORMATION PROGRAMME,BLACKBURN WITH DARWEN BOROUGH COUNCIL,3000059992,56537.00,Individual Electoral Registration Funding for 15/16
Cabinet Office,CABINET OFFICE,22/04/2015,RESOURCE GRANTS LOCAL AUTHORIT, ELECTORAL REGISTRATION TRANSFORMATION PROGRAMME,RHONDDA CYNON TAFF CBC,3000059987,75902.00,Individual Electoral Registration Funding for 15/16
Cabinet Office,CABINET OFFICE,22/04/2015,OTHER IS IT COSTS VAT RECOV,HONOURS AND APPOINTMENTS SECRETARIAT,TRIAD GROUP PLC,3000060018,76393.00,IT project development costs
Cabinet Office,CABINET OFFICE,22/04/2015,RESOURCE GRANTS LOCAL AUTHORIT,ELECTORAL REGISTRATION TRANSFORMATION PROGRAMME,BOLTON METROPOLITAN BOROUGH COUNCIL,3000059986,77413.00,Individual Electoral Registration Funding for 15/16
Cabinet Office,CABINET OFFICE,22/04/2015,RESOURCE GRANTS LOCAL AUTHORIT,ELECTORAL REGISTRATION TRANSFORMATION PROGRAMME,CITY & COUNCIL OF SWANSEA,3000059976,89925.00,Individual Electoral Registration Funding for 15/16
Cabinet Office,CABINET OFFICE,22/04/2015,RESOURCE GRANTS LOCAL AUTHORIT,ELECTORAL REGISTRATION TRANSFORMATION PROGRAMME,LONDON BOROUGH OF CROYDON,3000059980,116041.00,Individual Electoral Registration Funding for 15/16
Cabinet Office,CABINET OFFICE,22/04/2015,OTHER IS IT COSTS VAT RECOV,GDS ID ASSURANCE,CESG,3000059957,125000.00,Support to the Verify Identity Assurance Programme
Cabinet Office,CABINET OFFICE,22/04/2015,RESOURCE GRANTS LOCAL AUTHORIT,ELECTORAL REGISTRATION TRANSFORMATION PROGRAMME,CARDIFF CITY COUNCIL,3000059989,169843.00,Individual Electoral Registration Funding for 15/16
Cabinet Office,CABINET OFFICE,22/04/2015,PUBLICITY ADVERTISING MEDIA,ERTP ERO CUSTOMER REGISTRATION,CARAT DENTSU AEGIS UK LIMITED,3000060019,329907.26,Maximising the Electoral Register Funding
Cabinet Office,CABINET OFFICE,22/04/2015,PUBLICITY ADVERTISING MEDIA,ERTP ERO CONFIRMATION & VERIFICATION,CARAT DENTSU AEGIS UK LIMITED,3000060019,689525.62,Communication services relating to ‘Scotland’s Changing’ public information campaign
Cabinet Office,CABINET OFFICE,23/04/2015,RESOURCE GRANTS LOCAL AUTHORIT,ELECTORAL REGISTRATION TRANSFORMATION PROGRAMME,HALTON BOROUGH COUNCIL,3000060067,27412.00,Individual Electoral Registration Funding for 15/16
Cabinet Office,CABINET OFFICE,23/04/2015,RESOURCE GRANTS PRIVATE SECTOR,ERTP ERO CUSTOMER REGISTRATION,SIXTH FORM COLLEGES ASSOCIATION,3000060036,30000.00,Maximising the Electoral Register Funding
Cabinet Office,CABINET OFFICE,23/04/2015,OTHER IS IT COSTS VAT RECOV,CERT,CGI IT UK LTD,3000060060,30177.73,IT development for CERT UK
Cabinet Office,CABINET OFFICE,23/04/2015,RESOURCE GRANTS LOCAL AUTHORIT,ELECTORAL REGISTRATION TRANSFORMATION PROGRAMME,CHORLEY BOROUGH COUNCIL,3000060078,30802.00,Individual Electoral Registration Funding for 15/16
Cabinet Office,CABINET OFFICE,23/04/2015,RESOURCE GRANTS LOCAL AUTHORIT,ELECTORAL REGISTRATION TRANSFORMATION PROGRAMME,KNOWSLEY METROPOLITIAN BOROUGH COUNCIL,3000060081,36857.00,Individual Electoral Registration Funding for 15/16
Cabinet Office,Crown Commercial Service,23/04/2015,Bravo Licence Costs,Enablement Projects,BravoSolution UK Ltd,PINORD 1079,41650.00,Service Charges for Spend Analytics 
Cabinet Office,CABINET OFFICE,23/04/2015,RESOURCE GRANTS LOCAL AUTHORIT,ELECTORAL REGISTRATION TRANSFORMATION PROGRAMME,LANCASTER CITY COUNCIL,3000060080,41809.00,Individual Electoral Registration Funding for 15/16
Cabinet Office,CABINET OFFICE,23/04/2015,RESOURCE GRANTS LOCAL AUTHORIT,ELECTORAL REGISTRATION TRANSFORMATION PROGRAMME,OLDHAM MBC,3000060082,54542.00,Individual Electoral Registration Funding for 15/16
Cabinet Office,CABINET OFFICE,23/04/2015,OTHER IS IT COSTS VAT RECOV,CO IT SYSTEMS,VIGLEN LTD,3000060088,56500.00,Core network IT hardware 
Cabinet Office,CABINET OFFICE,23/04/2015,RESOURCE GRANTS LOCAL AUTHORIT,ELECTORAL REGISTRATION TRANSFORMATION PROGRAMME,PRESTON CITY COUNCIL,3000060074,67402.00,Individual Electoral Registration Funding for 15/16
Cabinet Office,CABINET OFFICE,23/04/2015,RESOURCE GRANTS LOCAL AUTHORIT,ELECTORAL REGISTRATION TRANSFORMATION PROGRAMME,CHESHIRE EAST BOROUGH COUNCIL,3000060077,101310.00,Individual Electoral Registration Funding for 15/16
Cabinet Office,CABINET OFFICE,23/04/2015,RESOURCE GRANTS LOCAL AUTHORIT,ELECTORAL REGISTRATION TRANSFORMATION PROGRAMME,CHESHIRE WEST & CHESTER COUNCIL,3000060075,103902.00,Individual Electoral Registration Funding for 15/16
Cabinet Office,CABINET OFFICE,23/04/2015,RESOURCE GRANTS LOCAL AUTHORIT,ELECTORAL REGISTRATION TRANSFORMATION PROGRAMME,LIVERPOOL CITY COUNCIL,3000060043,189979.00,Individual Electoral Registration Funding for 15/16
Cabinet Office,CABINET OFFICE,23/04/2015,RESOURCE GRANTS LOCAL AUTHORIT,ELECTORAL REGISTRATION TRANSFORMATION PROGRAMME,MANCHESTER CITY COUNCIL,3000060071,254567.00,Individual Electoral Registration Funding for 15/16
Cabinet Office,CABINET OFFICE,23/04/2015,ADDITIONS IT HARDWARE,ERG NEXT GENERATION SHARED SERVICES,MYCSP LTD,3000060192,514369.20,Additional resources to help MyCSP manage Civil Service History migration
Cabinet Office,CABINET OFFICE,24/04/2015,RESOURCE GRANTS LOCAL AUTHORIT,ELECTORAL REGISTRATION TRANSFORMATION PROGRAMME,GOSPORT BOROUGH COUNCIL,3000060153,25162.00,Individual Electoral Registration Funding for 15/16
Cabinet Office,CABINET OFFICE,24/04/2015,RESOURCE GRANTS LOCAL AUTHORIT,ELECTORAL REGISTRATION TRANSFORMATION PROGRAMME,FENLAND DISTRICT COUNCIL,3000060110,25549.00,Individual Electoral Registration Funding for 15/16
Cabinet Office,CABINET OFFICE,24/04/2015,RESOURCE GRANTS LOCAL AUTHORIT,ELECTORAL REGISTRATION TRANSFORMATION PROGRAMME,FAREHAM BOROUGH COUNCIL,3000060149,25857.00,Individual Electoral Registration Funding for 15/16
Cabinet Office,CABINET OFFICE,24/04/2015,RESOURCE GRANTS LOCAL AUTHORIT,ELECTORAL REGISTRATION TRANSFORMATION PROGRAMME,EAST DORSET DISTRICT COUNCIL,3000060138,25926.00,Individual Electoral Registration Funding for 15/16
Cabinet Office,CABINET OFFICE,24/04/2015,RESOURCE GRANTS LOCAL AUTHORIT,ELECTORAL REGISTRATION TRANSFORMATION PROGRAMME,MID SUFFOLK DISTRICT COUNCIL,3000060255,25966.00,Individual Electoral Registration Funding for 15/16
Cabinet Office,CABINET OFFICE,24/04/2015,PENSIONS ADMINISTRATION - ADDITIONAL COSTS (MyCSP),SME PENSIONS PROGRAMME,PA CONSULTING SERVICES LTD,3000060210,26510.58,MyCSP programme costs
Cabinet Office,CABINET OFFICE,24/04/2015,RESOURCE GRANTS LOCAL AUTHORIT,ELECTORAL REGISTRATION TRANSFORMATION PROGRAMME,GREAT YARMOUTH BOROUGH COUNCIL,3000060154,26877.00,Individual Electoral Registration Funding for 15/16
Cabinet Office,CABINET OFFICE,24/04/2015,RESOURCE GRANTS LOCAL AUTHORIT,ELECTORAL REGISTRATION TRANSFORMATION PROGRAMME,BROXBOURNE BOROUGH COUNCIL,3000060134,27015.00,Individual Electoral Registration Funding for 15/16
Cabinet Office,CABINET OFFICE,24/04/2015,RESOURCE GRANTS LOCAL AUTHORIT,ELECTORAL REGISTRATION TRANSFORMATION PROGRAMME,SOUTH LAKELAND DISTRICT COUNCIL,3000060124,27316.00,Individual Electoral Registration Funding for 15/16
Cabinet Office,CABINET OFFICE,24/04/2015,RESOURCE GRANTS LOCAL AUTHORIT,ELECTORAL REGISTRATION TRANSFORMATION PROGRAMME,WAVENEY DISTRICT COUNCIL,3000060157,28040.00,Individual Electoral Registration Funding for 15/16
Cabinet Office,CABINET OFFICE,24/04/2015,RESOURCE GRANTS LOCAL AUTHORIT,ELECTORAL REGISTRATION TRANSFORMATION PROGRAMME,WEST DORSET DISTRICT COUNCIL,3000060182,28425.00,Individual Electoral Registration Funding for 15/16
Cabinet Office,CABINET OFFICE,24/04/2015,RESOURCE GRANTS LOCAL AUTHORIT,ELECTORAL REGISTRATION TRANSFORMATION PROGRAMME,COTSWOLD DISTRICT COUNCIL,3000060099,28903.00,Individual Electoral Registration Funding for 15/16
Cabinet Office,CABINET OFFICE,24/04/2015,RESOURCE GRANTS LOCAL AUTHORIT,ELECTORAL REGISTRATION TRANSFORMATION PROGRAMME,GRAVESHAM BOROUGH COUNCIL,3000060259,29063.00,Individual Electoral Registration Funding for 15/16
Cabinet Office,CABINET OFFICE,24/04/2015,RESOURCE GRANTS LOCAL AUTHORIT,ELECTORAL REGISTRATION TRANSFORMATION PROGRAMME,DOVER DISTRICT COUNCIL,3000060162,29070.00,Individual Electoral Registration Funding for 15/16
Cabinet Office,CABINET OFFICE,24/04/2015,RESOURCE GRANTS LOCAL AUTHORIT,ELECTORAL REGISTRATION TRANSFORMATION PROGRAMME,DARTFORD BOROUGH COUNCIL,3000060258,29073.00,Individual Electoral Registration Funding for 15/16
Cabinet Office,CABINET OFFICE,24/04/2015,RESOURCE GRANTS LOCAL AUTHORIT,ELECTORAL REGISTRATION TRANSFORMATION PROGRAMME,STROUD DISTRICT COUNCIL,3000060105,29441.00,Individual Electoral Registration Funding for 15/16
Cabinet Office,CABINET OFFICE,24/04/2015,RESOURCE GRANTS LOCAL AUTHORIT,ELECTORAL REGISTRATION TRANSFORMATION PROGRAMME,WYRE BOROUGH COUNCIL,3000060098,29585.00,Individual Electoral Registration Funding for 15/16
Cabinet Office,CABINET OFFICE,24/04/2015,RESOURCE GRANTS LOCAL AUTHORIT,ELECTORAL REGISTRATION TRANSFORMATION PROGRAMME,CRAWLEY BOROUGH COUNCIL,3000060136,29711.00,Individual Electoral Registration Funding for 15/16
Cabinet Office,CABINET OFFICE,24/04/2015,RESOURCE GRANTS LOCAL AUTHORIT,ELECTORAL REGISTRATION TRANSFORMATION PROGRAMME,THREE RIVERS DISTRICT COUNCIL,3000060253,31399.00,Individual Electoral Registration Funding for 15/16
Cabinet Office,CABINET OFFICE,24/04/2015,RESOURCE GRANTS LOCAL AUTHORIT,ELECTORAL REGISTRATION TRANSFORMATION PROGRAMME,BRECKLAND DISTRICT COUNCIL,3000060262,31410.00,Individual Electoral Registration Funding for 15/16
Cabinet Office,CABINET OFFICE,24/04/2015,RESOURCE GRANTS LOCAL AUTHORIT,ELECTORAL REGISTRATION TRANSFORMATION PROGRAMME,ASHFORD BOROUGH COUNCIL,3000060135,32011.00,Individual Electoral Registration Funding for 15/16
Cabinet Office,CABINET OFFICE,24/04/2015,RESOURCE GRANTS LOCAL AUTHORIT,ELECTORAL REGISTRATION TRANSFORMATION PROGRAMME,MENDIP DISTRICT COUNCIL,3000060118,32043.00,Individual Electoral Registration Funding for 15/16
Cabinet Office,CABINET OFFICE,24/04/2015,RESOURCE GRANTS LOCAL AUTHORIT,ELECTORAL REGISTRATION TRANSFORMATION PROGRAMME,SEDGEMOOR DISTRICT COUNCIL,3000060166,32608.00,Individual Electoral Registration Funding for 15/16
Cabinet Office,CABINET OFFICE,24/04/2015,RESOURCE GRANTS LOCAL AUTHORIT,ELECTORAL REGISTRATION TRANSFORMATION PROGRAMME,ST EDMUNDSBURY BOROUGH COUNCIL,3000060267,32685.00,Individual Electoral Registration Funding for 15/16
Cabinet Office,CABINET OFFICE,24/04/2015,RESOURCE GRANTS LOCAL AUTHORIT,ELECTORAL REGISTRATION TRANSFORMATION PROGRAMME,TAUNTON DEANE BOROUGH COUNCIL,3000060264,32825.00,Individual Electoral Registration Funding for 15/16
Cabinet Office,CABINET OFFICE,24/04/2015,RESOURCE GRANTS LOCAL AUTHORIT,ELECTORAL REGISTRATION TRANSFORMATION PROGRAMME,WATFORD BOROUGH COUNCIL,3000060130,32993.00,Individual Electoral Registration Funding for 15/16
Cabinet Office,CABINET OFFICE,24/04/2015,RESOURCE GRANTS LOCAL AUTHORIT,ELECTORAL REGISTRATION TRANSFORMATION PROGRAMME,HERTSMERE BOROUGH COUNCIL,3000060117,33270.00,Individual Electoral Registration Funding for 15/16
Cabinet Office,CABINET OFFICE,24/04/2015,RESOURCE GRANTS LOCAL AUTHORIT,ELECTORAL REGISTRATION TRANSFORMATION PROGRAMME,SUFFOLK COASTAL DISTRICT COUNCIL,3000060141,33383.00,Individual Electoral Registration Funding for 15/16
Cabinet Office,CABINET OFFICE,24/04/2015,CONSULTANTS VAT RECOVERABLE,MUTUALS,REDQUADRANT,3000059524,33750.00,Mutual Support Programme: Rehabilitation & Innovative Solutions Enterprise (RISE) costs 
Cabinet Office,CABINET OFFICE,24/04/2015,RESOURCE GRANTS LOCAL AUTHORIT,ELECTORAL REGISTRATION TRANSFORMATION PROGRAMME,TEIGNBRIDGE DISTRICT COUNCIL,3000060225,34661.00,Individual Electoral Registration Funding for 15/16
Cabinet Office,CABINET OFFICE,24/04/2015,RESOURCE GRANTS LOCAL AUTHORIT,ELECTORAL REGISTRATION TRANSFORMATION PROGRAMME,GLOUCESTER CITY COUNCIL,3000060249,34713.00,Individual Electoral Registration Funding for 15/16
Cabinet Office,CABINET OFFICE,24/04/2015,RESOURCE GRANTS LOCAL AUTHORIT,ELECTORAL REGISTRATION TRANSFORMATION PROGRAMME,TENDRING DISTRICT COUNCIL,3000060142,34974.00,Individual Electoral Registration Funding for 15/16
Cabinet Office,CABINET OFFICE,24/04/2015,RESOURCE GRANTS LOCAL AUTHORIT,ELECTORAL REGISTRATION TRANSFORMATION PROGRAMME,EAST HAMPSHIRE DISTRICT COUNCIL,3000060139,35083.00,Individual Electoral Registration Funding for 15/16
Cabinet Office,CABINET OFFICE,24/04/2015,RESOURCE GRANTS LOCAL AUTHORIT,ELECTORAL REGISTRATION TRANSFORMATION PROGRAMME,EASTBOURNE BOROUGH COUNCIL,3000060140,35637.00,Individual Electoral Registration Funding for 15/16
Cabinet Office,CABINET OFFICE,24/04/2015,RESOURCE GRANTS LOCAL AUTHORIT,ELECTORAL REGISTRATION TRANSFORMATION PROGRAMME,BASILDON DISTRICT COUNCIL,3000060111,36015.00,Individual Electoral Registration Funding for 15/16
Cabinet Office,CABINET OFFICE,24/04/2015,RESOURCE GRANTS LOCAL AUTHORIT,ELECTORAL REGISTRATION TRANSFORMATION PROGRAMME,BRACKNELL FOREST BOROUGH COUNCIL,3000060150,36126.00,Individual Electoral Registration Funding for 15/16
Cabinet Office,CABINET OFFICE,24/04/2015,RESOURCE GRANTS LOCAL AUTHORIT,ELECTORAL REGISTRATION TRANSFORMATION PROGRAMME,WARRINGTON BOROUGH COUNCIL,3000060156,37337.00,Individual Electoral Registration Funding for 15/16
Cabinet Office,CABINET OFFICE,24/04/2015,RESOURCE GRANTS LOCAL AUTHORIT,ELECTORAL REGISTRATION TRANSFORMATION PROGRAMME,EPPING FOREST DISTRICT COUNCIL,3000060128,37415.00,Individual Electoral Registration Funding for 15/16
Cabinet Office,CABINET OFFICE,24/04/2015,RESOURCE GRANTS LOCAL AUTHORIT,ELECTORAL REGISTRATION TRANSFORMATION PROGRAMME,KINGS LYNN & WEST NORFOLK BOROUGH COUNCIL,3000060190,38048.00,Individual Electoral Registration Funding for 15/16
Cabinet Office,CABINET OFFICE,24/04/2015,RESOURCE GRANTS LOCAL AUTHORIT,ELECTORAL REGISTRATION TRANSFORMATION PROGRAMME,ST HELENS MBC,3000060121,38428.00,Individual Electoral Registration Funding for 15/16
Cabinet Office,CABINET OFFICE,24/04/2015,RESOURCE GRANTS LOCAL AUTHORIT,ELECTORAL REGISTRATION TRANSFORMATION PROGRAMME,EAST HERTFORDSHIRE DISTRICT COUNCIL,3000060191,38495.00,Individual Electoral Registration Funding for 15/16
Cabinet Office,CABINET OFFICE,24/04/2015,RESOURCE GRANTS LOCAL AUTHORIT,ELECTORAL REGISTRATION TRANSFORMATION PROGRAMME,TORBAY BOROUGH COUNCIL,3000060144,38878.00,Individual Electoral Registration Funding for 15/16
Cabinet Office,CABINET OFFICE,24/04/2015,RESOURCE GRANTS LOCAL AUTHORIT,ELECTORAL REGISTRATION TRANSFORMATION PROGRAMME,ST ALBANS DISTRICT COUNCIL,3000060164,39159.00,Individual Electoral Registration Funding for 15/16
Cabinet Office,CABINET OFFICE,24/04/2015,RESOURCE GRANTS LOCAL AUTHORIT,ELECTORAL REGISTRATION TRANSFORMATION PROGRAMME,CHERWELL DISTRICT COUNCIL,3000060109,39428.00,Individual Electoral Registration Funding for 15/16
Cabinet Office,CABINET OFFICE,24/04/2015,RESOURCE GRANTS LOCAL AUTHORIT,ELECTORAL REGISTRATION TRANSFORMATION PROGRAMME,WEST LANCASHIRE BOROUGH COUNCIL,3000060159,39534.00,Individual Electoral Registration Funding for 15/16
Cabinet Office,CABINET OFFICE,24/04/2015,RESOURCE GRANTS LOCAL AUTHORIT,ELECTORAL REGISTRATION TRANSFORMATION PROGRAMME,EASTLEIGH BOROUGH COUNCIL,3000060100,39680.00,Individual Electoral Registration Funding for 15/16
Cabinet Office,CABINET OFFICE,24/04/2015,RESOURCE GRANTS LOCAL AUTHORIT,ELECTORAL REGISTRATION TRANSFORMATION PROGRAMME,SOUTH CAMBRIDGESHIRE DISTRICT COUNCIL,3000060133,39726.00,Individual Electoral Registration Funding for 15/16
Cabinet Office,CABINET OFFICE,24/04/2015,RESOURCE GRANTS LOCAL AUTHORIT,ELECTORAL REGISTRATION TRANSFORMATION PROGRAMME,SOUTH NORFOLK DISTRICT COUNCIL,3000060101,40368.00,Individual Electoral Registration Funding for 15/16
Cabinet Office,CABINET OFFICE,24/04/2015,RESOURCE GRANTS LOCAL AUTHORIT,ELECTORAL REGISTRATION TRANSFORMATION PROGRAMME,BRAINTREE DISTRICT COUNCIL,3000060161,40520.00,Individual Electoral Registration Funding for 15/16
Cabinet Office,CABINET OFFICE,24/04/2015,RESOURCE GRANTS LOCAL AUTHORIT,ELECTORAL REGISTRATION TRANSFORMATION PROGRAMME,EAST DEVON DISTRICT COUNCIL,3000060148,41031.00,Individual Electoral Registration Funding for 15/16
Cabinet Office,CABINET OFFICE,24/04/2015,RESOURCE GRANTS LOCAL AUTHORIT,ELECTORAL REGISTRATION TRANSFORMATION PROGRAMME,CHICHESTER DISTRICT COUNCIL,3000060115,41476.00,Individual Electoral Registration Funding for 15/16
Cabinet Office,CABINET OFFICE,24/04/2015,RESOURCE GRANTS LOCAL AUTHORIT,ELECTORAL REGISTRATION TRANSFORMATION PROGRAMME,DACORUM BOROUGH COUNCIL,3000060137,42177.00,Individual Electoral Registration Funding for 15/16
Cabinet Office,CABINET OFFICE,24/04/2015,RESOURCE GRANTS LOCAL AUTHORIT,ELECTORAL REGISTRATION TRANSFORMATION PROGRAMME,THURROCK BOROUGH COUNCIL,3000060143,42833.00,Individual Electoral Registration Funding for 15/16
Cabinet Office,CABINET OFFICE,24/04/2015,RESOURCE GRANTS LOCAL AUTHORIT,ELECTORAL REGISTRATION TRANSFORMATION PROGRAMME,ARUN DISTRICT COUNCIL,3000060097,43061.00,Individual Electoral Registration Funding for 15/16
Cabinet Office,CABINET OFFICE,24/04/2015,RESOURCE GRANTS LOCAL AUTHORIT,ELECTORAL REGISTRATION TRANSFORMATION PROGRAMME,SOUTH SOMERSET DISTRICT COUNCIL,3000060132,44250.00,Individual Electoral Registration Funding for 15/16
Cabinet Office,CABINET OFFICE,24/04/2015,RESOURCE GRANTS LOCAL AUTHORIT,ELECTORAL REGISTRATION TRANSFORMATION PROGRAMME,BEDFORD BOROUGH COUNCIL,3000060113,44253.00,Individual Electoral Registration Funding for 15/16
Cabinet Office,CABINET OFFICE,24/04/2015,RESOURCE GRANTS LOCAL AUTHORIT,ELECTORAL REGISTRATION TRANSFORMATION PROGRAMME,HASTINGS BOROUGH COUNCIL,3000060245,44329.00,Individual Electoral Registration Funding for 15/16
Cabinet Office,CABINET OFFICE,24/04/2015,RESOURCE GRANTS LOCAL AUTHORIT,ELECTORAL REGISTRATION TRANSFORMATION PROGRAMME,IPSWICH BOROUGH COUNCIL,3000060266,44479.00,Individual Electoral Registration Funding for 15/16
Cabinet Office,CABINET OFFICE,24/04/2015,RESOURCE GRANTS LOCAL AUTHORIT,ELECTORAL REGISTRATION TRANSFORMATION PROGRAMME,BASINGSTOKE & DEANE BOROUGH COUNCIL,3000060112,45860.00,Individual Electoral Registration Funding for 15/16
Cabinet Office,CABINET OFFICE,24/04/2015,RESOURCE GRANTS LOCAL AUTHORIT,ELECTORAL REGISTRATION TRANSFORMATION PROGRAMME,ELMBRIDGE BOROUGH COUNCIL,3000060151,46433.00,Individual Electoral Registration Funding for 15/16
Cabinet Office,CABINET OFFICE,24/04/2015,RESOURCE GRANTS LOCAL AUTHORIT,ELECTORAL REGISTRATION TRANSFORMATION PROGRAMME,HUNTINGDONSHIRE DISTRICT COUNCIL,3000060256,46541.00,Individual Electoral Registration Funding for 15/16
Cabinet Office,CABINET OFFICE,24/04/2015,RESOURCE GRANTS LOCAL AUTHORIT,ELECTORAL REGISTRATION TRANSFORMATION PROGRAMME,CHELMSFORD BOROUGH COUNCIL,3000060095,48246.00,Individual Electoral Registration Funding for 15/16
Cabinet Office,CABINET OFFICE,24/04/2015,RESOURCE GRANTS LOCAL AUTHORIT,ELECTORAL REGISTRATION TRANSFORMATION PROGRAMME,PETERBOROUGH CITY COUNCIL,3000060125,49362.00,Individual Electoral Registration Funding for 15/16
Cabinet Office,CABINET OFFICE,24/04/2015,RESOURCE GRANTS LOCAL AUTHORIT,ELECTORAL REGISTRATION TRANSFORMATION PROGRAMME,CHELTENHAM BOROUGH COUNCIL,3000060208,49961.00,Individual Electoral Registration Funding for 15/16
Cabinet Office,CABINET OFFICE,24/04/2015,RESOURCE GRANTS LOCAL AUTHORIT,ELECTORAL REGISTRATION TRANSFORMATION PROGRAMME,SOUTHEND ON SEA BOROUGH COUNCIL,3000060165,50185.00,Individual Electoral Registration Funding for 15/16
Cabinet Office,CABINET OFFICE,24/04/2015,CONSULTANTS VAT RECOVERABLE,ERG FRAUD ERROR AND DEBT,METAVALUE LTD,3000059785,50741.05,Mutuals Support Programme consultancy support
Cabinet Office,CABINET OFFICE,24/04/2015,RESOURCE GRANTS LOCAL AUTHORIT,ELECTORAL REGISTRATION TRANSFORMATION PROGRAMME,AYLESBURY VALE DISTRICT COUNCIL,3000060222,50873.00,Individual Electoral Registration Funding for 15/16
Cabinet Office,CABINET OFFICE,24/04/2015,RESOURCE GRANTS LOCAL AUTHORIT,ELECTORAL REGISTRATION TRANSFORMATION PROGRAMME,WELWYN HATFIELD DISTRICT COUNCIL,3000060181,51067.00,Individual Electoral Registration Funding for 15/16
Cabinet Office,CABINET OFFICE,24/04/2015,RESOURCE GRANTS LOCAL AUTHORIT,ELECTORAL REGISTRATION TRANSFORMATION PROGRAMME,ROCHDALE METROPOLITAN BOROUGH COUNCIL,3000060265,52168.00,Individual Electoral Registration Funding for 15/16
Cabinet Office,CABINET OFFICE,24/04/2015,RESOURCE GRANTS LOCAL AUTHORIT,ELECTORAL REGISTRATION TRANSFORMATION PROGRAMME,NORTH SOMERSET COUNCIL,3000060122,54068.00,Individual Electoral Registration Funding for 15/16
Cabinet Office,CABINET OFFICE,24/04/2015,RESOURCE GRANTS LOCAL AUTHORIT,ELECTORAL REGISTRATION TRANSFORMATION PROGRAMME,TAMESIDE METROPOLITAN BOROUGH COUNCIL,3000060207,56719.00,Individual Electoral Registration Funding for 15/16
Cabinet Office,CABINET OFFICE,24/04/2015,RESOURCE GRANTS LOCAL AUTHORIT,ELECTORAL REGISTRATION TRANSFORMATION PROGRAMME,GUILDFORD BOROUGH COUNCIL,3000060155,57423.00,Individual Electoral Registration Funding for 15/16
Cabinet Office,CABINET OFFICE,24/04/2015,RESOURCE GRANTS LOCAL AUTHORIT,ELECTORAL REGISTRATION TRANSFORMATION PROGRAMME,EXETER CITY COUNCIL,3000060127,59339.00,Individual Electoral Registration Funding for 15/16
Cabinet Office,CABINET OFFICE,24/04/2015,RESOURCE GRANTS LOCAL AUTHORIT,ELECTORAL REGISTRATION TRANSFORMATION PROGRAMME,SWINDON BOROUGH COUNCIL,3000060184,59842.00,Individual Electoral Registration Funding for 15/16
Cabinet Office,CABINET OFFICE,24/04/2015,OTHER IS IT COSTS VAT RECOV,GDS Enabling Strategy,ZUHLKE ENGINEERING LTD,3000060200,60701.88,Developer services provided to GaaP product teams
Cabinet Office,CABINET OFFICE,24/04/2015,RESOURCE GRANTS LOCAL AUTHORIT,ELECTORAL REGISTRATION TRANSFORMATION PROGRAMME,COLCHESTER BOROUGH COUNCIL,3000060170,63138.00,Individual Electoral Registration Funding for 15/16
Cabinet Office,CABINET OFFICE,24/04/2015,RESOURCE GRANTS LOCAL AUTHORIT,ELECTORAL REGISTRATION TRANSFORMATION PROGRAMME,SOUTH GLOUCESTERSHIRE DISTRICT COUNCIL,3000060103,63583.00,Individual Electoral Registration Funding for 15/16
Cabinet Office,CABINET OFFICE,24/04/2015,RESOURCE GRANTS LOCAL AUTHORIT,ELECTORAL REGISTRATION TRANSFORMATION PROGRAMME,POOLE BOROUGH COUNCIL,3000060242,64173.00,Individual Electoral Registration Funding for 15/16
Cabinet Office,CABINET OFFICE,24/04/2015,RESOURCE GRANTS LOCAL AUTHORIT,ELECTORAL REGISTRATION TRANSFORMATION PROGRAMME,TRAFFORD METROPOLITAN BOROUGH COUNCIL,3000060145,67717.00,Individual Electoral Registration Funding for 15/16
Cabinet Office,CABINET OFFICE,24/04/2015,RESOURCE GRANTS LOCAL AUTHORIT,ELECTORAL REGISTRATION TRANSFORMATION PROGRAMME,LUTON BOROUGH COUNCIL,3000060173,67808.00,Individual Electoral Registration Funding for 15/16
Cabinet Office,CABINET OFFICE,24/04/2015,RESOURCE GRANTS LOCAL AUTHORIT,ELECTORAL REGISTRATION TRANSFORMATION PROGRAMME,NORWICH CITY COUNCIL,3000060102,69261.00,Individual Electoral Registration Funding for 15/16
Cabinet Office,CABINET OFFICE,24/04/2015,RESOURCE GRANTS LOCAL AUTHORIT,ELECTORAL REGISTRATION TRANSFORMATION PROGRAMME,STOCKPORT MBC,3000060163,70321.00,Individual Electoral Registration Funding for 15/16
Cabinet Office,CABINET OFFICE,24/04/2015,RESOURCE GRANTS LOCAL AUTHORIT,ELECTORAL REGISTRATION TRANSFORMATION PROGRAMME,METROPOLITAN BOROUGH OF WIRRAL,3000060169,72114.00,Individual Electoral Registration Funding for 15/16
Cabinet Office,CABINET OFFICE,24/04/2015,OTHER IS IT COSTS VAT RECOV,CO IT SYSTEMS,E SYNERGY SOLUTIONS LTD,3000060194,72370.00,Service Desk IT Support Staff
Cabinet Office,CABINET OFFICE,24/04/2015,RESOURCE GRANTS LOCAL AUTHORIT,ELECTORAL REGISTRATION TRANSFORMATION PROGRAMME,WIGAN METROPOLITAN BOROUGH COUNCIL,3000060168,74634.00,Individual Electoral Registration Funding for 15/16
Cabinet Office,CABINET OFFICE,24/04/2015,RESOURCE GRANTS LOCAL AUTHORIT,ELECTORAL REGISTRATION TRANSFORMATION PROGRAMME,BOURNEMOUTH BOROUGH COUNCIL,3000060178,76114.00,Individual Electoral Registration Funding for 15/16
Cabinet Office,CABINET OFFICE,24/04/2015,RESOURCE GRANTS LOCAL AUTHORIT,ELECTORAL REGISTRATION TRANSFORMATION PROGRAMME,BATH & NORTH EAST SOMERSET COUNCIL,3000060240,78038.00,Individual Electoral Registration Funding for 15/16
Cabinet Office,CABINET OFFICE,24/04/2015,RESOURCE GRANTS LOCAL AUTHORIT,ELECTORAL REGISTRATION TRANSFORMATION PROGRAMME,SEFTON METROPOLITAN BOROUGH COUNCIL,3000060263,82429.00,Individual Electoral Registration Funding for 15/16
Cabinet Office,CABINET OFFICE,24/04/2015,RESOURCE GRANTS LOCAL AUTHORIT,ELECTORAL REGISTRATION TRANSFORMATION PROGRAMME,CANTERBURY CITY COUNCIL,3000060241,83755.00,Individual Electoral Registration Funding for 15/16
Cabinet Office,CABINET OFFICE,24/04/2015,RESOURCE GRANTS LOCAL AUTHORIT,ELECTORAL REGISTRATION TRANSFORMATION PROGRAMME,CAMBRIDGE CITY COUNCIL,3000060108,89237.00,Individual Electoral Registration Funding for 15/16
Cabinet Office,CABINET OFFICE,24/04/2015,RESOURCE GRANTS LOCAL AUTHORIT,ELECTORAL REGISTRATION TRANSFORMATION PROGRAMME,SALFORD CITY COUNCIL,3000060123,97470.00,Individual Electoral Registration Funding for 15/16
Cabinet Office,CABINET OFFICE,24/04/2015,RESOURCE GRANTS LOCAL AUTHORIT,ELECTORAL REGISTRATION TRANSFORMATION PROGRAMME,PLYMOUTH CITY COUNCIL,3000060261,102383.00,Individual Electoral Registration Funding for 15/16
Cabinet Office,CABINET OFFICE,24/04/2015,RESOURCE GRANTS LOCAL AUTHORIT,ELECTORAL REGISTRATION TRANSFORMATION PROGRAMME,WILTSHIRE COUNCIL,3000060183,124297.00,Individual Electoral Registration Funding for 15/16
Cabinet Office,CABINET OFFICE,24/04/2015,RESOURCE GRANTS LOCAL AUTHORIT,ELECTORAL REGISTRATION TRANSFORMATION PROGRAMME,BRIGHTON & HOVE CITY COUNCIL,3000060244,155468.00,Individual Electoral Registration Funding for 15/16
Cabinet Office,CABINET OFFICE,24/04/2015,RESOURCE GRANTS LOCAL AUTHORIT,ELECTORAL REGISTRATION TRANSFORMATION PROGRAMME,CORNWALL COUNCIL,3000060126,180949.00,Individual Electoral Registration Funding for 15/16
Cabinet Office,CABINET OFFICE,24/04/2015,RESOURCE GRANTS LOCAL AUTHORIT,ELECTORAL REGISTRATION TRANSFORMATION PROGRAMME,BRISTOL CITY COUNCIL,3000060186,185143.00,Individual Electoral Registration Funding for 15/16
Cabinet Office,CABINET OFFICE,24/04/2015,PENSIONS ADMINISTRATION - ADDITIONAL COSTS (MyCSP),HEAD OF SME,MYCSP LTD,3000060192,530534.40,MyCSP programme costs
Cabinet Office,CABINET OFFICE,24/04/2015,PENSIONS ADMINISTRATION - ADDITIONAL COSTS (MyCSP),NEXT GENERATION HR COSTS,HMRC,3000059309,543840.00,Pension administration for new fast streamers
Cabinet Office,CABINET OFFICE,27/04/2015,RESOURCE GRANTS LOCAL AUTHORIT,ELECTORAL REGISTRATION TRANSFORMATION PROGRAMME,HAVANT BOROUGH COUNCIL,3000060288,25385.00,Individual Electoral Registration Funding for 15/16
Cabinet Office,CABINET OFFICE,27/04/2015,RESOURCE GRANTS LOCAL AUTHORIT,ELECTORAL REGISTRATION TRANSFORMATION PROGRAMME,MOLE VALLEY DISTRICT COUNCIL,3000060341,26500.00,Individual Electoral Registration Funding for 15/16
Cabinet Office,CABINET OFFICE,27/04/2015,RESOURCE GRANTS LOCAL AUTHORIT,ELECTORAL REGISTRATION TRANSFORMATION PROGRAMME,SURREY HEATH BOROUGH COUNCIL,3000060314,26795.00,Individual Electoral Registration Funding for 15/16
Cabinet Office,CABINET OFFICE,27/04/2015,RESOURCE GRANTS LOCAL AUTHORIT,ELECTORAL REGISTRATION TRANSFORMATION PROGRAMME,TANDRIDGE DISTRICT COUNCIL,3000060342,28011.00,Individual Electoral Registration Funding for 15/16
Cabinet Office,CABINET OFFICE,27/04/2015,RESOURCE GRANTS LOCAL AUTHORIT,ELECTORAL REGISTRATION TRANSFORMATION PROGRAMME,WEST OXFORDSHIRE DISTRICT COUNCIL,3000060293,28300.00,Individual Electoral Registration Funding for 15/16
Cabinet Office,CABINET OFFICE,27/04/2015,RESOURCE GRANTS LOCAL AUTHORIT,ELECTORAL REGISTRATION TRANSFORMATION PROGRAMME,SHEPWAY DISTRICT COUNCIL,3000060302,29230.00,Individual Electoral Registration Funding for 15/16
Cabinet Office,CABINET OFFICE,27/04/2015,CONTRACTORS & STAFF SUBSTITUTIONS,GDS Enabling Strategy,CAPITA BUSINESS SERVICES LTD,3000060327,29438.03,Interim IT Specialists 
Cabinet Office,CABINET OFFICE,27/04/2015,CONTRACTORS & STAFF SUBSTITUTIONS,GDS ID ASSURANCE,CAPITA BUSINESS SERVICES LTD,3000060327,29728.87,Interim IT Specialists 
Cabinet Office,CABINET OFFICE,27/04/2015,RESOURCE GRANTS LOCAL AUTHORIT,ELECTORAL REGISTRATION TRANSFORMATION PROGRAMME,ROTHER DISTRICT COUNCIL,3000060287,30225.00,Individual Electoral Registration Funding for 15/16
Cabinet Office,CABINET OFFICE,27/04/2015,RESOURCE GRANTS LOCAL AUTHORIT,ELECTORAL REGISTRATION TRANSFORMATION PROGRAMME,LEWES DISTRICT COUNCIL,3000060308,31574.00,Individual Electoral Registration Funding for 15/16
Cabinet Office,CABINET OFFICE,27/04/2015,RESOURCE GRANTS LOCAL AUTHORIT,ELECTORAL REGISTRATION TRANSFORMATION PROGRAMME,WOKING BOROUGH COUNCIL,3000060316,32116.00,Individual Electoral Registration Funding for 15/16
Cabinet Office,CABINET OFFICE,27/04/2015,RESOURCE GRANTS LOCAL AUTHORIT,ELECTORAL REGISTRATION TRANSFORMATION PROGRAMME,HORSHAM DISTRICT COUNCIL,3000060307,34128.00,Individual Electoral Registration Funding for 15/16
Cabinet Office,CABINET OFFICE,27/04/2015,RESOURCE GRANTS LOCAL AUTHORIT,ELECTORAL REGISTRATION TRANSFORMATION PROGRAMME,WORTHING BOROUGH COUNCIL,3000060323,34438.00,Individual Electoral Registration Funding for 15/16
Cabinet Office,CABINET OFFICE,27/04/2015,RESOURCE GRANTS LOCAL AUTHORIT,ELECTORAL REGISTRATION TRANSFORMATION PROGRAMME,TEST VALLEY BOROUGH COUNCIL,3000060303,34732.00,Individual Electoral Registration Funding for 15/16
Cabinet Office,CABINET OFFICE,27/04/2015,RESOURCE GRANTS LOCAL AUTHORIT,ELECTORAL REGISTRATION TRANSFORMATION PROGRAMME,RUSHMOOR BOROUGH COUNCIL,3000060277,34767.00,Individual Electoral Registration Funding for 15/16
Cabinet Office,CABINET OFFICE,27/04/2015,RESOURCE GRANTS LOCAL AUTHORIT,ELECTORAL REGISTRATION TRANSFORMATION PROGRAMME,SWALE BOROUGH COUNCIL,3000060291,35812.00,Individual Electoral Registration Funding for 15/16
Cabinet Office,CABINET OFFICE,27/04/2015,RESOURCE GRANTS LOCAL AUTHORIT,ELECTORAL REGISTRATION TRANSFORMATION PROGRAMME,BROADLAND DISTRICT COUNCIL,3000060294,36082.00,Individual Electoral Registration Funding for 15/16
Cabinet Office,CABINET OFFICE,27/04/2015,RESOURCE GRANTS LOCAL AUTHORIT,ELECTORAL REGISTRATION TRANSFORMATION PROGRAMME,RUNNYMEDE BOROUGH COUNCIL,3000060343,36496.00,Individual Electoral Registration Funding for 15/16
Cabinet Office,CABINET OFFICE,27/04/2015,RESOURCE GRANTS LOCAL AUTHORIT,ELECTORAL REGISTRATION TRANSFORMATION PROGRAMME,TUNBRIDGE WELLS BOROUGH COUNCIL,3000060292,36720.00,Individual Electoral Registration Funding for 15/16
Cabinet Office,CABINET OFFICE,27/04/2015,RESOURCE GRANTS LOCAL AUTHORIT,ELECTORAL REGISTRATION TRANSFORMATION PROGRAMME,SEVENOAKS DISTRICT COUNCIL,3000060290,37127.00,Individual Electoral Registration Funding for 15/16
Cabinet Office,CABINET OFFICE,27/04/2015,RESOURCE GRANTS LOCAL AUTHORIT,ELECTORAL REGISTRATION TRANSFORMATION PROGRAMME,VALE OF WHITE HORSE DISTRICT COUNCIL,3000060340,37706.00,Individual Electoral Registration Funding for 15/16
Cabinet Office,CABINET OFFICE,27/04/2015,RESOURCE GRANTS LOCAL AUTHORIT,ELECTORAL REGISTRATION TRANSFORMATION PROGRAMME,TONBRIDGE & MALLING BOROUGH COUNCIL,3000060296,37781.00,Individual Electoral Registration Funding for 15/16
Cabinet Office,CABINET OFFICE,27/04/2015,RESOURCE GRANTS LOCAL AUTHORIT,ELECTORAL REGISTRATION TRANSFORMATION PROGRAMME,SOUTH OXFORDSHIRE DISTRICT COUNCIL,3000060286,38887.00,Individual Electoral Registration Funding for 15/16
Cabinet Office,CABINET OFFICE,27/04/2015,RESOURCE GRANTS LOCAL AUTHORIT,ELECTORAL REGISTRATION TRANSFORMATION PROGRAMME,WAVERLEY BOROUGH COUNCIL,3000060297,39139.00,Individual Electoral Registration Funding for 15/16
Cabinet Office,CABINET OFFICE,27/04/2015,RESOURCE GRANTS LOCAL AUTHORIT,ELECTORAL REGISTRATION TRANSFORMATION PROGRAMME,NORTH HERTFORDSHIRE DISTRICT COUNCIL,3000060285,39577.00,Individual Electoral Registration Funding for 15/16
Cabinet Office,CABINET OFFICE,27/04/2015,RESOURCE GRANTS LOCAL AUTHORIT,ELECTORAL REGISTRATION TRANSFORMATION PROGRAMME,THANET DISTRICT COUNCIL,3000060315,41887.00,Individual Electoral Registration Funding for 15/16
Cabinet Office,CABINET OFFICE,27/04/2015,RESOURCE GRANTS LOCAL AUTHORIT,ELECTORAL REGISTRATION TRANSFORMATION PROGRAMME,WOKINGHAM COUNCIL,3000060344,42437.00,Individual Electoral Registration Funding for 15/16
Cabinet Office,CABINET OFFICE,27/04/2015,RESOURCE GRANTS LOCAL AUTHORIT,ELECTORAL REGISTRATION TRANSFORMATION PROGRAMME,WEST BERKSHIRE COUNCIL,3000060339,43949.00,Individual Electoral Registration Funding for 15/16
Cabinet Office,CABINET OFFICE,27/04/2015,RESOURCE GRANTS LOCAL AUTHORIT,ELECTORAL REGISTRATION TRANSFORMATION PROGRAMME,MAIDSTONE BOROUGH COUNCIL,3000060278,45586.00,Individual Electoral Registration Funding for 15/16
Cabinet Office,CABINET OFFICE,27/04/2015,RESOURCE GRANTS LOCAL AUTHORIT,ELECTORAL REGISTRATION TRANSFORMATION PROGRAMME,NEW FOREST DISTRICT COUNCIL,3000060310,46181.00,Individual Electoral Registration Funding for 15/16
Cabinet Office,CABINET OFFICE,27/04/2015,RESOURCE GRANTS LOCAL AUTHORIT,ELECTORAL REGISTRATION TRANSFORMATION PROGRAMME,REIGATE & BANSTEAD BOROUGH COUNCIL,3000060312,46986.00,Individual Electoral Registration Funding for 15/16
Cabinet Office,CABINET OFFICE,27/04/2015,RESOURCE GRANTS LOCAL AUTHORIT,ELECTORAL REGISTRATION TRANSFORMATION PROGRAMME,ISLE OF WIGHT COUNTY COUNCIL,3000060289,47954.00,Individual Electoral Registration Funding for 15/16
Cabinet Office,CABINET OFFICE,27/04/2015,RESOURCE GRANTS LOCAL AUTHORIT,ELECTORAL REGISTRATION TRANSFORMATION PROGRAMME,ROYAL BOROUGH OF WINDSOR & MAIDENHEAD,3000060301,48392.00,Individual Electoral Registration Funding for 15/16
Cabinet Office,CABINET OFFICE,27/04/2015,RESOURCE GRANTS LOCAL AUTHORIT,ELECTORAL REGISTRATION TRANSFORMATION PROGRAMME,WINCHESTER CITY COUNCIL,3000060298,48591.00,Individual Electoral Registration Funding for 15/16
Cabinet Office,CABINET OFFICE,27/04/2015,RESOURCE GRANTS LOCAL AUTHORIT,ELECTORAL REGISTRATION TRANSFORMATION PROGRAMME,WYCOMBE DISTRICT COUNCIL,3000060276,55127.00,Individual Electoral Registration Funding for 15/16
Cabinet Office,CABINET OFFICE,27/04/2015,RESOURCE GRANTS LOCAL AUTHORIT,ELECTORAL REGISTRATION TRANSFORMATION PROGRAMME,SLOUGH BOROUGH COUNCIL,3000060299,56564.00,Individual Electoral Registration Funding for 15/16
Cabinet Office,CABINET OFFICE,27/04/2015,RESOURCE GRANTS LOCAL AUTHORIT, ELECTORAL REGISTRATION TRANSFORMATION PROGRAMME,CENTRAL BEDFORDSHIRE DISTRICT COUNCIL,3000060295,59131.00,Individual Electoral Registration Funding for 15/16
Cabinet Office,CABINET OFFICE,27/04/2015,RESOURCE GRANTS LOCAL AUTHORIT,ELECTORAL REGISTRATION TRANSFORMATION PROGRAMME,MID SUSSEX DISTRICT COUNCIL,3000060305,59190.00,Individual Electoral Registration Funding for 15/16
Cabinet Office,CABINET OFFICE,27/04/2015,RESOURCE GRANTS LOCAL AUTHORIT,ELECTORAL REGISTRATION TRANSFORMATION PROGRAMME,MILTON KEYNES BOROUGH COUNCIL,3000060300,67709.00,Individual Electoral Registration Funding for 15/16
Cabinet Office,CABINET OFFICE,27/04/2015,INSIGNIA OVERHEAD COSTS,HONOURS AND DIGNITIES,TREASURER TO THE QUEEN,3000060282,71603.00,Insignia stock costs
Cabinet Office,CABINET OFFICE,27/04/2015,RESOURCE GRANTS LOCAL AUTHORIT,ELECTORAL REGISTRATION TRANSFORMATION PROGRAMME,MEDWAY COUNCIL,3000060309,74521.00,Individual Electoral Registration Funding for 15/16
Cabinet Office,CABINET OFFICE,27/04/2015,RESOURCE GRANTS LOCAL AUTHORIT,ELECTORAL REGISTRATION TRANSFORMATION PROGRAMME,READING BOROUGH COUNCIL,3000060270,82117.00,Individual Electoral Registration Funding for 15/16
Cabinet Office,CABINET OFFICE,27/04/2015,RESOURCE GRANTS LOCAL AUTHORIT,ELECTORAL REGISTRATION TRANSFORMATION PROGRAMME,PORTSMOUTH CITY COUNCIL,3000060311,92525.00,Individual Electoral Registration Funding for 15/16
Cabinet Office,CABINET OFFICE,27/04/2015,RESOURCE GRANTS LOCAL AUTHORIT,ELECTORAL REGISTRATION TRANSFORMATION PROGRAMME,OXFORD CITY COUNCIL,3000060306,97001.00,Individual Electoral Registration Funding for 15/16
Cabinet Office,CABINET OFFICE,27/04/2015,RESOURCE GRANTS LOCAL AUTHORIT,ELECTORAL REGISTRATION TRANSFORMATION PROGRAMME,SOUTHAMPTON CITY COUNCIL,3000060313,112986.00,Individual Electoral Registration Funding for 15/16
Cabinet Office,CABINET OFFICE,27/04/2015,OTHER IS IT COSTS VAT RECOV,GDS ID ASSURANCE,DIGIDENTITY BV,2000638,801537.78,Cost of identities purchased under the Identity Provider Call-Off Contract
Cabinet Office,Crown Commercial Service,28/04/2015,Payroll Solutions COS,Payroll Solutions,CGI IT UK Ltd,PINORD 1129,26340.36,Implementation of Pension Reform Changes 
Cabinet Office,CABINET OFFICE,28/04/2015,CONSULTANTS VAT RECOVERABLE,MUTUALS,PRICEWATERHOUSE COOPERS LLP,3000059713,45333.00,Financial modelling support to the Debt Market Integrator Programme
Cabinet Office,Crown Commercial Service,28/04/2015,MOTO Aviation House,Estates Management,Food Standards Agency,PINORD 1123,100425.49,Rent for accommodation
Cabinet Office,Crown Commercial Service,28/04/2015,Payroll Solutions COS,Payroll Solutions,CGI IT UK Ltd,PINORD 1127,270000.00,Implementation of Pension Reform Changes 
Cabinet Office,CABINET OFFICE,29/04/2015,OTHER LEGAL FEES,GDS ID ASSURANCE,SLAUGHTER & MAY,3000060391,50300.30,Legal services 
Cabinet Office,CABINET OFFICE,29/04/2015,CONSULTANTS VAT RECOVERABLE,THE OFFICE OF THE REGISTER OF CONSULTANT LOBBYISTS,BRIGHTGEN LTD,3000060411,62220.56,Consultancy and technical implementation of the Registrar of Lobbyists website
Cabinet Office,CABINET OFFICE,29/04/2015,OTHER IS IT COSTS VAT RECOV,CERT,SUREVINE LTD,3000060399,117862.50,IT development for CERT UK
Cabinet Office,CABINET OFFICE,30/04/2015,GENERAL OFFICE EXPENSES VAT NON-RECOVERABLE,BOUNDARY COMMISSION OF WALES,LOCAL DEMOCRACY & BOUNDARY COMMISSION FOR WALES,3000060456,25000.00,Quarterly payment to the Boundary Commission for Wales to cover the cost of the resources used fulfil its statutory duties 
Cabinet Office,CABINET OFFICE,30/04/2015,OTHER LEGAL FEES,SME IDR & PENSIONS TECHNICAL LEAD,GOVERNMENT ACTUARYS DEPARTMENT GAD,3000060468,40999.34,Legal services 
Cabinet Office,CABINET OFFICE,30/04/2015,SUNNINGDALE PARK PFI SERVICE CHARGES,NSG TRANSITION COSTS,DE VERE VENUES GROUP LTD,3000060478,49440.00,Rent for Accommodation
Cabinet Office,CABINET OFFICE,30/04/2015,FM CONTRACT VARIABLE,TOTAL FM CONTRACT,CROWN COMMERCIAL SERVICE,3000060476,74423.72,Facilities Management Services
,,,,,,,,
,,,,,,,,
,,,,,,,,
,,,,,,,,
,,,,,,,,
,,,,,,,,
,,,,,,,,
,,,,,,,,
,,,,,,,,
,,,,,,,,
,,,,,,,,
,,,,,,,,
,,,,,,,,
,,,,,,,,
,,,,,,,,
,,,,,,,,
,,,,,,,,
,,,,,,,,
,,,,,,,,
,,,,,,,,
,,,,,,,,
,,,,,,,,
,,,,,,,,
,,,,,,,,
,,,,,,,,
,,,,,,,,
,,,,,,,,
,,,,,,,,
,,,,,,,,
,,,,,,,,
,,,,,,,,
,,,,,,,,
,,,,,,,,
,,,,,,,,
,,,,,,,,
,,,,,,,,
,,,,,,,,
,,,,,,,,
,,,,,,,,
,,,,,,,,
,,,,,,,,
,,,,,,,,
,,,,,,,,
,,,,,,,,
,,,,,,,,
,,,,,,,,
,,,,,,,,
,,,,,,,,
,,,,,,,,
,,,,,,,,
,,,,,,,,
,,,,,,,,
,,,,,,,,
,,,,,,,,
,,,,,,,,
,,,,,,,,
,,,,,,,,
,,,,,,,,
,,,,,,,,
,,,,,,,,
,,,,,,,,
,,,,,,,,
,,,,,,,,
,,,,,,,,
,,,,,,,,
,,,,,,,,
,,,,,,,,
,,,,,,,,
,,,,,,,,
,,,,,,,,
,,,,,,,,
,,,,,,,,
,,,,,,,,
,,,,,,,,
,,,,,,,,
,,,,,,,,
,,,,,,,,
,,,,,,,,
,,,,,,,,
,,,,,,,,
,,,,,,,,
,,,,,,,,
,,,,,,,,
,,,,,,,,
,,,,,,,,
,,,,,,,,
,,,,,,,,
,,,,,,,,
,,,,,,,,
,,,,,,,,
,,,,,,,,
,,,,,,,,
,,,,,,,,
,,,,,,,,
,,,,,,,,
,,,,,,,,
,,,,,,,,
,,,,,,,,
,,,,,,,,
,,,,,,,,
,,,,,,,,
,,,,,,,,
,,,,,,,,
,,,,,,,,
,,,,,,,,
,,,,,,,,
,,,,,,,,
,,,,,,,,
,,,,,,,,
,,,,,,,,
,,,,,,,,
,,,,,,,,
,,,,,,,,
,,,,,,,,
,,,,,,,,
,,,,,,,,
,,,,,,,,
,,,,,,,,
,,,,,,,,
,,,,,,,,
,,,,,,,,
,,,,,,,,
,,,,,,,,
,,,,,,,,
,,,,,,,,
,,,,,,,,
,,,,,,,,
,,,,,,,,
,,,,,,,,
,,,,,,,,
,,,,,,,,
,,,,,,,,
,,,,,,,,
,,,,,,,,
,,,,,,,,
,,,,,,,,
,,,,,,,,
,,,,,,,,
,,,,,,,,
,,,,,,,,
,,,,,,,,
,,,,,,,,
,,,,,,,,
,,,,,,,,
,,,,,,,,
,,,,,,,,
,,,,,,,,
,,,,,,,,
,,,,,,,,
,,,,,,,,
,,,,,,,,
,,,,,,,,
,,,,,,,,
,,,,,,,,
,,,,,,,,
,,,,,,,,
,,,,,,,,
,,,,,,,,
,,,,,,,,
,,,,,,,,
,,,,,,,,
,,,,,,,,
,,,,,,,,
,,,,,,,,
,,,,,,,,
,,,,,,,,
,,,,,,,,
,,,,,,,,
,,,,,,,,
,,,,,,,,
,,,,,,,,
,,,,,,,,
,,,,,,,,
,,,,,,,,
,,,,,,,,
,,,,,,,,
,,,,,,,,
,,,,,,,,
,,,,,,,,
,,,,,,,,
,,,,,,,,
,,,,,,,,
,,,,,,,,
,,,,,,,,
,,,,,,,,
,,,,,,,,
,,,,,,,,
,,,,,,,,
,,,,,,,,
,,,,,,,,
,,,,,,,,
,,,,,,,,
,,,,,,,,
,,,,,,,,
,,,,,,,,
,,,,,,,,
,,,,,,,,
,,,,,,,,
,,,,,,,,
,,,,,,,,
,,,,,,,,
,,,,,,,,
,,,,,,,,
,,,,,,,,
,,,,,,,,
,,,,,,,,
,,,,,,,,
,,,,,,,,
,,,,,,,,
,,,,,,,,
,,,,,,,,
,,,,,,,,
,,,,,,,,
,,,,,,,,
,,,,,,,,
,,,,,,,,
,,,,,,,,
,,,,,,,,
,,,,,,,,
,,,,,,,,
,,,,,,,,
,,,,,,,,
,,,,,,,,
,,,,,,,,
,,,,,,,,
,,,,,,,,
,,,,,,,,
,,,,,,,,
,,,,,,,,
,,,,,,,,
,,,,,,,,
,,,,,,,,
,,,,,,,,
,,,,,,,,
,,,,,,,,
,,,,,,,,
,,,,,,,,
,,,,,,,,
,,,,,,,,
,,,,,,,,
,,,,,,,,
,,,,,,,,
,,,,,,,,
,,,,,,,,
,,,,,,,,
,,,,,,,,
,,,,,,,,
,,,,,,,,
,,,,,,,,
,,,,,,,,
,,,,,,,,
,,,,,,,,
,,,,,,,,
,,,,,,,,
,,,,,,,,
,,,,,,,,
,,,,,,,,
,,,,,,,,
,,,,,,,,
,,,,,,,,
,,,,,,,,
,,,,,,,,
,,,,,,,,
,,,,,,,,
,,,,,,,,
,,,,,,,,
,,,,,,,,
,,,,,,,,
,,,,,,,,
,,,,,,,,
,,,,,,,,
,,,,,,,,
,,,,,,,,
,,,,,,,,
,,,,,,,,
,,,,,,,,
,,,,,,,,
,,,,,,,,
,,,,,,,,
,,,,,,,,
,,,,,,,,
,,,,,,,,
,,,,,,,,
,,,,,,,,
,,,,,,,,
,,,,,,,,
,,,,,,,,
,,,,,,,,
,,,,,,,,
,,,,,,,,
,,,,,,,,
,,,,,,,,
,,,,,,,,
,,,,,,,,
,,,,,,,,
,,,,,,,,
,,,,,,,,
,,,,,,,,
,,,,,,,,
,,,,,,,,
,,,,,,,,
,,,,,,,,
,,,,,,,,
,,,,,,,,
,,,,,,,,
,,,,,,,,
,,,,,,,,
,,,,,,,,
,,,,,,,,
,,,,,,,,
,,,,,,,,
,,,,,,,,
,,,,,,,,
,,,,,,,,
,,,,,,,,
,,,,,,,,
,,,,,,,,
,,,,,,,,
,,,,,,,,
,,,,,,,,
,,,,,,,,
,,,,,,,,
,,,,,,,,
,,,,,,,,
,,,,,,,,
,,,,,,,,
,,,,,,,,
,,,,,,,,
,,,,,,,,
,,,,,,,,
,,,,,,,,
,,,,,,,,
,,,,,,,,
,,,,,,,,
,,,,,,,,
,,,,,,,,
,,,,,,,,
,,,,,,,,
,,,,,,,,
,,,,,,,,
,,,,,,,,
,,,,,,,,
,,,,,,,,
,,,,,,,,
,,,,,,,,
,,,,,,,,
,,,,,,,,
,,,,,,,,
,,,,,,,,
,,,,,,,,
,,,,,,,,
,,,,,,,,
,,,,,,,,
,,,,,,,,
,,,,,,,,
,,,,,,,,
,,,,,,,,
,,,,,,,,
,,,,,,,,
,,,,,,,,
,,,,,,,,
,,,,,,,,
,,,,,,,,
,,,,,,,,
,,,,,,,,
,,,,,,,,
,,,,,,,,
,,,,,,,,
,,,,,,,,
,,,,,,,,
,,,,,,,,
,,,,,,,,
,,,,,,,,
,,,,,,,,
,,,,,,,,
,,,,,,,,
,,,,,,,,
,,,,,,,,
,,,,,,,,
,,,,,,,,
,,,,,,,,
,,,,,,,,
,,,,,,,,
,,,,,,,,
,,,,,,,,
,,,,,,,,
,,,,,,,,
,,,,,,,,
,,,,,,,,
,,,,,,,,
,,,,,,,,
,,,,,,,,
,,,,,,,,
,,,,,,,,
,,,,,,,,
,,,,,,,,
,,,,,,,,
,,,,,,,,
,,,,,,,,
,,,,,,,,
,,,,,,,,
,,,,,,,,
,,,,,,,,
,,,,,,,,
,,,,,,,,
,,,,,,,,
,,,,,,,,
,,,,,,,,
,,,,,,,,
,,,,,,,,
,,,,,,,,
,,,,,,,,
,,,,,,,,
,,,,,,,,
,,,,,,,,
,,,,,,,,
,,,,,,,,
,,,,,,,,
,,,,,,,,
,,,,,,,,
,,,,,,,,
,,,,,,,,
,,,,,,,,
,,,,,,,,
,,,,,,,,
,,,,,,,,
,,,,,,,,
,,,,,,,,
,,,,,,,,
,,,,,,,,
,,,,,,,,
,,,,,,,,
,,,,,,,,
,,,,,,,,
,,,,,,,,
,,,,,,,,
,,,,,,,,
,,,,,,,,
,,,,,,,,
,,,,,,,,
,,,,,,,,
,,,,,,,,
,,,,,,,,
,,,,,,,,
,,,,,,,,
,,,,,,,,
,,,,,,,,
,,,,,,,,
,,,,,,,,
,,,,,,,,
,,,,,,,,
,,,,,,,,
,,,,,,,,
,,,,,,,,
,,,,,,,,
,,,,,,,,
,,,,,,,,
,,,,,,,,
,,,,,,,,
,,,,,,,,
,,,,,,,,
,,,,,,,,
,,,,,,,,
,,,,,,,,
,,,,,,,,
,,,,,,,,
,,,,,,,,
,,,,,,,,
,,,,,,,,
,,,,,,,,
,,,,,,,,
,,,,,,,,
,,,,,,,,
,,,,,,,,
,,,,,,,,
,,,,,,,,
,,,,,,,,
,,,,,,,,
,,,,,,,,
,,,,,,,,
,,,,,,,,
,,,,,,,,
,,,,,,,,
,,,,,,,,
,,,,,,,,
,,,,,,,,
,,,,,,,,
,,,,,,,,
,,,,,,,,
,,,,,,,,
,,,,,,,,
,,,,,,,,
,,,,,,,,
,,,,,,,,
,,,,,,,,
,,,,,,,,
,,,,,,,,
,,,,,,,,
,,,,,,,,
,,,,,,,,
,,,,,,,,
,,,,,,,,
,,,,,,,,
,,,,,,,,
,,,,,,,,
,,,,,,,,
,,,,,,,,
,,,,,,,,
,,,,,,,,
,,,,,,,,
,,,,,,,,
,,,,,,,,
,,,,,,,,
,,,,,,,,
,,,,,,,,
,,,,,,,,
,,,,,,,,
,,,,,,,,
,,,,,,,,
,,,,,,,,
,,,,,,,,
,,,,,,,,
,,,,,,,,
,,,,,,,,
,,,,,,,,
,,,,,,,,
,,,,,,,,
,,,,,,,,
,,,,,,,,
,,,,,,,,
,,,,,,,,
,,,,,,,,
,,,,,,,,
,,,,,,,,
,,,,,,,,
,,,,,,,,
,,,,,,,,
,,,,,,,,
,,,,,,,,
,,,,,,,,
,,,,,,,,
,,,,,,,,
,,,,,,,,
,,,,,,,,
,,,,,,,,
,,,,,,,,
,,,,,,,,
,,,,,,,,
,,,,,,,,
,,,,,,,,
,,,,,,,,
,,,,,,,,
,,,,,,,,
,,,,,,,,
,,,,,,,,
,,,,,,,,
,,,,,,,,
,,,,,,,,
,,,,,,,,
,,,,,,,,
,,,,,,,,
,,,,,,,,
,,,,,,,,
,,,,,,,,
,,,,,,,,
,,,,,,,,
,,,,,,,,
,,,,,,,,
,,,,,,,,
,,,,,,,,
,,,,,,,,
,,,,,,,,
,,,,,,,,
,,,,,,,,
,,,,,,,,
,,,,,,,,
,,,,,,,,
,,,,,,,,
,,,,,,,,
,,,,,,,,
,,,,,,,,
,,,,,,,,
,,,,,,,,
,,,,,,,,
,,,,,,,,
,,,,,,,,
,,,,,,,,
,,,,,,,,
,,,,,,,,
,,,,,,,,
,,,,,,,,
