Department,Entity,Date,Expense Type,Expense Area,Supplier ,Transaction Number,Amount,Description,Supplier Postcode,Supplier Type,Contract Number,Project Code,Expenditure Type,Vat Registration Num
DEFRA,DEFRA,01/07/2016,EXP - PURCHASE OF GOODS/SERVICES - OTHER - CURRENT PAYMENTS,KTR STRATEGY & PORTFOLIO,GETMAPPING PLC,1003001861,101666.67, Supply of Aerial photography and height data for 15/16 & 16/17,RG27 8NW,SUPPLIER(1),,DEA12006,Expense,709391128
DEFRA,DEFRA,01/07/2016,IA - POA & AUC - COST - ADDITIONS,CAP DELIVERY PROGRAMME,INDIGO BLUE CONSULTING LTD,1003001866,28830,CAP629: CAPEX Contractor's extension from 1/7/2015 - 31/12/2015 at £930 a day for 120 Days.,SW1Y 6JP,SUPPLIER(1),,DEA10033,Asset,805244846
DEFRA,DEFRA,01/07/2016,EXP - PURCHASE OF GOODS/SERVICES - OTHER - EVIDENCE R&D,ANIMAL DISEASE CONTROL,THE PIRBRIGHT INSTITUTE,1003001873,28319.2,Receipt Invoice automatically created on 06-JUN-16,GU24 0NF,OGD,,0,Expense,
DEFRA,DEFRA,01/07/2016,EXP - PURCHASE OF GOODS/SERVICES - OTHER - EVIDENCE R&D,ANIMAL DISEASE CONTROL,THE PIRBRIGHT INSTITUTE,1003001873,29104.5,Receipt Invoice automatically created on 06-JUN-16,GU24 0NF,OGD,,0,Expense,
DEFRA,DEFRA,01/07/2016,EXP - PURCHASE OF GOODS/SERVICES - OTHER - EVIDENCE R&D,ANIMAL DISEASE CONTROL,THE PIRBRIGHT INSTITUTE,1003001873,70798,SE1128 - Planned R&D in support of FMD diagnostic capability - The Pirbright Institute -  Jun 16,GU24 0NF,OGD,,0,Expense,
DEFRA,DEFRA,01/07/2016,EXP - PURCHASE OF GOODS/SERVICES - OTHER - EVIDENCE R&D,ANIMAL DISEASE CONTROL,THE PIRBRIGHT INSTITUTE,1003001873,70798,SE1128 - Planned R&D in support of FMD diagnostic capability - The Pirbright Institute -  May 16,GU24 0NF,OGD,,0,Expense,
DEFRA,DEFRA,01/07/2016,EXP - PURCHASE OF GOODS/SERVICES - OTHER - EVIDENCE R&D,ANIMAL DISEASE CONTROL,THE PIRBRIGHT INSTITUTE,1003001873,130377,"SE2621: Genetic analyses, molecular epidemiology and diagnostic systems for bluetongue and related orbiviruses",GU24 0NF,OGD,ecm_43235,0,Expense,
DEFRA,DEFRA,01/07/2016,EXP - PURCHASE OF GOODS/SERVICES - OTHER - EVIDENCE R&D,ANIMAL DISEASE CONTROL,THE PIRBRIGHT INSTITUTE,1003001873,72761.25,SE2815 - Developing improved methods to quantify transmission of foot-and-mouth disease virus - Pirbright Institute - Jun 16,GU24 0NF,OGD,,0,Expense,
DEFRA,DEFRA,01/07/2016,EXP - PURCHASE OF GOODS/SERVICES - OTHER - EVIDENCE R&D,ANIMAL DISEASE CONTROL,THE PIRBRIGHT INSTITUTE,1003001873,72761.25,SE2815 - Developing improved methods to quantify transmission of foot-and-mouth disease virus - Pirbright Institute - May 16,GU24 0NF,OGD,,0,Expense,
DEFRA,DEFRA,01/07/2016,EXP - PURCHASE OF GOODS/SERVICES - OTHER - CURRENT PAYMENTS,SUSTAINABLE WORKPLACE MANAGEMENT - SBEWS,INTERSERVE (FACILITIES MNGMNT) LTD,1003001875,27661.83,PO  for APRIL 2016 Pass Through Costs (all other sites) under Framework FRW10226C-00    (invoice FI00056574). ,BS32 4NH,SUPPLIER(1),10226,0,Expense,527218256
DEFRA,DEFRA,01/07/2016,EXP - PURCH OF G & S - ICT OUTSOURCING & MAINT/SUPP - FIXED STEADY STATE SERVICE,NON IBM IT SERVICES,ATOS IT SERVICES UK LTD,1003001877,54929.7,Application Development Transitions (ecm_43183),WV10 6UH,SUPPLIER,ecm_43183,0,Expense,232327983
DEFRA,DEFRA,01/07/2016,EXP - PURCHASE OF GOODS/SERVICES - OTHER - EVIDENCE R&D,FUTURE FARMING STATISTICS,UNIVERSITY OF READING,1003001910,52050.66,AC0122 - Optimising the efficiency of dietary Nitrogen use to reduce emissions and waste in dairy systems -  University of Reading - Jun 16,RG6 6AH,Public Body,,0,Expense,
DEFRA,DEFRA,01/07/2016,EXP - PURCHASE OF GOODS/SERVICES - OTHER - EVIDENCE R&D,NATURAL ENVIRONMENT POLICY DIRECTORS OFFICE,UNIVERSITY OF EXETER,1003001950,125917.5,LM0302  16/17,EX4 4QX,Public Body,,0,Expense,
DEFRA,DEFRA,01/07/2016,EXP - PURCHASE OF GOODS/SERVICES - OTHER - EVIDENCE R&D,ANIMAL DISEASE CONTROL,B B S R C,1003001958,430607.25,Contract and Delivery plan for the provision of National Reference Laboratory requirements to Defra 2015/16,SN2 1UH,OGD,,0,Expense,
DEFRA,DEFRA,01/07/2016,EXP - PURCHASE OF GOODS/SERVICES - OTHER - EVIDENCE NON R&D,"EQ DATA, INFORMATION & ANALYSIS",JACOBS UK LTD,1003001960,27094.69,EV0807 16/17 Waste Data Flow,RG41 5TU,SUPPLIER,,0,Expense,
DEFRA,DEFRA,01/07/2016,EXP - GRANT-IN-AID TO ARMS LENGTH BODIES,ALB PARTNERSHIP AND PUBLIC APPOINTMENTS,ENVIRONMENT AGENCY,2003000036,5000000,Environment Agency & Business (Non-floods) Grant in Aid 2016/17,BS1 5AH,NDPB,,0,Expense,
DEFRA,DEFRA,01/07/2016,EXP - GRANT-IN-AID TO ARMS LENGTH BODIES,ALB PARTNERSHIP AND PUBLIC APPOINTMENTS,ENVIRONMENT AGENCY,2003000036,70000000,Environment Agency - Floods Grant in Aid 2016/17,BS1 5AH,NDPB,,0,Expense,
DEFRA,DEFRA,04/07/2016,EXP - PURCHASE OF GOODS/SERVICES - CONTRACTORS - MANAGEMENT COVER,FINANCIAL TRANSACTIONS,CAPITA PROPERTY & INFRASTRUCTURE LTD,10000374,29792.45,SOP6 - LO10110889- Multiple Contingent Labours/CCCs for Period Ending 05/03/2016 to 23/04/2016,EC2V 7NQ,SUPPLIER,,0,Expense,
DEFRA,DEFRA,04/07/2016,EXP - GRANT-IN-AID TO ARMS LENGTH BODIES,ALB PARTNERSHIP AND PUBLIC APPOINTMENTS,NATURAL ENGLAND,10000376,8000000,SOP6 - Grant in aid payment to Natural England for July 2016,YO1 7PX,NDPB,,0,Expense,551065074
DEFRA,DEFRA,04/07/2016,EXP - GRANT-IN-AID TO ARMS LENGTH BODIES,ALB PARTNERSHIP AND PUBLIC APPOINTMENTS,ROYAL BOTANIC GARDENS KEW,10000377,3050000,"SOP6 -  Grant in aid payment to Royal Botanic Gardens , KEW , JULY 2016",TW9 3AB,NDPB,,0,Expense,
DEFRA,DEFRA,04/07/2016,EXP - PURCHASE OF GOODS/SERVICES - OTHER - INTERNATIONAL SUBSCRIPTIONS,FLS - OFFICIAL DEVELOPMENT ASSISTANCE,UNITED NATIONS ENVIRONMENT PROG,20000027,6288668,"SOP5 - 2016 UK contribution to the UNEP Multilateral Fund for the implementation of the Montreal Protocol on Substances that Deplete the Ozone Layer, period: 01/01/2016-31/12/2016",100,CUSTOMER,,0,Expense,
DEFRA,DEFRA,04/07/2016,EXP - CURRENT GRANTS TO PRIVATE SECTOR - NON PROFIT INSTITUTIONS SERVING H'HOLD,FLS - OFFICIAL DEVELOPMENT ASSISTANCE,WILDLIFE CONSERVATION SOCIETY,20000029,26996.75,"SOP5  - PROJECT 23-015 GUINEA PIGS - QUARTER 2,   2016-17",10460,CUSTOMER,,0,Expense,
DEFRA,DEFRA,04/07/2016,EXP - CURRENT GRANTS TO PRIVATE SECTOR - NON PROFIT INSTITUTIONS SERVING H'HOLD,FLS - OFFICIAL DEVELOPMENT ASSISTANCE,WILDLIFE CONSERVATION SOCIETY,20000030,27483,"SOP5 - PROJECT 23-014 - IMPROVING LIVESTOCK- QUARTER 2,  2016-17",10460,CUSTOMER,,0,Expense,
DEFRA,DEFRA,04/07/2016,EXP - CURRENT GRANTS TO PRIVATE SECTOR - NON PROFIT INSTITUTIONS SERVING H'HOLD,"INTERNATIONAL BIODIVERSITY, ECOSYSTEMS AND EVIDENCE",WILDLIFE CONSERVATION SOCIETY,20000031,28626.75,SOP5 -  WCS PROJECT IWTO16- QUARTER.4 2015-16,10460,CUSTOMER,,DEA10161,Expense,
DEFRA,DEFRA,04/07/2016,EXP - CURRENT GRANTS TO PRIVATE SECTOR - NON PROFIT INSTITUTIONS SERVING H'HOLD,"INTERNATIONAL BIODIVERSITY, ECOSYSTEMS AND EVIDENCE",WILDLIFE CONSERVATION SOCIETY,20000032,30515.5,"SOP5 - WCS PROJECT ITW014 QUARTER 4, 2015-16",10460,CUSTOMER,,DEA10161,Expense,
DEFRA,DEFRA,04/07/2016,EXP - CURRENT GRANTS TO PRIVATE SECTOR - NON PROFIT INSTITUTIONS SERVING H'HOLD,"INTERNATIONAL BIODIVERSITY, ECOSYSTEMS AND EVIDENCE",WILDLIFE CONSERVATION SOCIETY,20000035,27954.5,"SOP5 -  PROJECT 21-004 QUARTER 4, 2015-16",10460,CUSTOMER,,DEA10155,Expense,
DEFRA,DEFRA,04/07/2016,EXP - CURRENT GRANTS TO PRIVATE SECTOR - NON PROFIT INSTITUTIONS SERVING H'HOLD,"INTERNATIONAL BIODIVERSITY, ECOSYSTEMS AND EVIDENCE",WILDLIFE CONSERVATION SOCIETY,20000037,26937.5,"SOP5  - PROJECT 22-016 QUARTER 4, 2015-16",10460,CUSTOMER,,DEA10155,Expense,
DEFRA,DEFRA,04/07/2016,EXP - CURRENT GRANTS TO PRIVATE SECTOR - NON PROFIT INSTITUTIONS SERVING H'HOLD,"INTERNATIONAL BIODIVERSITY, ECOSYSTEMS AND EVIDENCE",INTERNATIONAL SNOW LEOPARD TRUST,20000039,29952.5,"SOP5 - PROJECT IWT012 QUARTER 4, 2015-16",98103,SUPPLIER(1),,DEA10161,Expense,
DEFRA,DEFRA,04/07/2016,EXP - CURRENT GRANTS TO PRIVATE SECTOR - NON PROFIT INSTITUTIONS SERVING H'HOLD,FLS - OFFICIAL DEVELOPMENT ASSISTANCE,WILDLIFE CONSERVATION SOCIETY,20000041,25333,"SOP5 -  PROJECT 23-024 QUARTER 2, 2016-17",10460,CUSTOMER,,0,Expense,
DEFRA,DEFRA,04/07/2016,EXP - CURRENT GRANTS TO PRIVATE SECTOR - NON PROFIT INSTITUTIONS SERVING H'HOLD,FLS - OFFICIAL DEVELOPMENT ASSISTANCE,CHARLES STURT UNIVERSITY,20000043,38527.91,"SOP5 -  PROJECT 23--09 QUARTER1 AND QUARTER 2, 2016-17",AUSTRALIA,SUPPLIER,,0,Expense,
DEFRA,DEFRA,04/07/2016,EXP - CURRENT GRANTS TO PRIVATE SECTOR - NON PROFIT INSTITUTIONS SERVING H'HOLD,FLS - OFFICIAL DEVELOPMENT ASSISTANCE,MADAGASCAR FAUNA AND FLORA GROUP,20000044,28152,"SOP5 -  PROJECT 23-004 QUARTER 1, 2016-17 CLAIM",USA,SUPPLIER,,0,Expense,
DEFRA,DEFRA,04/07/2016,RES - I&E RESERVE - GENERAL FUND - NET PARLIAMENTARY FUNDING - AGENCY FUNDING,BALANCE SHEET,ANIMAL AND PLANT HEALTH AGENCY,30000002,6000000,SOP6   - APHA FUNDING JULY 2016,YO1 7PX,Government Agency,,0,Revenue,888800181
DEFRA,DEFRA,04/07/2016,RES - I&E RESERVE - GENERAL FUND - NET PARLIAMENTARY FUNDING - AGENCY FUNDING,BALANCE SHEET,FORESTRY COMMISSION,30000003,3800000,SOP6 - FC FUNDING JULY 16,EH12 7AT,Government Agency,,0,Revenue,888830561
DEFRA,DEFRA,04/07/2016,RES - I&E RESERVE - GENERAL FUND - NET PARLIAMENTARY FUNDING - AGENCY FUNDING,BALANCE SHEET,C E F A S,30000004,1100000,SOP6-  CEFAS FUNDING JULY 2016,NR33 0HT,Government Agency,,0,Revenue,888800181
DEFRA,DEFRA,04/07/2016,EXP - PURCHASE OF G&S - ICT OUTSOURCING & MAINT/SUPPORT - COMPUTER & IT SERVICES,SAND HUTTON,FERA SCIENCE LIMITED,1003001987,63315,15/16 IT Services provided to Defra by FSL at Sand Hutton. Gateway approval COOD4_010 Bravo no. 20350-18226,YO41 1LZ,SUPPLIER(1),,0,Expense,207199894
DEFRA,DEFRA,04/07/2016,EXP - CURRENT GRANTS TO PRIVATE SECTOR - NON PROFIT INSTITUTIONS SERVING H'HOLD,"INTERNATIONAL BIODIVERSITY, ECOSYSTEMS AND EVIDENCE",ZOOLOGICAL SOCIETY OF LONDON,1003002013,25178.25,21-017 ZSL: Community-based conservation for livelihood development in Lake Ossa Manatee Reserve (2014-2017) Darwin Initiative Grant Scheme - Main Award,NW1 4RY,SUPPLIER,,DEA10155,Expense,
DEFRA,DEFRA,04/07/2016,EXP - CURRENT GRANTS TO PRIVATE SECTOR - NON PROFIT INSTITUTIONS SERVING H'HOLD,"INTERNATIONAL BIODIVERSITY, ECOSYSTEMS AND EVIDENCE",ZOOLOGICAL SOCIETY OF LONDON,1003002013,53604.32,IWT010 ZSL: Securing Rhino populations with effective law enforcement and impact bonds  (2015-2017) Darwin Initiative Grant Scheme – IWT Award,NW1 4RY,SUPPLIER,,DEA10161,Expense,
DEFRA,DEFRA,04/07/2016,EXP - PURCHASE OF GOODS/SERVICES - OTHER - CURRENT PAYMENTS,FARMING SECTORS,UNIVERSITY OF READING,1003002017,31361.25,"The Long Term Housing, Maintenance and Scientific Curation of the National Fruit Collections Financial Year  16/17. June 2016",RG6 6AH,Public Body,,DEA10105,Expense,
DEFRA,DEFRA,04/07/2016,EXP - PURCHASE OF GOODS/SERVICES - OTHER - CURRENT PAYMENTS,FARMING SECTORS,UNIVERSITY OF READING,1003002017,31361.25,"The Long Term Housing, Maintenance and Scientific Curation of the National Fruit Collections Financial Year  16/17. May 2016",RG6 6AH,Public Body,,DEA10105,Expense,
DEFRA,DEFRA,04/07/2016,EXP - GRANT-IN-AID TO ARMS LENGTH BODIES,LAND USE AND RECREATION,THE NATIONAL FOREST CO,2003000037,360721,2016/17 Grant in Aid Payment to the National Forest Company,DE12 6BA,NDPB,,0,Expense,737744893
DEFRA,DEFRA,05/07/2016,EXP - CURRENT GRANTS TO PRIVATE SECTOR - NON PROFIT INSTITUTIONS SERVING H'HOLD,FLS - OFFICIAL DEVELOPMENT ASSISTANCE,WILDLIFE CONSERVATION SOCIETY,20000045,32238.75,"SOP5 -  WCS PROJECT IWT033 QUARTER 2, 2016-17",10460,CUSTOMER,,DEA10161,Expense,
DEFRA,DEFRA,05/07/2016,EXP - CURRENT GRANTS TO PRIVATE SECTOR - NON PROFIT INSTITUTIONS SERVING H'HOLD,FLS - OFFICIAL DEVELOPMENT ASSISTANCE,WILDLIFE CONSERVATION SOCIETY,20000047,33542,"SOP5 -  WCS PROJECT IWT-023 QUARTER 2, 2016-17",10460,CUSTOMER,,DEA10161,Expense,
DEFRA,DEFRA,05/07/2016,EXP - PURCHASE OF GOODS/SERVICES - ACCOMMODATION &BLDNG MNGMT- RENT TO LANDLORDS,NETWORK PROPERTY HOLDING COSTS,CAPITA PROPERTY & INFRASTRUCTURE LTD,30000005,28317.7,"SOP6 -- PAYMENT OF DEFRA UTLITIES- Rent, Service charge, Insurance and Utility costs for various locations and dates",EC2V 7NQ,SUPPLIER,,0,Expense,
DEFRA,DEFRA,05/07/2016,IA - POA & AUC - COST - ADDITIONS,CAP DELIVERY PROGRAMME,SOPRA STERIA LTD,1003002075,46023.09,CAP 485: Sopra Steria Sprint 29 T&M Development - from 08/10/15 to 21/10/15. Financial Year 15/16,HP2 7AH,SUPPLIER(1),,DEA10023,Asset,207950855
DEFRA,DEFRA,05/07/2016,IA - POA & AUC - COST - ADDITIONS,CAP DELIVERY PROGRAMME,SOPRA STERIA LTD,1003002075,362776.57,CAP605 - Sopra Steria T&M from 1 April to 30 June 2016 (WP2016-01),HP2 7AH,SUPPLIER(1),,DEA10023,Asset,207950855
DEFRA,DEFRA,05/07/2016,EXP - PURCHASE OF GOODS/SERVICES - GAS,NETWORK PROPERTY HOLDING COSTS,CORONA ENERGY,1003002110,106700.24,SOP 1   STD; Utility Gas Bill for multiple sites & Accounts covering period 01/05/2016 to 01/06/2016,WD17 1JW,SUPPLIER,,0,Expense,
DEFRA,DEFRA,05/07/2016,EXP - PURCHASE OF GOODS/SERVICES - OTHER - EVIDENCE R&D,FOOD AND SUSTAINABLE ECONOMY,UNIVERSITY OF WALES ABERYSTWYTH,1003002111,165651.56,LINK PROJECT - Genetic Improvements of Miscanthus as a Sustainable Feedstock for Bioenergy in the UK (GIM) Financial Year 15/16,SY23 2AX,Public Body,,0,Expense,
DEFRA,DEFRA,06/07/2016,EXP - CURRENT GRANTS TO PRIVATE SECTOR - NPISH - CHARITABLE BODIES,LAND USE AND RECREATION,CANAL & RIVER TRUST,10000381,4075000,SOP6 -  GIA CANAL & RIVER TRUST QUARTER 2,MK9 1BB,Public Body,,0,Expense,
DEFRA,DEFRA,06/07/2016,EXP CAPITAL GRANTS TO PTE SECTOR - PERSONS & NON PROFIT INSTIT'NS SERVING H'HOLD,LAND USE AND RECREATION,CANAL & RIVER TRUST,10000382,5930138,SOP6 -  GIA CANAL & RIVER TRUST QUARTER 2,MK9 1BB,Public Body,,0,Expense,
DEFRA,DEFRA,06/07/2016,EXP - PURCHASE OF GOODS/SERVICES - ACCOMMODATION & BLDNG MANAGEMENT,NETWORK PROPERTY HOLDING COSTS,CAPITA PROPERTY & INFRASTRUCTURE LTD,10000384,85171.39,"SOP6  - CAPFR133- Service Charges, Electricity, Gas, Water, Insurance, Utilities, for various locations and dates",EC2V 7NQ,SUPPLIER,,0,Expense,
DEFRA,DEFRA,06/07/2016,EXP - PURCHASE OF GOODS/SERVICES - ACCOMMODATION &BLDNG MNGMT- RENT TO LANDLORDS,NETWORK PROPERTY HOLDING COSTS,CAPITA PROPERTY & INFRASTRUCTURE LTD,10000384,839387.15,SOP6 -- CAPFR133- Rent for various sites covering various dates (February 2016- September 2016),EC2V 7NQ,SUPPLIER,,0,Expense,
DEFRA,DEFRA,06/07/2016,CA - OTHER RECEIVABLES - AGENCY RECHARGE,NETWORK ESTATES - DELIVERY TEAM  (REGIONAL LABS),INTERSERVE (FACILITIES MNGMNT) LTD,1003002157,39014.43,BCP 7240 - Gateway Approval No - COOD2_041_20150916 and COOD2_24_20150729.  FMR 1994. Replacement of Winter Boiler at Lowestoft for CEFAS,BS32 4NH,SUPPLIER(1),,DEA12047,Asset,527218256
DEFRA,DEFRA,06/07/2016,EXP - PURCHASE OF GOODS/SERVICES - ACCOMM &BLDNG MNGMT - FM PROJECTS NON CAPITAL,NETWORK ESTATES - DELIVERY TEAM  (SAND HUTTON – LAB),INTERSERVE (FACILITIES MNGMNT) LTD,1003002157,82273.41,BCP 7554 - Gateway Ref No - COOD2_074 - costs for Easter shut down works at Sand Hutton,BS32 4NH,SUPPLIER(1),,DE028100,Expense,527218256
DEFRA,DEFRA,06/07/2016,CA - OTHER RECEIVABLES - TRAVEL PROVIDER CONTROL ACCOUNT,FINANCE SYSTEMS REFORM,REDFERN TRAVEL LTD,1003002158,250467.98,SOP1- REDFERN TRAVEL & RECOVERY FOR MAY2016,BD1 1PL,SUPPLIER,,0,Asset,
DEFRA,DEFRA,06/07/2016,EXP - CURRENT GRANTS TO PRIVATE SECTOR - NON PROFIT INSTITUTIONS SERVING H'HOLD,LAND USE AND RECREATION,EAST SUSSEX COUNTY COUNCIL,1003002217,63897,2015/16 Grant in Aid payment - High Weald Area of Outstanding Natural Beauty ,BN7 1UE,SUPPLIER,,DEA10046,Expense,191803754
DEFRA,DEFRA,06/07/2016,EXP - PURCHASE OF GOODS/SERVICES - OTHER - CURRENT PAYMENTS,ALB PARTNERSHIP AND PUBLIC APPOINTMENTS,JSS PENSIONS ADMINISTRATION,2003000041,110751.29,All spend related to the administration of the NCC closed pension scheme during 2016/17,SN2 1FF,OGD,,0,Expense,618367325
DEFRA,DEFRA,07/07/2016,EXP - PURCHASE OF GOODS/SERVICES - CONSULTANCY,WASTE INFRASTRUCTURE POLICY AND DELIVERY,LOCAL PARTNERSHIPS LLP,1003002239,69255,2016/17 Portion of LP contract. Bravo ref 22131,SW1P 3HZ,SUPPLIER,,DEA10139,Expense,
DEFRA,DEFRA,07/07/2016,EXP - CURRENT GRANTS TO PRIVATE SECTOR - NON PROFIT INSTITUTIONS SERVING H'HOLD,WASTE INFRASTRUCTURE POLICY AND DELIVERY,LOCAL PARTNERSHIPS LLP,1003002239,122000,LP Contract 2016-17 Grant portion.,SW1P 3HZ,SUPPLIER,Bravo ref 23097. other ref. ec,0,Expense,
DEFRA,DEFRA,07/07/2016,EXP - CURRENT GRANTS TO PRIVATE SECTOR - NON PROFIT INSTITUTIONS SERVING H'HOLD,LAND USE AND RECREATION,BROADS AUTHORITY,1003002240,810950.5,Defra Grant payment 2016/2017 - Broads Authority National Parks,NR1 1RY,OGD,,DEA10074,Expense,
DEFRA,DEFRA,07/07/2016,EXP - CURRENT GRANTS TO PRIVATE SECTOR - NON PROFIT INSTITUTIONS SERVING H'HOLD,LAND USE AND RECREATION,NEW FOREST NATIONAL PARK AUTH,1003002243,759770,Defra Payment for Financial years 2016/2017 to 2019/2020 - New Forest National Parks Authority,SO41 9ZG,LOCAL AUTHORITIES,,DEA10078,Expense,871934300
DEFRA,DEFRA,07/07/2016,EXP - CURRENT GRANTS TO PRIVATE SECTOR - NON PROFIT INSTITUTIONS SERVING H'HOLD,LAND USE AND RECREATION,LAKE DISTRICT NATIONAL PARK AUTH,1003002246,1321000,Defra Payment for Financial Years 2016/2017 to 2019/2020 -  Lake District National Parks Authority,LA9 7RL,LOCAL AUTHORITIES,,DEA10077,Expense,
DEFRA,DEFRA,07/07/2016,EXP - CURRENT GRANTS TO PRIVATE SECTOR - NON PROFIT INSTITUTIONS SERVING H'HOLD,LAND USE AND RECREATION,DARTMOOR NATIONAL PARK AUTHORITY,1003002247,1021723,Defra Payment for Financial Years 2016/2017 to 2019/2020 - Dartmoor National Parks Authority,TQ13 9JQ,LOCAL AUTHORITIES,,DEA10075,Expense,
DEFRA,DEFRA,07/07/2016,EXP - PURCHASE OF GOODS/SERVICES -OTHER PROF SERV - ADVISORY SERVICES,CAP DELIVERY PROGRAMME,KPMG LLP,1003002250,26500,CAP577 CAP D Impairment Review of Capitalised Investments in the New System Order for the 2015/16 Accounts.,EC4Y 8BB,SUPPLIER,CAP577,DEA10018,Expense,
DEFRA,DEFRA,07/07/2016,EXP - CURRENT GRANTS TO PRIVATE SECTOR - NON PROFIT INSTITUTIONS SERVING H'HOLD,LAND USE AND RECREATION,SOUTH DOWNS NATIONAL PARK AUTHORITY,1003002253,2758583,Defra Payment for Financial years 2016/2017 to 2019/2020 - South Downs National Parks Authority,GU29 9SB,SUPPLIER,,DEA10082,Expense,
DEFRA,DEFRA,07/07/2016,EXP - CURRENT GRANTS TO PRIVATE SECTOR - NON PROFIT INSTITUTIONS SERVING H'HOLD,LAND USE AND RECREATION,PEAK DISTRICT NATIONAL PARK AUTH,1003002255,1800000,Defra Payment for Financial Years 2016/2017 to 2019/2020 - Peak District National Parks Authority,DE45 1AE,LOCAL AUTHORITIES,,DEA10081,Expense,127248178
DEFRA,DEFRA,07/07/2016,EXP - CURRENT GRANTS TO PRIVATE SECTOR - NON PROFIT INSTITUTIONS SERVING H'HOLD,LAND USE AND RECREATION,EXMOOR NATIONAL PARK AUTHORITY,1003002256,793500,Defra Payment for Financial Years 2016/2017 to 2019/2020 - Exmoor National Parks Authority,TA22 9HL,Access to Work,,DEA10076,Expense,
DEFRA,DEFRA,07/07/2016,EXP - CURRENT GRANTS TO PRIVATE SECTOR - NON PROFIT INSTITUTIONS SERVING H'HOLD,LAND USE AND RECREATION,NORTH YORK MOORS NATIONAL PARK,1003002259,1040797,Defra Payment for Financial Years 2016/2017 to 2019/2020 - North York Moors National Parks Authority,YO62 5BP,LOCAL AUTHORITIES,,DEA10079,Expense,
DEFRA,DEFRA,07/07/2016,EXP - CURRENT GRANTS TO PRIVATE SECTOR - NON PROFIT INSTITUTIONS SERVING H'HOLD,LAND USE AND RECREATION,YORKSHIRE DALES NATIONAL AUTHORITY,1003002263,1135153,Defra Payment for Financial Years 2016/2017 to 2019/2020 -  Yorkshire Dales National Parks Authority,DL8 3EL,LOCAL AUTHORITIES,,DEA10083,Expense,
DEFRA,DEFRA,07/07/2016,EXP - SHORT-TERM CONTRACT & AGENCY STAFF - FULL COST,ISSC2 PROJECTS,H H R UK LTD,1003002269,116167.5,Staff Salaries,W1H 1DP,SUPPLIER(1),,0,Expense,177800587
DEFRA,DEFRA,07/07/2016,EXP - CURRENT GRANTS TO PRIVATE SECTOR - NON PROFIT INSTITUTIONS SERVING H'HOLD,LAND USE AND RECREATION,NORTHUMBERLAND NAT PARK AUTHORITY,1003002319,1073000,Defra Payment for Financial Years 2016/2017 to 2019/2020 -  Northumberland National Parks Authority,NE46 1BS,LOCAL AUTHORITIES,,DEA10080,Expense,
DEFRA,DEFRA,08/07/2016,EXP - CURRENT GRANTS TO PRIVATE SECTOR - NON PROFIT INSTITUTIONS SERVING H'HOLD,"INTERNATIONAL BIODIVERSITY, ECOSYSTEMS AND EVIDENCE",WILDLIFE CONSERVATION SOCIETY,20000049,25966.5,"SOP5 -  WCS PROJECT IWT015 QUARTER 2, 2016-17",10460,CUSTOMER,,DEA10161,Expense,
DEFRA,DEFRA,08/07/2016,EXP - CURRENT GRANTS TO PRIVATE SECTOR - NON PROFIT INSTITUTIONS SERVING H'HOLD,"INTERNATIONAL BIODIVERSITY, ECOSYSTEMS AND EVIDENCE",WILDLIFE CONSERVATION SOCIETY,20000050,29874,"SOP5 - WCS PROJECT IWT014 QUARTER 2, 2016-17",10460,CUSTOMER,,DEA10161,Expense,
DEFRA,DEFRA,08/07/2016,EXP - CURRENT GRANTS TO PRIVATE SECTOR - NON PROFIT INSTITUTIONS SERVING H'HOLD,FLS - OFFICIAL DEVELOPMENT ASSISTANCE,WILDLIFE CONSERVATION SOCIETY,20000055,57144,SOP5 - IWT029 PROJECT 2 Q2 2016-17,10460,CUSTOMER,,DEA10161,Expense,
DEFRA,DEFRA,08/07/2016,EXP - CURRENT GRANTS TO PRIVATE SECTOR - NON PROFIT INSTITUTIONS SERVING H'HOLD,"INTERNATIONAL BIODIVERSITY, ECOSYSTEMS AND EVIDENCE",WWF SOUTH AFRICA,20000056,25957.5,"SOP5 - IWT011 PROJECT 2 QUARTER 2, 2016-17",SOUTH AFRICA,SUPPLIER(1),,DEA10161,Expense,
DEFRA,DEFRA,08/07/2016,EXP - CURRENT GRANTS TO PRIVATE SECTOR - NON PROFIT INSTITUTIONS SERVING H'HOLD,"INTERNATIONAL BIODIVERSITY, ECOSYSTEMS AND EVIDENCE",WORLD WIDE FUND FOR NATURE (WWF),20000059,25457,"SOP5 -   PROJECT 22-011 QUARTER 2, 2016-17",200,CUSTOMER,,DEA10155,Expense,
DEFRA,DEFRA,08/07/2016,EXP - PURCHASE OF GOODS/SERVICES - OTHER PROF SERVICES - PAYMENTS TO AGENCIES,TB,PRIONICS AG,20000061,118974,"SOP5 -  CONTRACT 20298 - ORDER 51305 - INVOICE 41229, for the supply of tuberculin used  in the testing of animals ( mainly cattle) for bovine TB",SWITZERLAND,SUPPLIER,,DEA10199,Expense,
DEFRA,DEFRA,08/07/2016,EXP - PURCHASE OF GOODS/SERVICES - OTHER PROF SERVICES - PAYMENTS TO AGENCIES,TB,PRIONICS AG,20000062,188743.7,"SOP5 -   CONTRACT 20298 - ORDER 51392 - INVOICE 41230,for the supply of tuberculin used  in the testing of animals ( mainly cattle) for bovine TB",SWITZERLAND,SUPPLIER,,DEA10199,Expense,
DEFRA,DEFRA,08/07/2016,EXP - CURRENT GRANTS TO PRIVATE SECTOR - NON PROFIT INSTITUTIONS SERVING H'HOLD,"INTERNATIONAL BIODIVERSITY, ECOSYSTEMS AND EVIDENCE",UNITED NATIONS OFFICE ON DRUGS AND CRIME,20000063,38500,"SOP5  - IWT013  QUARTER 2,  2016-17",AUSTRIA,SUPPLIER(1),,DEA10161,Expense,
DEFRA,DEFRA,08/07/2016,EXP - PURCHASE OF GOODS/SERVICES - OTHER - EVIDENCE R&D,ANIMAL HEALTH: PUBLIC HEALTH,FERA SCIENCE LIMITED,1003002342,53237.72,VM0514: Novel Acaricidal Options for Control of Sheep Scab Disease (Paying VAT only),YO41 1LZ,SUPPLIER(1),ecm_15792,0,Expense,207199894
DEFRA,DEFRA,08/07/2016,IA - POA & AUC - COST - ADDITIONS,CAP DELIVERY PROGRAMME,SOPRA STERIA LTD,1003002343,28135.31,CAP 460: Sopra Steria T&M for LMS Enhancements (WP 2015-02) FY15/16,HP2 7AH,SUPPLIER(1),,DEA10023,Asset,207950855
DEFRA,DEFRA,08/07/2016,IA - POA & AUC - COST - ADDITIONS,CAP DELIVERY PROGRAMME,SOPRA STERIA LTD,1003002343,387343.56,CAP550: Sopra Steria T&M effort from 24/12/2015 to 31/3/2016 (WP2015-09) FY15/16,HP2 7AH,SUPPLIER(1),,DEA10023,Asset,207950855
DEFRA,DEFRA,11/07/2016,EXP - CURRENT GRANTS TO PRIVATE SECTOR - NON PROFIT INSTITUTIONS SERVING H'HOLD,"INTERNATIONAL BIODIVERSITY, ECOSYSTEMS AND EVIDENCE",GOVERNMENT OF ST HELENA,1003002406,34027.25,DPLUS052 – Government of St Helena: Mapping St Helena’s Biodiversity and Natural Environment (2016-2018) Darwin plus grant award BRAVO 23071,STHL 1ZZ,CUSTOMER,23071,DEA10153,Expense,
DEFRA,DEFRA,11/07/2016,EXP - PURCHASE OF GOODS/SERVICES - OFFICE RELATED - PRINTING,ANIMAL HEALTH: PUBLIC HEALTH,WILLIAMS LEA LTD,1003002410,45816.91,Printing of Leaflets/Posters for  CPH Publicity . CPH (Livestock Holding) Simplification.,EC1M 4NA,SUPPLIER,20290,DEA10204,Expense,
DEFRA,DEFRA,11/07/2016,EXP - PURCHASE OF GOODS/SERVICES - OTHER - EVIDENCE R&D,FARMING SECTORS,N I A B,1003002436,144164.11,LM0201 Sustainable Intensification Platform 1 - Integrated Farm Management 15/16,CB3 0LE,Public Body,,0,Expense,100132207
DEFRA,DEFRA,11/07/2016,EXP - PURCHASE OF GOODS/SERVICES - OTHER - CURRENT PAYMENTS,ANIMAL DISEASE CONTROL,ANIMAL AND PLANT HEALTH AGENCY,2003000045,67239.99,APHA CPH Rationalisation for  2015/16,YO1 7PX,Government Agency,,DEA10115,Expense,888800181
DEFRA,DEFRA,11/07/2016,EXP - GRANT-IN-AID TO ARMS LENGTH BODIES,SEA FISHERIES AND CONSERVATION,MARINE MANAGEMENT ORGANISATION,2003000047,2000000,MMO’s Grant in Aid for 2016/17 (May 16 - March 17),NE4 7YH,NDPB,,0,Expense,
DEFRA,DEFRA,12/07/2016,EXP - PURCHASE OF GOODS/SERVICES - GAS,NETWORK PROPERTY HOLDING COSTS,CORONA ENERGY,1003002564,100614.88,SOP 1; Utility Gas Bill for multiple sites & Accounts covering period 01/05/2016 to 01/06/2016,WD17 1JW,SUPPLIER,,0,Expense,
DEFRA,DEFRA,13/07/2016,IA - POA & AUC - COST - ADDITIONS,CAP DELIVERY PROGRAMME,HOME OFFICE,2003000053,49887.1,HOT TDCS PERM. STAFF COSTS AGAINST DEFRA APR16 TO MAY16,NP20 9BB,OGD,IGS,DEA10031,Asset,
DEFRA,DEFRA,13/07/2016,IA - POA & AUC - COST - ADDITIONS,CAP DELIVERY PROGRAMME,HOME OFFICE,2003000053,249435.5,Home Office Testers People Resource Financial Year 16/17: April 16 to March 17.,NP20 9BB,OGD,IGS,DEA10031,Asset,
DEFRA,DEFRA,13/07/2016,EXP - PURCHASE OF GOODS/SERVICES - OTHER - EVIDENCE R&D,NATURAL ENVIRONMENT POLICY DIRECTORS OFFICE,CENTRE FOR ECOLOGY & HYDROLOGY,2003000054,30000,LM0101 - To Develop Environmentally Beneficial Field-scale Arable Option for Reducing Blackgrass Incidence   16/17,OX10 8BB,OGD,,0,Expense,
DEFRA,DEFRA,14/07/2016,RES - I&E RESERVE - GENERAL FUND - NET PARLIAMENTARY FUNDING - AGENCY FUNDING,BALANCE SHEET,RURAL PAYMENTS AGENCY,10000411,50000000,SOP6 - RPA FUNDING JULY 2016 ,RG1 1AF,Government Agency,,0,Revenue,
DEFRA,DEFRA,14/07/2016,EXP - PURCHASE OF GOODS/SERVICES - ACCOMM &BLDNG MNGMT - FM PROJECTS NON CAPITAL,NETWORK ESTATES - DELIVERY TEAM  (WEYBRIDGE – LAB),INTERSERVE (FACILITIES MNGMNT) LTD,1003002734,26111.15,"BCP 7615 - 87 APHA Weybridge, B268 - for ongoing costs. Submission No.2. of NCS and is solely for the decontamination work, this BCP covers the labour only.",BS32 4NH,SUPPLIER(1),,DE008700,Expense,527218256
DEFRA,DEFRA,14/07/2016,IA - POA & AUC - COST - ADDITIONS,CAP DELIVERY PROGRAMME,SPECIALIST COMPUTER CENTRES,1003002736,25938.77,CAP580: Kainos: View and Edit land functionality - Fixed Price Work Package from 01/2/16 to 30/4/16. Financial Years 15/16/17,B11 2LE,SUPPLIER(1),,DEA10023,Asset,313651680
DEFRA,DEFRA,14/07/2016,IA - POA & AUC - COST - ADDITIONS,CAP DELIVERY PROGRAMME,SPECIALIST COMPUTER CENTRES,1003002736,42518.11,CAP597: Kainos/SCC development work: sprints 66-67 covering period: 07/04/16 to 04/05/16. Financial Year 16/17,B11 2LE,SUPPLIER(1),,DEA10304,Asset,313651680
DEFRA,DEFRA,14/07/2016,EXP - PURCH OF G & S - ICT OUTSOURCING & MAINT/SUPP - FIXED STEADY STATE SERVICE,NON IBM IT SERVICES,ATOS IT SERVICES UK LTD,1003002738,37659,Casework Management Extension - ecm_1595,WV10 6UH,SUPPLIER,ecm_41504,0,Expense,232327983
DEFRA,DEFRA,14/07/2016,EXP - PURCH OF G & S - ICT OUTSOURCING & MAINT/SUPP - FIXED STEADY STATE SERVICE,NON IBM IT SERVICES,ATOS IT SERVICES UK LTD,1003002738,37659,Casework Management Extension - ecm_1595,WV10 6UH,SUPPLIER,ecm_41504,0,Expense,232327983
DEFRA,DEFRA,14/07/2016,EXP - PURCHASE OF G&S - ICT OUTSOURCING & MAINT/SUPPORT - COMPUTER & IT SERVICES,NON IBM IT SERVICES,ATOS IT SERVICES UK LTD,1003002738,267186,AMSSSI BAU - Genesis,WV10 6UH,SUPPLIER,,0,Expense,232327983
DEFRA,DEFRA,14/07/2016,EXP - PURCHASE OF G&S - ICT OUTSOURCING & MAINT/SUPPORT - COMPUTER & IT SERVICES,NON IBM IT SERVICES,ATOS IT SERVICES UK LTD,1003002738,64764,Application Development BAU - Genesis,WV10 6UH,SUPPLIER,,0,Expense,232327983
DEFRA,DEFRA,15/07/2016,EXP - CURRENT GRANTS TO PRIVATE SECTOR - NON PROFIT INSTITUTIONS SERVING H'HOLD,"INTERNATIONAL BIODIVERSITY, ECOSYSTEMS AND EVIDENCE",BIRDLIFE CYPRUS,20000068,34720.5,"SOP5 - PROJECT DPLUS034: AKROTIRI MARSH RESTORATION QUARTER 2, 2016-17 ",2090,SUPPLIER(1),,DEA10153,Expense,
DEFRA,DEFRA,15/07/2016,EXP - CURRENT GRANTS TO PRIVATE SECTOR - NON PROFIT INSTITUTIONS SERVING H'HOLD,"INTERNATIONAL BIODIVERSITY, ECOSYSTEMS AND EVIDENCE",FALKLAND ISLANDS GOVERNMENT,20000071,42024.75,SOP6 - SAERI PROJECT - DARWIN CETACEAN GRANT,FIQQ 1ZZ,SUPPLIER(1),,DEA10153,Expense,
DEFRA,DEFRA,15/07/2016,EXP - PURCHASE OF GOODS/SERVICES - CONTRACTORS - MANAGEMENT COVER,FINANCIAL TRANSACTIONS,CAPITA BUSINESS SERVICES LTD,1003002794,102438.45,SOP1 - CAPITA CONTINGENCY LABOUR- Fees & Expenses included within period ending 09 July 2016 for multiple Contingent Labours & multiple CCCs,SL6 1DP,SUPPLIER,,0,Expense,
DEFRA,DEFRA,15/07/2016,EXP - CURRENT GRANTS TO PRIVATE SECTOR - NPISH - CHARITABLE BODIES,WASTE AND RECYCLING,WASTE & RESOURCES ACTION PROGRAMME,1003002813,385546.87,WRAP 2016/17 Funding,OX16 5BH,CUSTOMER,,0,Expense,
DEFRA,DEFRA,15/07/2016,EXP - CURRENT GRANTS TO PRIVATE SECTOR - NPISH - CHARITABLE BODIES,SUSTAINABLE BUSINESS,WASTE & RESOURCES ACTION PROGRAMME,1003002813,318495.25,WRAP 2016/17 Funding,OX16 5BH,CUSTOMER,,0,Expense,
DEFRA,DEFRA,15/07/2016,EXP - CURRENT GRANTS TO PRIVATE SECTOR - NPISH - CHARITABLE BODIES,EUE RESOURCE EFFICIENCY,WASTE & RESOURCES ACTION PROGRAMME,1003002813,192773.44,WRAP 2016/17 Funding,OX16 5BH,CUSTOMER,,0,Expense,
DEFRA,DEFRA,15/07/2016,EXP - CURRENT GRANTS TO PRIVATE SECTOR - NPISH - CHARITABLE BODIES,WASTE AND RESOURCES ACTION PROGRAMME,WASTE & RESOURCES ACTION PROGRAMME,1003002813,192773.44,WRAP 2016/17 Funding,OX16 5BH,CUSTOMER,,0,Expense,
DEFRA,DEFRA,15/07/2016,EXP - PURCHASE OF GOODS/SERVICES - OTHER - CURRENT PAYMENTS,FARMING SECTORS,UNIVERSITY OF READING,1003002816,31361.25,"The Long Term Housing, Maintenance and Scientific Curation of the National Fruit Collections Financial Year  16/17. July 2016",RG6 6AH,Public Body,,DEA10105,Expense,
DEFRA,DEFRA,15/07/2016,EXP - GRANT-IN-AID TO ARMS LENGTH BODIES,ALB PARTNERSHIP AND PUBLIC APPOINTMENTS,JOINT NATURE CONSERVATION COMMITTEE,1003002820,841000,SOP1 - GRANT AID PAYMENT TO JNCC,PE1 1JY,NDPB,,0,Expense,
DEFRA,DEFRA,18/07/2016,EXP - PURCHASE OF GOODS/SERVICES - OTHER ICT COSTS - COMPUTER SOFTWARE,CAP DELIVERY PROGRAMME,M D S TECHNOLOGIES LTD,1003002853,109848.52,CAP502 MDS IaaS funds from 1st January to 30th June 16. Financial Years 15/16/17,SN14 0GX,SUPPLIER(1),,DEA10029,Expense,800615571
DEFRA,DEFRA,18/07/2016,PPE - POA & AUC (OWNED) - COST - ADDITIONS,DEFRA ESTATES - CAPITAL INVESTMENTS,IBM UNITED KINGDOM LTD,1003002882,58793.03,15D-002 -  Worcester Office Move and Closure - RFS 107529 - Milestone 12 - Payment of retained amounts related to milestones 1-11,GU1 2LD,SUPPLIER,,DE012907,Asset,
DEFRA,DEFRA,18/07/2016,EXP - PURCH OF G&S - ICT OUTSOURCE & MAINT/SUPP - APP HOST 3 BUS APPS INFRA SERV,CROSS GOVT INTEGRATION,IBM UNITED KINGDOM LTD,1003002882,51283.05,14F-007 PCN003 Unified Communications -: Charged on time and Material Charges- Project implementation - RFS 108163,GU1 2LD,SUPPLIER,10040,DEA12049,Expense,
DEFRA,DEFRA,18/07/2016,EXP - GRANT-IN-AID TO ARMS LENGTH BODIES,WATER SERVICES,CONSUMER COUNCIL FOR WATER (CCW),2003000058,1282500,Consumer Council for Water (CCW) Grant in Aid 2016/17 : Qtr. July - Sept 2016,B2 4AJ,NDPB,,0,Expense,
DEFRA,DEFRA,19/07/2016,EXP - PURCHASE OF GOODS/SERVICES - ACCOMMODATION &BLDNG MNGMT- RENT TO LANDLORDS,NETWORK PROPERTY HOLDING COSTS,CAPITA PROPERTY & INFRASTRUCTURE LTD,10000413,26273.3,"SOP6 - FUNDING REQUEST CAPFR137 - BEMD-NM-8529-1407. CAPFR137 - rates, insurance, electricity, gas, water and utilities for various locations and dates.",EC2V 7NQ,SUPPLIER,,0,Expense,
DEFRA,DEFRA,19/07/2016,EXP - PURCHASE OF GOODS/SERVICES - ACCOMMODATION &BLDNG MNGMT- RENT TO LANDLORDS,NETWORK PROPERTY HOLDING COSTS,CAPITA PROPERTY & INFRASTRUCTURE LTD,10000413,677109.01,SOP6 - RENT FUNDING REQUEST CAPFR137 - BEMD-NM-8529-1407;  CAPFR137 - rent for various locations and dates.,EC2V 7NQ,SUPPLIER,,0,Expense,
DEFRA,DEFRA,19/07/2016,EXP - RENTALS UNDER NON-PFI OPERATING LEASES - BUILDINGS,NETWORK PROPERTY HOLDING COSTS,CAPITA PROPERTY & INFRASTRUCTURE LTD,10000413,169598.91,SOP6 - SERVICE CHARGE FUNDING REQUEST CAPFR137 - BEMD-NM-8529-1407 ; CAPFR137 - service charge for various locations and dates.,EC2V 7NQ,SUPPLIER,,0,Expense,
DEFRA,DEFRA,19/07/2016,EXP - RENTALS UNDER NON-PFI OPERATING LEASES - BUILDINGS,NETWORK PROPERTY HOLDING COSTS,CAPITA PROPERTY & INFRASTRUCTURE LTD,10000415,102220.68,SOP6 - FUNDING REQUEST CAPRFR139 - BEMD-NM-8537-1807CAPFR139 - Service Charge - Furniture 07/07/16 for 828 - Worcester County Hall,EC2V 7NQ,SUPPLIER,,0,Expense,
DEFRA,DEFRA,19/07/2016,EXP - CURRENT GRANTS TO PRIVATE SECTOR - NON PROFIT INSTITUTIONS SERVING H'HOLD,"INTERNATIONAL BIODIVERSITY, ECOSYSTEMS AND EVIDENCE-",WILDLIFE CONSERVATION SOCIETY,20000072,25457,CORRECTION PROCESSED ON 3790714,10460,CUSTOMER,,DEA10155,Expense,
DEFRA,DEFRA,19/07/2016,EXP - PURCHASE OF GOODS/SERVICES - OTHER - CURRENT PAYMENTS,WATER SERVICES,RICARDO-A E A LTD,1003002917,37452,Water Technology Tests : 2016/17,OX11 0QR,SUPPLIER(1),ecm_9148,0,Expense,144024765
DEFRA,DEFRA,19/07/2016,EXP - PURCHASE OF GOODS/SERVICES - OTHER ICT COSTS - COMPUTER SOFTWARE,CAP DELIVERY PROGRAMME,SPECIALIST COMPUTER CENTRES,1003002921,57967.06,CAP561 (2): SCC/Kainos extension of Platforms Web Ops resources from 01/04/16 to 30/06/16. Financial Year 16/17,B11 2LE,SUPPLIER(1),,DEA10029,Expense,313651680
DEFRA,DEFRA,19/07/2016,EXP - PURCHASE OF GOODS/SERV -ICT OUTSOURC & MAINT/SUPP -NETWORK SERV INC ASSETS,ANIMAL HEALTH: PUBLIC HEALTH,A H D B,1003002922,55000,Provision of electronic reporting for pigs-  April 2016 to March 2017,CV8 2TL,NDPB,IGS,DEA10200,Expense,7914524215
DEFRA,DEFRA,19/07/2016,EXP - PURCHASE OF GOODS/SERVICES - OTHER - EVIDENCE R&D,FUTURE FARMING STATISTICS,UNIVERSITY OF READING,1003002936,52050.66,AC0122 - Optimising the efficiency of dietary Nitrogen use to reduce emissions and waste in dairy systems -  University of Reading - Jul 16,RG6 6AH,Public Body,,0,Expense,
DEFRA,DEFRA,19/07/2016,EXP - CURRENT GRANTS TO PRIVATE SECTOR - NON PROFIT INSTITUTIONS SERVING H'HOLD,"INTERNATIONAL BIODIVERSITY, ECOSYSTEMS AND EVIDENCE",UNIVERSITY OF KENT,1003002942,27401.82,21-014 DICE/University of Kent:  Reconnecting poverty-alleviation to biodiversity conservation in Kenya's Eastern Arc Mountains (2014-2017) Darwin Initiative Grant Scheme - Main Award,CT2 7NZ,Public Body,,DEA10155,Expense,
DEFRA,DEFRA,19/07/2016,EXP - PURCHASE OF GOODS/SERVICES - OTHER - EVIDENCE R&D,PLANT HEALTH,UNIVERSITY OF CAMBRIDGE,1003002943,40000,TH0149 - Developing a spread model and Surveillance plan for Oak Processionary Moth -  University of Cambridge - FY15/16,CB2 1SB,SUPPLIER,,0,Expense,214222124
DEFRA,DEFRA,19/07/2016,EXP - CURRENT GRANTS TO PRIVATE SECTOR - NON PROFIT INSTITUTIONS SERVING H'HOLD,"INTERNATIONAL BIODIVERSITY, ECOSYSTEMS AND EVIDENCE",FAUNA & FLORA INTERNATIONAL,1003002950,44124.25,"IWT034 – FFI: Reducing IWT through synergising community decision-making, benefits and law enforcement (2016-2018) Illegal Wildlife Trade Challenge Fund BRAVO 23120",CB2 3QZ,SUPPLIER(1),,DEA10161,Expense,785039796
DEFRA,DEFRA,19/07/2016,EXP - CURRENT GRANTS TO PRIVATE SECTOR - NON PROFIT INSTITUTIONS SERVING H'HOLD,"INTERNATIONAL BIODIVERSITY, ECOSYSTEMS AND EVIDENCE",ENVIRONMENTAL INVESTIGATION AGENCY (UK) LTD,1003002951,27014.25,IWT030 – Environmental Investigation Agency: Combating illegal ivory trade: training film to aid enforcement officers (2016-2018) Illegal Wildlife Trade Challenge Fund BRAVO 23115,N1 0NY,CUSTOMER,,DEA10161,Expense,440569842
DEFRA,DEFRA,19/07/2016,EXP - CURRENT GRANTS TO PRIVATE SECTOR - NON PROFIT INSTITUTIONS SERVING H'HOLD,"INTERNATIONAL BIODIVERSITY, ECOSYSTEMS AND EVIDENCE",GOVERNMENT OF ST HELENA,1003002986,28829.75,DPLUS039 Govt. of St Helena – Environment & Natural Resources Directorate: Sustainable development and management of St Helena Fisheries and Marine tourism (2015-2017) Darwin Initiative Grant Scheme – Darwin Plus Award. BRAVO 21676,STHL 1ZZ,CUSTOMER,,DEA10153,Expense,
DEFRA,DEFRA,20/07/2016,EXP - CAPITAL GRANTS TO LOCAL GOVERNMENT,AN EVIDENCE,LONDON BOROUGH OF ISLINGTON,1003003005,30000,Regent’s Canal – Electric Charging Points ecm_43137,N1 1XR,SUPPLIER,,0,Expense,
DEFRA,DEFRA,20/07/2016,EXP - PURCHASE OF GOODS/SERV -ICT OUTSOURC & MAINT/SUPP -NETWORK SERV INC ASSETS,CROSS GOVT INTEGRATION,SOFTWARE BOX LTD,1003003007,46793.25,Primary Hosting fee for 16/17,YO61 1ET,SUPPLIER,,0,Expense,734245248
DEFRA,DEFRA,20/07/2016,EXP - CURRENT GRANTS TO PRIVATE SECTOR - NON PROFIT INSTITUTIONS SERVING H'HOLD,"INTERNATIONAL BIODIVERSITY, ECOSYSTEMS AND EVIDENCE",ZOOLOGICAL SOCIETY OF LONDON,1003003012,40762.25,IWT010 ZSL: Securing Rhino populations with effective law enforcement and impact bonds  (2015-2017) Darwin Initiative Grant Scheme – IWT Award,NW1 4RY,SUPPLIER,,DEA10161,Expense,
DEFRA,DEFRA,20/07/2016,EXP - CURRENT GRANTS TO PRIVATE SECTOR - NON PROFIT INSTITUTIONS SERVING H'HOLD,"INTERNATIONAL BIODIVERSITY, ECOSYSTEMS AND EVIDENCE",ZOOLOGICAL SOCIETY OF LONDON,1003003012,32958.5,IWT017 ZSL: Tackling illegal wildlife trade in Mongolia through improved law enforcement  (2015-2018) Darwin Initiative Grant Scheme – IWT Award,NW1 4RY,SUPPLIER,,DEA10161,Expense,
DEFRA,DEFRA,20/07/2016,EXP - CURRENT GRANTS TO PRIVATE SECTOR - NON PROFIT INSTITUTIONS SERVING H'HOLD,"INTERNATIONAL BIODIVERSITY, ECOSYSTEMS AND EVIDENCE",R S P B,1003003020,31530.75,DPLUS053 – RSPB:  conserving Northern rockhopper penguins on Tristan da Cunha (2016-2018) Darwin Initiative Grant Scheme – Darwin Plus Award. BRAVO 23072,SG19 2DL,Public Body,,DEA10153,Expense,365969589
DEFRA,DEFRA,20/07/2016,EXP - CURRENT GRANTS TO PRIVATE SECTOR - NON PROFIT INSTITUTIONS SERVING H'HOLD,"INTERNATIONAL BIODIVERSITY, ECOSYSTEMS AND EVIDENCE",R S P B,1003003020,32859,22-015 – RSPB: Sustainable Management of an Ethiopian Rangeland for Biodiversity and Pastoralists (2015-2018) Darwin Initiative Grant Scheme – Darwin Main Project Award.  BRAVO 21859,SG19 2DL,Public Body,,DEA10155,Expense,365969589
DEFRA,DEFRA,20/07/2016,EXP - CURRENT GRANTS TO PRIVATE SECTOR - NON PROFIT INSTITUTIONS SERVING H'HOLD,FLS - OFFICIAL DEVELOPMENT ASSISTANCE,BIRDLIFE INTERNATIONAL,1003003043,28869.5,23-016 – Birdlife International:  Yerba mate – a market-driven model for conserving Paraguay's Atlantic Forest (2016-2019) Darwin Initiative Main Award BRAVO 23186.,CB2 3QZ,CUSTOMER,23186,0,Expense,636959780
DEFRA,DEFRA,20/07/2016,EXP - CURRENT GRANTS TO PRIVATE SECTOR - NON PROFIT INSTITUTIONS SERVING H'HOLD,FLS - OFFICIAL DEVELOPMENT ASSISTANCE,BIRDLIFE INTERNATIONAL,1003003043,32125,23-017 – Birdlife International:  Building resilient landscapes and livelihoods in Burkina Faso's Shea Parklands. (2016-2019) Darwin Initiative Main Award BRAVO 23187.,CB2 3QZ,CUSTOMER,23187,0,Expense,636959780
DEFRA,DEFRA,20/07/2016,EXP - PURCHASE OF GOODS/SERV - ICT OUTSOURC & MAINT/SUPP - SOFTWARE,KTR STRATEGY & PORTFOLIO,BRITISH GEOLOGICAL SURVEY,2003000059,207030,One year licence for BGS data for the Defra Group,NG12 5GG,OGD,23293,0,Expense,
DEFRA,DEFRA,20/07/2016,EXP - PURCHASE OF GOODS/SERVICES - OTHER - EVIDENCE R&D,PLANT HEALTH,B B S R C,2003000060,212025.01,TH0114  LWEC Tree Health & Plant Biosecurity Initiative (Phase 2) 16/17,SN2 1UH,OGD,,0,Expense,
DEFRA,DEFRA,21/07/2016,EXP - CURRENT GRANTS TO PRIVATE SECTOR - NON PROFIT INSTITUTIONS SERVING H'HOLD,WATER AND CBRN EMERGENCIES,MET OFFICE,1003003066,575000,Financial Year 2016-17 -  July to September Quarter :Grant Payment-Providing an Integrated Flood Forecasting and Alerts Service Covering England to support and enhance existing National area delivery,EX1 3PB,OGD,,0,Expense,
DEFRA,DEFRA,21/07/2016,EXP - PURCHASE OF GOODS/SERVICES - ELECTRICITY,NETWORK PROPERTY HOLDING COSTS,E D F ENERGY,1003003144,56153.61,CONSOLIDATED ENERGY  INVOICE 01-06-2016 to 30-06-2016,EX1 3UT,SUPPLIER(1),,0,Expense,523041202
DEFRA,DEFRA,21/07/2016,EXP - PURCHASE OF GOODS/SERVICES - ELECTRICITY,NETWORK PROPERTY HOLDING COSTS,E D F ENERGY,1003003144,280767.99,"SOP 1 - EDF CONDOLIDATED- Utility bill for multiple sites, accounts and period (March, April, May and June).",EX1 3UT,SUPPLIER(1),,0,Expense,523041202
DEFRA,DEFRA,21/07/2016,EXP - PURCHASE OF GOODS/SERV -ICT OUTSOURC & MAINT/SUPP -NETWORK SERV INC ASSETS,ANIMAL HEALTH: PUBLIC HEALTH,SOUTH WESTERN B P S (UK) LTD,1003003154,27009.84,"Contract for the provision of an Electronic Movement Reporting system & Database (sheep, goats & deer) April 2016 to March 2017.",NW1 5RA,SUPPLIER(1),17731,0,Expense,134179516
DEFRA,DEFRA,21/07/2016,EXP - PURCHASE OF GOODS/SERVICES - ACCOMMODATION & BLDNG MANAGEMENT,NETWORK ESTATES - DELIVERY TEAM  (SAND HUTTON – LAB),INTERSERVE (FACILITIES MNGMNT) LTD,1003003158,54259.31,PO for MAY 2016 Pass Through Costs (FMD sites only) under Framework FRW10226C-00.(Invoice FI00058054),BS32 4NH,SUPPLIER(1),10226,0,Expense,527218256
DEFRA,DEFRA,21/07/2016,EXP - PURCHASE OF G&S - ACCOM & BLDNG MGMT - ESTATES IFM CORE MAINTENANCE,NETWORK ESTATES - PERFORMANCE,INTERSERVE (FACILITIES MNGMNT) LTD,1003003158,170608.33,CORE CONTRACT,BS32 4NH,SUPPLIER(1),,0,Expense,527218256
DEFRA,DEFRA,21/07/2016,EXP - PURCHASE OF G&S - ACCOM & BLDNG MGMT - ESTATES IFM CORE MAINTENANCE,NETWORK ESTATES - PERFORMANCE,INTERSERVE (FACILITIES MNGMNT) LTD,1003003158,853041.67, Reactive contract PO’s for 2016/17 - Standard 12 monthly invoices throughout 2016/17 (Core FM),BS32 4NH,SUPPLIER(1),,0,Expense,527218256
DEFRA,DEFRA,21/07/2016,EXP - PURCHASE OF GOODS/SERVICES -OTHER PROF SERV - TREASURY SOLICITORS,LEGAL GROUP SOLICITOR AND DIRECTOR GENERAL,GOVERNMENT LEGAL DEPARTMENT-1,2003000063,1927250,2016-17 Government Legal Department Block Fee Arrangement - Advice fees,WC2B 4TS,OGD,,0,Expense,
DEFRA,DEFRA,21/07/2016,EXP - PURCHASE OF GOODS/SERVICES -OTHER PROF SERV - TREASURY SOLICITORS,LEGAL GROUP SOLICITOR AND DIRECTOR GENERAL,GOVERNMENT LEGAL DEPARTMENT-1,2003000063,52500,2016-17 Government Legal Department Block Fee Arrangement ,WC2B 4TS,OGD,,0,Expense,
DEFRA,DEFRA,21/07/2016,EXP - PURCHASE OF GOODS/SERVICES - OTHER PROFESSIONAL SERVICES,WASTE AND RECYCLING,"DEPARTMENT FOR BUSINESS, INNOVATION & SKILLS",2003000065,45077.57,FY16/17- being the actual total for April & May (attached),SW1H 0ET,OGD,IGS,0,Expense,888825550
DEFRA,DEFRA,25/07/2016,EXP - PURCHASE OF GOODS/SERVICES - ACCOMMODATION &BLDNG MNGMT- RENT TO LANDLORDS,NETWORK PROPERTY HOLDING COSTS,CAPITA PROPERTY & INFRASTRUCTURE LTD,10000417,1535072.83,"SOP6 - DEFRA BUILDING UTILITIES. Rent, Rates, Service charge, Insurance and Utility costs for various locations and  dates",EC2V 7NQ,SUPPLIER,,0,Expense,
DEFRA,DEFRA,25/07/2016,EXP - BUSINESS RATES,NETWORK PROPERTY HOLDING COSTS,CAPITA PROPERTY & INFRASTRUCTURE LTD,10000418,1214186.44,SOP6 - BEMD-NM-8546-2009  CAPFR 138 Business rates covering various properties for August 2016,EC2V 7NQ,SUPPLIER,,0,Expense,
DEFRA,DEFRA,25/07/2016,EXP - PURCHASE OF GOODS/SERVICES - OTHER PROF SERVICES - PAYMENTS TO AGENCIES,TB,PRIONICS AG,20000074,119334,"SOP5 -  - CONTRACT 20298  ORDER 51726, for the supply of tuberculin used  in the testing of animals ( mainly cattle) for bovine TB",SWITZERLAND,SUPPLIER,,DEA10199,Expense,
DEFRA,DEFRA,25/07/2016,EXP - PURCHASE OF GOODS/SERVICES - OTHER PROF SERVICES - PAYMENTS TO AGENCIES,TB,PRIONICS AG,20000075,188743.7,"SOP5  - CONTRACT 20298 - ORDER 51306, for the supply of tuberculin used  in the testing of animals ( mainly cattle) for bovine TB",SWITZERLAND,SUPPLIER,,DEA10199,Expense,
DEFRA,DEFRA,25/07/2016,EXP - PURCHASE OF GOODS/SERVICES - OTHER PROF SERVICES - PAYMENTS TO AGENCIES,TB,PRIONICS AG,20000076,119694,"SOP5 -  CONTRACT 20298 - ORDER 51305, for the supply of tuberculin used  in the testing of animals ( mainly cattle) for bovine TB",SWITZERLAND,SUPPLIER,,DEA10199,Expense,
DEFRA,DEFRA,25/07/2016,EXP - PURCHASE OF GOODS/SERVICES - OTHER PROF SERVICES - PAYMENTS TO AGENCIES,TB,PRIONICS AG,20000077,188743.7,"SOP5 - - CONTRACT 20298 - ORDER 51468, for the supply of tuberculin used  in the testing of animals ( mainly cattle) for bovine TB",SWITZERLAND,SUPPLIER,,DEA10199,Expense,
DEFRA,DEFRA,25/07/2016,EXP - PURCH OF G & S - ICT OUTSOURCING & MAINT - WORK PACKAGE/WPO IMPLEMENTATION,IT SERVICE MANAGEMENT,IBM UNITED KINGDOM LTD,1003003220,42266.59,15G-008 RSR- Emergency service support – York and Carlisle flooding support - billed on T&M basis - RFS 107986 - Project implementation,GU1 2LD,SUPPLIER,,0,Expense,
DEFRA,DEFRA,25/07/2016,EXP - CURRENT GRANTS TO PRIVATE SECTOR - NON PROFIT INSTITUTIONS SERVING H'HOLD,LAND USE AND RECREATION,THE NATIONAL ASSOCIATION FOR AONBS,1003003222,63066.5,2015/2016 Defra Funding Assistants to the National Association for the AONBs (NAAONB),GL54 3JH,SUPPLIER(1),,DEA10068,Expense,
DEFRA,DEFRA,25/07/2016,EXP - PURCHASE OF GOODS/SERVICES - OTHER PROFESSIONAL SERVICES,"INTERNATIONAL BIODIVERSITY, ECOSYSTEMS AND EVIDENCE",L T S INTERNATIONAL LTD,1003003225,38175.6,LTS International - CNN5. Contract for the provision of Darwin Initiative administration. Ref: 20211. ,EH26 0PH,SUPPLIER(1),20211,0,Expense,267763712
DEFRA,DEFRA,25/07/2016,EXP - CURRENT GRANTS TO PRIVATE SECTOR - NON PROFIT INSTITUTIONS SERVING H'HOLD,FLS - OFFICIAL DEVELOPMENT ASSISTANCE,UNIVERSITY OF EXETER,1003003233,29774.75,"23-011 – Centre for Ecology and Conservation, University of Exeter: Transforming Marine Resource Management in the Republic of Congo (2016-2019) Darwin Initiative Main Award BRAVO 23180.",EX4 4QX,Public Body,23180,0,Expense,
DEFRA,DEFRA,25/07/2016,EXP - CURRENT GRANTS TO PRIVATE SECTOR - NON PROFIT INSTITUTIONS SERVING H'HOLD,FLS - OFFICIAL DEVELOPMENT ASSISTANCE,UNIVERSITY OF EXETER,1003003233,29220.33,23-012 – University of Exeter:  Improving Marine Biodiversity and Livelihood of coastal communities in Principe (2016-2019) Darwin Initiative Main Award BRAVO 23181.,EX4 4QX,Public Body,23181,0,Expense,
DEFRA,DEFRA,25/07/2016,EXP - PURCHASE OF GOODS/SERVICES - ELECTRICITY,NETWORK PROPERTY HOLDING COSTS,E D F ENERGY,1003003258,86733.97,"SOP 1 - EDF ELEC CONS, Consolidated Electricity bill for multiple sites & Accounts covering period 01/06/2016 to 30/06/2016 and 01/03/2016 to 22/03/2016",EX1 3UT,SUPPLIER(1),,0,Expense,523041202
DEFRA,DEFRA,25/07/2016,EXP - PURCHASE OF GOODS/SERVICES - ELECTRICITY,NETWORK PROPERTY HOLDING COSTS,BRITISH GAS TRADING LTD,1003003261,26530.72,SOP 1- CON BG BILL;  Consolidated Electricity bill for multiple sites & multiple accounts and covering multiple period,OX4 2JY,SUPPLIER,,0,Expense,
DEFRA,DEFRA,25/07/2016,EXP - CURRENT GRANTS TO PRIVATE SECTOR - NON PROFIT INSTITUTIONS SERVING H'HOLD,"INTERNATIONAL BIODIVERSITY, ECOSYSTEMS AND EVIDENCE",GOVERNMENT OF ST HELENA,1003003262,30419.25,DPLUS039 Government of St Helena – Environment & Natural Resources Directorate: Sustainable Development and Management of St Helena Fisheries and Marine Tourism (2015-2017) Darwin Initiative Grant Scheme – Darwin Plus Award. BRAVO 21676,STHL 1ZZ,CUSTOMER,,DEA10153,Expense,
DEFRA,DEFRA,25/07/2016,EXP - CURRENT GRANTS TO PRIVATE SECTOR - NON PROFIT INSTITUTIONS SERVING H'HOLD,WASTE INFRASTRUCTURE POLICY AND DELIVERY,LOCAL PARTNERSHIPS LLP,1003003267,58140,LP Contract 2016-17 grant portion.,SW1P 3HZ,SUPPLIER,Bravo ref 23097. other ref. ec,0,Expense,
DEFRA,DEFRA,25/07/2016,EXP - CURRENT GRANTS TO PRIVATE SECTOR - NON PROFIT INSTITUTIONS SERVING H'HOLD,WASTE INFRASTRUCTURE POLICY AND DELIVERY,LOCAL PARTNERSHIPS LLP,1003003267,60500,LP Contract 2016-17 grant portion.,SW1P 3HZ,SUPPLIER,Bravo ref 23097. other ref. ec,0,Expense,
DEFRA,DEFRA,25/07/2016,EXP - PURCHASE OF G&S - ACCOM & BLDNG MGMT - REACTIVE ELEMENT OF CORE IFM FEE,NETWORK ESTATES - PERFORMANCE,INTERSERVE (FACILITIES MNGMNT) LTD,1003003270,496773.71, Reactive contract PO’s for 2016/17 - Standard 12 monthly invoices throughout 2016/17 (Reactive),BS32 4NH,SUPPLIER(1),,0,Expense,527218256
DEFRA,DEFRA,25/07/2016,EXP - PURCHASE OF G&S - ACCOM & BLDNG MGMT - REACTIVE ELEMENT OF CORE IFM FEE,NETWORK ESTATES - PERFORMANCE,INTERSERVE (FACILITIES MNGMNT) LTD,1003003270,99354.74,REACTIVE MAINTENANCE FUND,BS32 4NH,SUPPLIER(1),,0,Expense,527218256
DEFRA,DEFRA,25/07/2016,EXP - PURCHASE OF G&S - ACCOM & BLDNG MGMT - ESTATES IFM CORE MAINTENANCE,NETWORK ESTATES - PERFORMANCE,INTERSERVE (FACILITIES MNGMNT) LTD,1003003270,118095.66, Reactive contract PO’s for 2016/17 - Standard 12 monthly invoices throughout 2016/17 (Core FM),BS32 4NH,SUPPLIER(1),,0,Expense,527218256
DEFRA,DEFRA,25/07/2016,EXP - PURCH OF G&S - ACCOM & BLDNG MGMT - ESTATES IFM PASS- THROUGH MAINTENANCE,SUSTAINABLE WORKPLACE MANAGEMENT - SBEWS,INTERSERVE (FACILITIES MNGMNT) LTD,1003003270,141262.54,PO  for MAY 2016 Pass Through Costs (all other sites) under Framework FRW10226C-00.  (Invoice FI00057771).  ,BS32 4NH,SUPPLIER(1),10226,0,Expense,527218256
DEFRA,DEFRA,25/07/2016,EXP - PURCHASE OF GOODS/SERVICES - PERSONNEL RELATED - RECRUITMENT ADVERTISING,STRATEGIC WORKFORCE PLANNING AND BUSINESS ANALYSIS,H M REVENUE & CUSTOMS,1003003271,35539,Defra charge for the CSR System Financial Year 15/16 - Service,BN12 4XH,Tax Authority,,0,Expense,
DEFRA,DEFRA,25/07/2016,EXP - CURRENT GRANTS TO PRIVATE SECTOR - NON PROFIT INSTITUTIONS SERVING H'HOLD,INNOVATIVE SUSTAINABLE FARMING,NATIONAL FARMERS UNION,1003003274,154388,Defra's Grant Funding - The Campaign for the Farmed Environment 2015/16,CV8 2TZ,SUPPLIER,,0,Expense,
DEFRA,DEFRA,26/07/2016,EXP - PURCHASE OF GOODS/SERVICES - OTHER - CURRENT PAYMENTS,WILDLIFE,HAMPSHIRE POLICE AUTHORITY,1003003295,41250,NWCU - Bravo 23074  - Hampshire Police Authority,SO22 5DB,SUPPLIER,,0,Expense,
DEFRA,DEFRA,26/07/2016,EXP - PURCHASE OF GOODS/SERVICES - OTHER PROF SERVICES - PAYMENTS TO AGENCIES,PLANT HEALTH,FERA SCIENCE LIMITED,1003003343,259233,Fera Specialist Facilities Services 16/17,YO41 1LZ,SUPPLIER(1),,0,Expense,207199894
DEFRA,DEFRA,26/07/2016,EXP - PURCHASE OF GOODS/SERVICES - OTHER PROF SERVICES - PAYMENTS TO AGENCIES,PLANT HEALTH,FERA SCIENCE LIMITED,1003003343,51846.6,JULY 2016 SPECIALIST FACILITIES SERVICES,YO41 1LZ,SUPPLIER(1),,0,Expense,207199894
DEFRA,DEFRA,26/07/2016,EXP - PURCHASE OF GOODS/SERVICES - OTHER - EVIDENCE R&D,AN EVIDENCE,CENTRE FOR ECOLOGY & HYDROLOGY,2003000071,27310,Financial Year 14/15 - AQ0947 Support for National Air Pollution Control Strategies 2013-2015,SN2 1EU,OGD,,DEA10124,Expense,
DEFRA,DEFRA,27/07/2016,EXP - PURCHASE OF GOODS/SERVICES - PERSONNEL RELATED,STRATEGIC WORKFORCE PLANNING AND BUSINESS ANALYSIS,MINISTRY OF JUSTICE,1003003385,90057,CSHR Casework Service,NP20 9BB,OGD,IGS,0,Expense,
DEFRA,DEFRA,27/07/2016,EXP - PURCHASE OF GOODS/SERVICES -OTHER PROFESSIONAL SERVICES - LEGAL,NETWORK PROPERTY HOLDING COSTS,MONTAGU EVANS LLP,1003003401,40000,"FRN 0705 - 663 Eastbrook  - Fee for Disposal of surplus Accommodation at Eastbrook Complex, Cambridge FEE",W1J 8BA,SUPPLIER,,DE066300,Expense,
DEFRA,DEFRA,27/07/2016,EXP - CURRENT GRANTS TO PRIVATE SECTOR - NON PROFIT INSTITUTIONS SERVING H'HOLD,LAND USE AND RECREATION,DEVON COUNTY COUNCIL,1003003404,58558.02,2015/16 Grant in aid payment to Blackdown Hills - Areas of Outstanding Natural Beauty,EX2 4QD,SUPPLIER,,DEA10035,Expense,142208113
DEFRA,DEFRA,27/07/2016,EXP - PURCHASE OF GOODS/SERVICES - GAS,NETWORK PROPERTY HOLDING COSTS,CORONA ENERGY,1003003408,28021.35,CORONA CONSOLIDATED GAS INVOICE JUNE 16,WD17 1JW,SUPPLIER,,0,Expense,
DEFRA,DEFRA,27/07/2016,EXP - PURCHASE OF GOODS/SERVICES - GAS,NETWORK PROPERTY HOLDING COSTS,CORONA ENERGY,1003003408,144008.64,SOP 1  CORONA GAS BILL for June 2016 including some invoices from previous month.,WD17 1JW,SUPPLIER,,0,Expense,
DEFRA,DEFRA,27/07/2016,EXP - PURCHASE OF G&S - ICT OUTSOURCING & MAINT/SUPPORT - IBM BASE SERVS CONTROL,IBM SERVICES - ADMIN COSTS,IBM UNITED KINGDOM LTD,1003003413,5428342.69,July 16 IT Baselined Services ref CMM July 16 - Sept16,GU1 2LD,SUPPLIER,10040,0,Expense,
DEFRA,DEFRA,28/07/2016,EXP - PURCHASE OF GOODS/SERVICES - OTHER - EVIDENCE R&D,ANIMAL DISEASE CONTROL,THE PIRBRIGHT INSTITUTE,1003003450,70798,SE1128 - Planned R&D in support of FMD diagnostic capability - The Pirbright Institute -  Jul 16,GU24 0NF,OGD,,0,Expense,
DEFRA,DEFRA,28/07/2016,EXP - PURCHASE OF GOODS/SERVICES - OTHER - EVIDENCE R&D,ANIMAL DISEASE CONTROL,THE PIRBRIGHT INSTITUTE,1003003450,30375,"SE2621: Genetic Analyses, Molecular Epidemiology and Diagnostic Systems for Bluetongue and related orbiviruses",GU24 0NF,OGD,ecm_43235,0,Expense,
DEFRA,DEFRA,28/07/2016,EXP - PURCHASE OF GOODS/SERVICES - OTHER - EVIDENCE R&D,ANIMAL DISEASE CONTROL,THE PIRBRIGHT INSTITUTE,1003003450,72761.25,SE2815 - Developing improved methods to quantify transmission of foot-and-mouth disease virus - Pirbright Institute - Jul 16,GU24 0NF,OGD,,0,Expense,
DEFRA,DEFRA,28/07/2016,EXP - PURCHASE OF GOODS/SERVICES - OTHER - EVIDENCE R&D,ANIMAL DISEASE CONTROL,THE PIRBRIGHT INSTITUTE,1003003450,122015,SE2943: Using sequence data to trace the origins of foot-and-mouth disease outbreaks. 2016/17 costs,GU24 0NF,OGD,ecm_47311,0,Expense,
DEFRA,DEFRA,29/07/2016,RES - I&E RESERVE - GENERAL FUND - NET PARLIAMENTARY FUNDING - AGENCY FUNDING,BALANCE SHEET,RURAL PAYMENTS AGENCY,30000008,40000000,SOP6 - RETURN FUNDING JULY 2016,RG1 1AF,Government Agency,,0,Revenue,
DEFRA,DEFRA,29/07/2016,EXP - PURCHASE OF GOODS/SERVICES - OTHER - EVIDENCE R&D,TB,ANIMAL AND PLANT HEALTH AGENCY,2003000077,175944,SE3247: Development of an Oral BCG Vaccine for badgers - regulatory component,KT15 3NB,Government Agency,ecm_15521,0,Expense,888800181
DEFRA,AHDB,14/07/2016,Invoice,,Crop Systems Ltd,4037,30000,Works: AHDB Potatoes - Deposit for the overhaul and re-fit of experimental stores 25-36 at Sutton Bridge Crop Storage Research,NR11 8HQ,,,,,719999850
DEFRA,AHDB,18/07/2016,Invoice,,The Cambridge Belfry,314846,25010.14,Events: AHDB Cereals & Oilseeds - Event accommodation for staff at Cereals 2016,CB23 6BW,,,,,809079119
DEFRA,AHDB,25/07/2016,Invoice,,TLR Ltd,,25620.27,"Defra Electronic Pig Movement System - Server hosting, backup security, internet connectivity, software licensing and client support for e-AML2 Pig Movement Services. 1 July-31 Sept 2016",,,,,,
DEFRA,AHDB,25/07/2016,Invoice,,STC Research Foundation,1387,28421,Research: AHDB Horticulture - Understanding crop and pest responses to LED lighting to maximise horticultural crop quality and reduce the use of PGRs. Payment for 1 Apr - 30 Jun 2016. ,YO8 3TZ,,,,,856597270
DEFRA,AHDB,25/07/2016,Invoice,,ADAS UK Ltd,RIRP091247,30498,Research: AHDB Horticulture - CP 158 Application and Management of Biopesticides for Efficacy and Reliability (AMBER). April - June 16 costs. ,WV9 5AP,,,,,685426895
DEFRA,AHDB,25/07/2016,Invoice,,ADAS UK Ltd,RIRP091253,33871,"Research: AHDB Cereals & Oilseeds - RD-214006 Fungicide performance in wheat, barley and OSR QTR 1 April to June 2016",WV9 5AP,,,,,685426895
DEFRA,AHDB,25/07/2016,Invoice,,Vivactis Public Relations,16FV119,38452.38,Marketing: AHDB Beef & Lamb. EU Top pro challenge - June 16. ,,,,,,
DEFRA,AHDB,25/07/2016,Invoice,,Interaction Conseil,6138/3935-958,42252.44,"Export event: AHDB Beef & Lamb - SIAL 2016 event, Stand build costs. Spending Controls ref: SC 16-17/1570",,,,,,
DEFRA,AHDB,25/07/2016,Invoice,,ICA Ltd,011066/ICA1728,59562.11,Works: AHDB Potatoes - Contract Valuation 3 - 10 new storage cells with environmental control at Sutton Bridge Crop Research 2015-109,TN12 6UT,,,,,619448319
DEFRA,AHDB,25/07/2016,Invoice,,ICA Ltd,011065/ICA1734,68309.04,Works: AHDB Potatoes - Contract Valuation 1 - 10 new stores at Sutton Bridge Crop Research Phase 2B,TN12 6UT,,,,,619448319
DEFRA,AHDB,27/07/2016,Invoice,,Kindred Agency Ltd,114674,30000,"Marketing: AHDB Potatoes - EU Campaign Website collateral costs - Facebook activity and Advertising fees, Vlogger/Blogger activity and fees",SW1P 2AF,,,,,760753620
DEFRA,AHDB,27/07/2016,Invoice,,NIAB,NI12429,32385,Research: AHDB Cereals & Oilseeds - Recommended List Pathology trials H2016 3rd instalment,CB3 0LE,,,,,100132207
DEFRA,AHDB,27/07/2016,Invoice,,NIAB,NI12425,49429.21,Research: AHDB Cereals & Oilseeds - Main Recommended List Trials contract 3rd instalment H2016,CB3 0LE,,,,,100132207
DEFRA,AHDB,27/07/2016,Invoice,,James Hutton Limited,SIJHL/00000810,58084.5,"Research: AHDB Horticulture - Raspberry Breeding Consortium 1st instalment year 3, 2016/17",DD2 5DA,,,,,108249520
DEFRA,AHDB,27/07/2016,Invoice,,National Audit Office,5595,81000,Audit: Audit of the AHDB 2015-16 Report & Accounts,SW1W 9SP,,,,,417632457
DEFRA,CEFAS,14/07/2016,ICT Maintenance & Support,Corporate,COMPUTACENTER UK LTD,20092023,37884.28,Document Management System (HP Trim) License renewals for 2 years,AL10 9TW,STAN,74200,4310,,
DEFRA,CEFAS,14/07/2016,Lab Services,Aquatic Health & Hygiene,FERA Science Ltd,20092051,38326.92,Chemical contaminants analysis for 2016/17,YO41 1LZ,STAN,C5669,3615,,
DEFRA,CEFAS,14/07/2016,Lab Services,Aquatic Health & Hygiene,SAMS Research Services Ltd,20091981,44779.68, Phytoplankton analysis of 1310 samples for 2016/17,PA37 1SZ,STAN,C5666,3615,,
DEFRA,NE,01/06/2016,EXP - PURCHASE OF GOODS/SERVICES - SHARED SERVICES OUTSOURCING,Finance and Governance,SHARED SERVICES CONNECTED LTD,100002679,117609.64,SSCL Shared Services provision for Natural England - April 2016,HP2 7AH,SUPPLIER,,0,Expense,171798078
DEFRA,NE,09/06/2016,EXP - PURCHASE OF GOODS/SERVICES - SHARED SERVICES OUTSOURCING,Finance and Governance,SHARED SERVICES CONNECTED LTD,100002886,119502.13,SSCL Shared Services provision for Natural England - May 2016,HP2 7AH,SUPPLIER,,0,Expense,171798078
DEFRA,NE,09/06/2016,EXP - PURCHASE OF GOODS/SERVICES - SHARED SERVICES OUTSOURCING,Finance and Governance,SHARED SERVICES CONNECTED LTD,100003110,119502.13,SSCL Shared Services provision for Natural England - June 2016,HP2 7AH,SUPPLIER,,0,Expense,171798078
DEFRA,NE,10/06/2016,EXP - PURCHASE OF GOODS/SERVICES - MARKETING & MEDIA,Finance and Governance,N L A MEDIA ACCESS LIMITED,Q376547,28679.38,Newspaper Licensing Agency licence renewal - 1 May 2016-30 April 2017,TN1 1NL,SUPPLIER(1),23132,0,Expense,
DEFRA,NE,13/06/2016,PPE - FURNITURE AND FITTINGS (OWNED) - COST - SYSTEM CLEARING,Finance and Governance,IBM UNITED KINGDOM LTD,5806160167,53273.27,"Project to improve access to Geographic Information, especially for high end users in the Geographic Information Programme - 2015-16",GU1 2LD,SUPPLIER,,0,Asset,
DEFRA,NE,14/06/2016,PPE - LAND (OWNED) - COST - NCA SUSPENSE,Finance and Governance,ROYAL BANK OF SCOTLAND,28MAY2016RBSNEG,547468.49,Monthly payment for Government Procurement Card expenditure - May 2016,EC2M 4BA,SUPPLIER,,0,Asset,
DEFRA,NE,16/06/2016,EXP - EU CAPITAL GRANTS TO LOCAL GOVERNMENT,Strategy and Reform,KENT COUNTY COUNCIL,400014821,46500.97,England Coastal Path - establishment works - Folkestone to Ramsgate and Camber to Folkestone - 2016-17,ME14 1XX,SUPPLIER,,0,Expense,
DEFRA,NE,20/06/2016,EXP - PURCHASE OFGOODS/SERVICES - PURCHASE PRICE VARIANCE,Finance and Governance,VODAFONE LTD,80235309,68661.24,Mobile phone charges - usage (1 March-31 May 2016) and service charge (1 June-31 August 2016),RG14 5FF,SUPPLIER,,0,Expense,
DEFRA,NE,20/06/2016,EXP - PURCHASE OF GOODS/SERVICES - TELECOMS,Finance and Governance,BRITISH TELECOMMUNICATIONS PLC.,VP09188470Q02901,31896.28,Telephony and broadband support - May 2016,NE82 6AA,SUPPLIER(1),,NE160910,Expense,
DEFRA,NE,27/06/2016,EXP - PURCHASE OFGOODS/SERVICES - PURCHASE PRICE VARIANCE,Finance and Governance,REDFERN TRAVEL LTD,1705,238506.65,Monthly charge for Rail travel costs - May 2016,BD1 1PL,SUPPLIER,,0,Expense,
DEFRA,NE,27/06/2016,EXP - PURCHASE OFGOODS/SERVICES - PURCHASE PRICE VARIANCE,Finance and Governance,REDFERN TRAVEL LTD,1918,208310.71,Monthly charge for Rail travel costs - June 2016,BD1 1PL,SUPPLIER,,0,Expense,
DEFRA,NE,28/06/2016,EXP - PURCHASE OF GOODS/SERVICES - OTHER PROFESSIONAL SERVICES,Strategy and Reform,P M L APPLICATIONS LTD,PA/I500763,28563.91,Dive survey of Lundy Subtidal Reef Communities,PL1 3DH,SUPPLIER(1),Ref PO 901193,0,Expense,
DEFRA,NE,01/07/2016,EXP - CAPITAL GRANTS TO PRIVATE SECTOR - COMPANIES,STATUTORY ACCESS,YORKSHIRE DALES NATIONAL AUTHORITY,ERS-100900000486-133695,183608.38,"Grant for Pennine Way and Pennine Bridleway, Yorkshire Dales National Park - 2015-16",BD23 5LB,LOCAL AUTHORITIES,,,,
DEFRA,NE,01/07/2016,EXP - EU CAPITAL GRANTS TO LOCAL GOVERNMENT,STATUTORY ACCESS,OXFORDSHIRE COUNTY COUNCIL,ERS-100900000421-133687,176025,Grant for Thames Path National Trail - 2015-16,OX29 4TL,SUPPLIER,,NE161865,Expense,
DEFRA,NE,01/07/2016,EXP - EU CAPITAL GRANTS TO LOCAL GOVERNMENT,STATUTORY ACCESS,CORNWALL COUNTY COUNCIL,ERS-100900000619-133689,168284.63,Grant for South West Coast Path maintenance - 2015-16,TR1 3AY,SUPPLIER,,NE162230,Expense,
DEFRA,NE,01/07/2016,EXP - EU CAPITAL GRANTS TO LOCAL GOVERNMENT,STATUTORY ACCESS,DEVON COUNTY COUNCIL,ERS-100900000618-133682,111793.29,Grant for South West Coast Path maintenance in Devon - 2015-16,EX2 4QW,SUPPLIER,,NE161065,Expense,132746770
DEFRA,NE,01/07/2016,EXP - CAPITAL GRANTS TO PRIVATE SECTOR - COMPANIES,STATUTORY ACCESS,NORTH YORK MOORS NATIONAL PARK,ERS-100900000487-133694,59180,Grant for North York Moors National Park - 2015-16,YO62 5BP,LOCAL AUTHORITIES,,NE161065,Expense,142208113
DEFRA,NE,01/07/2016,EXP - EU CAPITAL GRANTS TO LOCAL GOVERNMENT,STATUTORY ACCESS,KENT COUNTY COUNCIL,ERS-100900000420-133690,50416,Grant for North Downs Way National Trail - 2015-16,ME14 1XX,SUPPLIER,,NE161040,Expense,
DEFRA,NE,01/07/2016,EXP - EU CAPITAL GRANTS TO LOCAL GOVERNMENT,STATUTORY ACCESS,DORSET COUNTY COUNCIL,ERS-100900000620-133683,41367,"Grant for South West Coast Path National Trail, Dorset maintenance - 2015-16",DT1 1XJ,SUPPLIER,,NE162365,Expense,
DEFRA,NE,01/07/2016,EXP - CAPITAL GRANTS TO PRIVATE SECTOR - COMPANIES,STATUTORY ACCESS,YORKSHIRE DALES NATIONAL AUTHORITY,ERS-100900000486-133695,36721.68,"Grant for Pennine Way and Pennine Bridleway, Yorkshire Dales National Park - 2015-16",BD23 5LB,LOCAL AUTHORITIES,,NE161065,Expense,
DEFRA,NE,01/07/2016,EXP - EU CAPITAL GRANTS TO LOCAL GOVERNMENT,STATUTORY ACCESS,OXFORDSHIRE COUNTY COUNCIL,ERS-100900000421-133687,35205,Grant for Thames Path National Trail - 2015-16,OX29 4TL,SUPPLIER,,NE161865,Expense,
DEFRA,NE,01/07/2016,EXP - EU CAPITAL GRANTS TO LOCAL GOVERNMENT,STATUTORY ACCESS,CORNWALL COUNTY COUNCIL,ERS-100900000619-133689,33656.93,Grant for South West Coast Path maintenance - 2015-16,TR1 3AY,SUPPLIER,,NE162230,Expense,
DEFRA,NE,01/07/2016,EXP - CURRENT GRANTS TO LOCAL GOVERNMENT,STATUTORY ACCESS,DEVON COUNTY COUNCIL,ERS-100900000617-133681,26127,Grant for South West Coast Path - 2015-16,EX2 4QW,SUPPLIER,,NE161065,Expense,132746770
DEFRA,NE,04/07/2016,EXP - PURCHASE OF GOODS/SERVICES - OTHER - RESEARCH AND DEVELOPMENT,EVIDENCE TEAM,T N S UK LTD,260163023,51800,Monitor of Engagement with the Natural Environment (MENE) survey - April-June 2016,SE1 2QY,SUPPLIER(1),ECM 7014,NE161065,Expense,142208113
DEFRA,NE,04/07/2016,EXP - PURCHASE OF GOODS/SERVICES - OTHER - RESEARCH AND DEVELOPMENT,EVIDENCE PROGRAMME,T N S UK LTD,260136028,51800,Monitor of Engagement with the Natural Environment (MENE) survey - July-September 2016,SE1 2QY,SUPPLIER(1),ECM 7014,0,Expense,
DEFRA,NE,05/07/2016,CA - OTHER RECEIVABLES - PURCHASING CARD CONTROL ACCOUNT,BALANCE SHEET,ROYAL BANK OF SCOTLAND,44659707-04-JUL-16,659715.11,Monthly payment for Government Procurement Card expenditure - June 2016,EC2M 4BA,SUPPLIER,,0,Expense,
DEFRA,NE,05/07/2016,EXP - EU CAPITAL GRANTS TO LOCAL GOVERNMENT,STATUTORY ACCESS,OXFORDSHIRE COUNTY COUNCIL,ERS-100900000419-133686,65624,"Grant for Ridgeway National Trail, Oxfordshire - 2015-16",OX29 4TL,SUPPLIER,,0,Asset,
DEFRA,NE,05/07/2016,EXP - CAPITAL GRANTS TO PRIVATE SECTOR - COMPANIES,STATUTORY ACCESS,SOUTH DOWNS NATIONAL PARK AUTHORITY,ERS-100900000423-133693,54694.09,Grant for South Downs Way National Trail- 2015-16,PO20 3RD,SUPPLIER,,0,Expense,
DEFRA,NE,08/07/2016,EXP - PURCHASE OF GOODS/SERVICES - SHARED SERVICES OUTSOURCING,FINANCE,SHARED SERVICES CONNECTED LTD,100003243,99585.11,SSCL Shared Services provision for Natural England - July 2016,HP2 7AH,SUPPLIER,,0,Expense,
DEFRA,NE,08/07/2016,EXP - PURCHASE OF GOODS/SERVICES - CONSULTANCY,SUSTAINABLE DEVELOPMENT,BAT CONSERVATION TRUST,365,70820,Bat information and advisory service - April-June 2016,SE11 5RD,Trust,,0,Expense,171798078
DEFRA,NE,13/07/2016,EXP - RENTALS UNDER NON-PFI OPERATING LEASES - OTHER RENTALS - RENT,FINANCE,CAPITA PROPERTY & INFRASTRUCTURE LTD,100254/9123,75000,"Rent, management and utility charges for the Manchester office (Arndale) Quarters 3 and 4 - 2014-15",EC2V 7NQ,SUPPLIER,,0,Expense,
DEFRA,NE,15/07/2016,EXP - EU CAPITAL GRANTS TO LOCAL GOVERNMENT,STATUTORY ACCESS,NORFOLK COUNTY COUNCIL,1367941,28075.74,Grant for Peddars Way and Norfolk Coast Path - 2015-16,NR1 2SG,SUPPLIER,,NE162435,Expense,
DEFRA,NE,21/07/2016,EXP - PURCHASE OF GOODS/SERVICES - SHARED SERVICES OUTSOURCING,FINANCE,SHARED SERVICES CONNECTED LTD,100003322,41778.13,SSCL Shared Services provision for Natural England - July 2016,HP2 7AH,SUPPLIER,,0,Expense,
DEFRA,NE,29/07/2016,EXP - PURCHASE OF GOODS/SERVICES - PERSONNEL RELATED,ORGANISATION DEVELOPMENT,SKILLSOFT,GBR0102841,28473,Learning Management System for bespoke e-learning - 1 April-31 December 2016,GU15 3EY,SUPPLIER(1),23057,0,Expense,171798078
DEFRA,MMO,06/05/2016,Other Current Payments E,,C E F A S,8005826,52353.17,PROTEUS PR002,NR33 0HT,SME,,0,Expense,
DEFRA,MMO,06/05/2016,Other Current Payments E,,C E F A S,8005805,206534.41,I SERV HOSTING &SUPPORT QUARTER 4,NR33 0HT,SME,,0,Expense,
DEFRA,MMO,06/05/2016,Other Current Payments E,,C E F A S,8005825,34881.22,PROTEUS PR001,NR33 0HT,SME,,0,Expense,
DEFRA,MMO,11/07/2016,"EXP - TRANSFERS TO NORTHERN IRELAND, SCOTLAND AND WALES",MMO HEAD OF COASTAL OPS,THE SCOTTISH GOVERNMENT,2005000005,45000,UK Fisheries Monitoring Centre and UK Service Delivery Manager charges 01 April 2016 to 30th June 2016,EH6 6QQ,SUPPLIER,Government contract,0,Expense,
DEFRA,MMO,11/07/2016,CA - OTHER RECEIVABLES - TRAVEL PROVIDER CONTROL ACCOUNT,Balance sheet,Redfern Travel Ltd,1005000468,63851.41,Marine Management Organisation Redfern travel bill for June 2016,BD1 1PL,SUPPLIER,Government contract,0,Expense,
DEFRA,MMO,15/07/2016,EXP - PURCHASE OF GOODS/SERVICES - OTHER - PROGRAMME EXPENDITURE,MMO EUROPEAN GRANTS ENGLAND TEAM,LOCKHEED MARTIN BUS TECH SLTNS LTD,1005000549,36703.54,European and Maritime Fisheries Fund e-system enhancements for Marine Management Organisation ,PA4 9LH,SUPPLIER(1),23273,0,Expense,
,,,,,,,,,,,,,,
DEFRA,MMO,27/07/2016,EXP - PURCHASE OF GOODS/SERVICES - OTHER - CEFAS HLA,MMO MARINE LICENSING,C E F A S,2005000007,51000,"Centre for Environment, Fisheries and Aquaculture Science Service Level Agreement charges 2015/16",NR33 0HT,Government Agency,Government contract,0,Expense,
DEFRA,VMD,01/07/2016,STATUTORY RESIDUES SURVEILLANCE - LABORATORY TESTING,RESIDUES SURVEILLANCE UNIT,FERA SCIENCE LTD,73193,156225.33,Laboratory testing of food animal products under the Statutory Residues Surveillance Programme,DL1 9HN,GOVN,,,ADMINISTRATION,
DEFRA,VMD,28/07/2016,STATUTORY RESIDUES SURVEILLANCE - SAMPLE COLLECTION,RESIDUES SURVEILLANCE UNIT,FOOD STANDARDS AGENCY,73451,43221.63,Collection of samples of food animal products for laboratory testing under the Statutory Residues Surveillance Programme,YO1 7PX,GOVN,,,ADMINISTRATION,
DEFRA,JNCC,23/05/2016,CONTRACTED OUT CONSERVATION SERVICES,,BRITISH TRUST FOR ORNITHOLOGY,13025,108105.25,"Monitoring of birds and the environment QUARTER 1, 2016/17",IP24 2PU,SME,A09-0056-0259,100,Administration,
DEFRA,JNCC,13/07/2016,CONTRACTED OUT CONSERVATION SERVICES,Terrestrial Evidence                                                                                ,NATURAL ENVIRONMENT RESEARCH COUNCIL,13074,41351.5,"Biological recording, analysis & interpretation QUARTER 1,  2016/17",SN2 1EU,Large,A11-0030-0449,100,Administration,
DEFRA,JNCC,13/07/2016,CONTRACTED OUT CONSERVATION SERVICES,Terrestrial Evidence                                                                                ,NATURAL ENVIRONMENT RESEARCH COUNCIL,13075,32582.75,National Plant Monitoring Scheme work,SN2 1EU,Large,C14-0263-0847,100,Administration,
DEFRA,JNCC,15/07/2016,TRAVEL & ACCOMMODATION,All programmes,REDFERN TRAVEL LTD                                          ,Redfern Statement June 2016 - 2042,28207.56,Various travel & accommodation charges,BD1 3AZ,SME,,Various,Administration,
DEFRA,RPA,01/07/2016,IT Software Assurance,Service Management (Admin),Comparex,160002657VRUKA,103309.64,15x ProVision Enterprise Architecture licence renewals,HA1 3EL,Supplier,PO102150,OFFS0250,Admin,
DEFRA,RPA,07/07/2016,IT Software Assurance,Service Management (Admin),Phoenix Software,OP/I779867,174762.68,NetBackup and Storage support  - Licence renewals,YO42 1NS,Supplier,PO102203,OFFS0250,Admin,GB 755 3490 15
DEFRA,RPA,07/07/2016,IT Software Assurance,Service Management (Admin),SCC,OP M175213,47400.88,"Premier Addl. for Infoscale Renewal 12 Months Gold, Premier Addl For Enterprise Vault Renewal 12 Months & Premier for NetBackup Renewal 12 Months Gov",B11 2LE,Supplier,PO102171,OFFS0250,Admin,GB 313 6516 80
DEFRA,RPA,07/07/2016,"Outsourced System Development Costs
Outsourced Scanning Costs",CAP DP,Williams Lea,DEFRA-RPA16060007,181183.02,Data Capture scanning and printing costs,EC1M 4NA,Supplier,PO102075,n/a,Admin,GB662774703
DEFRA,RPA,08/07/2016,Agency Staff,Various,Brook Street,30809499,39583.78,For the supply of temp contract staff for the period ended 24th June 2016,AL1 4JB,Supplier,n/a,n/a,Admin,
DEFRA,RPA,08/07/2016,Contractors - Implementation,Various,Capita Business Services,LO10125379,56091.4,Fees & Expenses for the period ended 25th June 2016,SW1P 1JB,Supplier,n/a,n/a,Admin,GB618184141
DEFRA,RPA,08/07/2016,Cartographic & Digitising,Cyient Contracts,Cyient,970007025,631656.91,Digitising and Remote Sensing Services-,WC1V 6RL,Supplier,PO101991,n/a,Admin,GB606138070
DEFRA,RPA,08/07/2016,Organisational Change Consultancy – Advice,Internal Audit,KPMG,5501239798,31778.86,Internal Audit work  for the period April-May16 - support for delivery of the Annual Audit plan,WD17 1DE,Supplier,"PO101398
PO101777
",n/a,Admin,GB791788859
DEFRA,RPA,11/07/2016,Organisational Change Consultancy – Implementation,Core Finance,Deloitte,1111335695,62990.4,For services rendered 01/08/15 to 01/06/16 for Hedging Services,MK9 1FD,Supplier,PO101459,n/a,Admin,GB809707706
DEFRA,RPA,11/07/2016,Organisational Change Consultancy – Implementation,Core Finance,Deloitte,1111335698,45710.4,For services rendered 01/08/15 to 01/06/16 for Consultancy  Services,MK9 1FD,Supplier,PO101459,n/a,Admin,GB809707706
DEFRA,RPA,11/07/2016,"Customer Related Printing - Forms, Booklets & Letters
Down Stream Access mailing services
Outsourced Scanning Costs",Managed Document Service (MDS),Williams Lea,DEFRA-RPA16060003,81924.48,Data Capture scanning and printing costs,EC1M 4NA,Supplier,"PO101962
PO101963","MDSBPS01
MDSBCMS1",Admin,GB662774703
DEFRA,RPA,12/07/2016,IT Software Assurance,Service Management (Admin),Comparex,160002890VRUKA,451960.73,Microsoft Server and Cloud Enrolment  licence renewals,HA1 3EL,Supplier,PO102205,TRKC0001,Admin,
DEFRA,RPA,12/07/2016,IT Application Support & Maintenance,Service Management (Programme),Steria,100093244,259800.66,"Core Support Services from
01 July 2016 to 30 September 2016 (QTR2)",HP2 7AH,Supplier,PO102167,CORS0150,Admin,GB 207 9508 55
DEFRA,RPA,12/07/2016,"Outsourced Scanning Costs
Down Stream Access mailing services
Customer Related Printing - Forms, Booklets & Letters",Managed Document Service (MDS),Williams Lea,DEFRA-RPA16060002,110200.76,Data Capture scanning and printing costs,EC1M 4NA,Supplier,"PO101962
PO101601","MDSBPS01
MDSSPS01",Admin,GB662774703
DEFRA,RPA,13/07/2016,Cartographic & Digitising,Cyient Contracts,European Space Imaging,IN160593,37806.67,Imagery from surveillance undertaken,n/a,Supplier,n/a,n/a,Admin,DE813534425
DEFRA,RPA,14/07/2016,Agency Staff,Various,Brook Street,30693707,66635.54,For the supply of temp contract Staff for the period ended 8th April 2016,AL1 4JB,Supplier,n/a,n/a,Admin,
DEFRA,RPA,14/07/2016,Agency Staff,Various,Brook Street,30819544,36041.32,For the supply of temp contract staff for the period ended 1st July 2016,AL1 4JB,Supplier,n/a,n/a,Admin,
DEFRA,RPA,14/07/2016,Contractors - Implementation,Various,Capita Business Services,LO10126835,49277.66,Fees & Expenses for the period ended 2nd July 2016,SW1P 1JB,Supplier,n/a,n/a,Admin,GB618184142
DEFRA,RPA,15/07/2016,Contractors - Implementation,Various,Capita Business Services,LO10128214,63135.14,Fees & Expenses for the period ended 9th July 2016,SW1P 1JB,Supplier,n/a,n/a,Admin,GB618184143
DEFRA,RPA,15/07/2016,Various,Various,Redfern,2043,134708.08,Travel  and  Accommodation for June'16,BD1 3AZ,Supplier,n/a,n/a,Admin,GB708374132
DEFRA,RPA,19/07/2016,"IT Outsourced Services
IT Application Support and Maintenance","CAP DP
Service management Programme",Accenture,3003325636,457498.19,Various Projects for work carried out in  June and Hot Service Charge,EC3M 3BD,Supplier,"65289, PO101984, PO101913, PO102052, PO102142, PO102086, PO101841, PO102068, PO1-2097","FOP01000
SPSS0110
",Admin,GB888800183
DEFRA,RPA,20/07/2016,Agency Staff,Various,Brook Street,30826113,35414.68,For the supply of temp contract staff for the period ended 8th July 2016,AL1 4JB,Supplier,n/a,n/a,Admin,
DEFRA,RPA,20/07/2016,IT Software Assurance,Service Management (Admin),Go Pro,SI0293,62528.57,Annual cost for 25 Named Users including Software Support etc.- licence renewals,n/a,Supplier,n/a,OFFS0250,Admin,n/a
DEFRA,RPA,22/07/2016,IT Outsourced services,Service Management (Admin),IBM,5807160499,25990.72,April Volumetrics,PO6 3AU,Supplier,PO102046,IBMBSVOL,Admin,GB107328000
DEFRA,RPA,22/07/2016,IT Outsourced services,Service Management (Admin),IBM,5807160716,49828.32,"15 073 Scottish CTS Data - Project Implementation Charges-Milestones 2, 3 & 4",PO6 3AU,Supplier,PO102063,IBMAPR01,Admin,GB107328000
DEFRA,RPA,25/07/2016,Agency Staff,Various,Brook Street,30836094,40288.18,For the supply of temp contract staff for the period ended 15th July 2017,AL1 4JB,Supplier,n/a,n/a,Admin,
DEFRA,RPA,27/07/2016,Organisational Change Consultancy – Advice,Internal Audit,KPMG,5501247217,34098.83,Internal audit work  for the period June 2016 - support for delivery of the Annual Audit plan,WD17 1DE,Supplier,PO101777,n/a,Admin,GB791788859
DEFRA,RPA,28/07/2016,Contractors - Implementation,Various,Capita Business Services,LO10129950,66788.9,Fees & expenses for the period ended 15th July 2016,SW1P 1JB,Supplier,n/a,n/a,Admin,GB618184144
DEFRA,RPA,28/07/2016,IT Software Assurance,Service Management (Admin),Comparex,160003248VRUKA,31752.58,8 off SQL server ESA subscription - Licence renewals,HA1 3EL,Supplier,PO1022235,OFFS0250,Admin,
DEFRA,RPA,29/07/2016,"Telecomms - Blackberry Charges
Telecomms - Mobile Charges",Telecommunications,Vodafone,601208731/80885792,36526.05,Mobile phone charges,RG14 2FN,Supplier,"PO102011
PO102012","BBMOB000
VODA0000",Admin,GB569953277
DEFRA,APHA,01/07/2016,EXP - PURCHASE OF GOODS/SERVICES - ICT OUT - WORK PACKAGE/WPO IMPLEMENTATION,IMT,IBM UNITED KINGDOM LTD,1001993,33152.65,IT costs relating to an avian influenza outbreak in the north of England in 2015.,GU1 2LD,SUPPLIER,,APINOR02,Expense,
DEFRA,APHA,01/07/2016,EXP - PURCHASE OF GOODS/SERVICES - CONTRACTORS - VETERINARY SERVICES,NORTH FIELD OPERATIONS,XL FARMCARE NORTH LTD. ~175942866,1002021,37687.62,Providing services for the Veterinary Delivery Partnership Project,ST15 8NA,CUSTOMER,,0,Expense,
DEFRA,APHA,01/07/2016,EXP - PURCHASE OF GOODS/SERVICES - CONTRACTORS - VETERINARY SERVICES,NORTH FIELD OPERATIONS,XL FARMCARE NORTH LTD. ~175942866,1002021,188438.12,Providing services for the Veterinary Delivery Partnership Project,ST15 8NA,CUSTOMER,,0,Expense,
DEFRA,APHA,04/07/2016,EXP - PURCHASE OF GOODS/SERVICES - TELECOMS - TELEPHONE,IMT,AZZURRI COMMUNICATIONS LTD,10000030,30292.18,Telephone line rental and charges for APHA offices for May/June 2016,WS9 0RB,SUPPLIER(1),,0,Expense,761669792
DEFRA,APHA,05/07/2016,PPE - INFORMATION TECHNOLOGY (OWNED) - COST - SYSTEM CLEARING,PROJECT DELIVERY AND PORTFOLIO MANAGEMENT,IBM UNITED KINGDOM LTD,1002158,54621.49,Services provided by IBM for the design and system builds in Financial years 2015/16 and 16/17 to deliver the County Parish Holding (CPH) England project that are funded by Defra. Costs will continue until the end of this financial year as the system is developed to meet business needs.,GU1 2LD,SUPPLIER,,AP0199OT,Asset,
DEFRA,APHA,05/07/2016,EXP - PURCHASE OF GOODS/SERVICES - CONTRACTORS,PATHOLOGY,L G C LIMITED,1002207,116015.68,TSE samples for June  2016,TW11 0LY,CUSTOMER,,APTS5902,Expense,
DEFRA,APHA,05/07/2016,EXP - PURCHASE OF GOODS/SERVICES - CONTRACTORS,PATHOLOGY,L G C LIMITED,1002207,29003.92,TSE samples for June  2016,TW11 0LY,CUSTOMER,,APTS5902,Expense,
DEFRA,APHA,05/07/2016,PPE - INFORMATION TECHNOLOGY (OWNED) - COST - SYSTEM CLEARING,PROJECT DELIVERY AND PORTFOLIO MANAGEMENT,SOGETI UK LTD,1002122,41337.5,"Services supplied by Sogeti for the month of May 2016 for the design and build of the systems that are part of the County Parish Holding (CPH) England project,",EC2M 7AD,SUPPLIER,,AP0199OT,Asset,
DEFRA,APHA,06/07/2016,EXP - PURCHASE OF GOODS/SERVICES - CONTRACTORS - VETERINARY SERVICES,WALES FIELD OPERATIONS,MENTER A BUSNES,1002253,43459.5,Providing services for the Veterinary Delivery Partnership Project,SY23 3AH,SUPPLIER(1),,0,Expense,752746904
DEFRA,APHA,06/07/2016,EXP - PURCHASE OF GOODS/SERVICES - CONTRACTORS - VETERINARY SERVICES,WALES FIELD OPERATIONS,MENTER A BUSNES,1002253,217297.5,Providing services for the Veterinary Delivery Partnership Project,SY23 3AH,SUPPLIER(1),,0,Expense,752746904
DEFRA,APHA,08/07/2016,PPE - INFORMATION TECHNOLOGY (OWNED) - COST - SYSTEM CLEARING,PROJECT DELIVERY AND PORTFOLIO MANAGEMENT,IBM UNITED KINGDOM LTD,1002519,52966.3,Services provided by IBM for the design and system builds in Financial years 2015/16 and 16/17 to deliver the County Parish Holding (CPH) England project that are funded by Defra. Costs will continue until the end of this financial year as the system is developed to meet business needs.,GU1 2LD,SUPPLIER,,AP0199OT,Asset,
DEFRA,APHA,11/07/2016,CA - OTHER RECEIVABLES - PURCHASING CARD CONTROL ACCOUNT,BALANCE SHEET,ROYAL BANK OF SCOTLAND,1002699,41964.2,Payment  for purchases made through Royal Bank of Scotland card in June 2016.,EC2M 4BA,SUPPLIER,,0,Asset,
DEFRA,APHA,11/07/2016,EXP - PURCHASE OF GOODS/SERVICES - OTHER - PROJECT SPECIFIC EXPENDITURE,CSC INTERNATIONAL TRADE,WILLIAMS LEA LTD,1002707,79968,"28,000 Pet Passports Delivered in June 2016 and distributed in July & August with remainder kept securely in stock for future distribution",EC1M 4NA,SUPPLIER,,0,Expense,
DEFRA,APHA,12/07/2016,EXP - PURCHASE OF GOODS/SERVICES - CONTRACTORS - VETERINARY SERVICES,WALES FIELD OPERATIONS,MENTER A BUSNES,1002779,68032.5,Providing services for the Veterinary Delivery Partnership Project,SY23 3AH,SUPPLIER(1),,0,Expense,752746904
DEFRA,APHA,12/07/2016,EXP - PURCHASE OF GOODS/SERVICES - CONTRACTORS - VETERINARY SERVICES,SOUTH WEST FIELD OPERATIONS,XL FARMCARE DEVON & CORNWALL LTD,1002786,63649.38,Providing services for the Veterinary Delivery Partnership Project,EX22 6HB,SUPPLIER(1),,0,Expense,179923008
DEFRA,APHA,12/07/2016,EXP - PURCHASE OF GOODS/SERVICES - CONTRACTORS - VETERINARY SERVICES,SOUTH WEST FIELD OPERATIONS,XL FARMCARE DEVON & CORNWALL LTD,1002786,318246.9,Providing services for the Veterinary Delivery Partnership Project,EX22 6HB,SUPPLIER(1),,0,Expense,179923008
DEFRA,APHA,12/07/2016,EXP - PURCHASE OF GOODS/SERVICES - CONTRACTORS - VETERINARY SERVICES,NORTH FIELD OPERATIONS,XL FARMCARE NORTH LTD. ~175942866,1002783,123327.23,Providing services for the Veterinary Delivery Partnership Project,ST15 8NA,CUSTOMER,,0,Expense,
DEFRA,APHA,12/07/2016,EXP - PURCHASE OF GOODS/SERVICES - CONTRACTORS - VETERINARY SERVICES,SOUTH WEST FIELD OPERATIONS,XL FARMCARE WESSEX LTD,1002787,53698.58,Providing services for the Veterinary Delivery Partnership Project,ST15 8NA,SUPPLIER(1),,0,Expense,172798072
DEFRA,APHA,12/07/2016,EXP - PURCHASE OF GOODS/SERVICES - CONTRACTORS - VETERINARY SERVICES,SOUTH WEST FIELD OPERATIONS,XL FARMCARE WESSEX LTD,1002787,268492.9,Providing services for the Veterinary Delivery Partnership Project,ST15 8NA,SUPPLIER(1),,0,Expense,172798072
DEFRA,APHA,13/07/2016,EXP - PURCHASE OF GOODS/SERVICES - CONSULTANCY,PLANT VARIETY AND SEEDS,AGRI-FOOD & BIOSCIENCES INSTITUTE,1002876,70438.77,"Grasses/herbage Distinct Uniform Stable and Value for Cultivation and Use authentication, regular Plant Breeder's Rights and National Listing January to March 2016, Quarter 4.",BT9 5PX,OGD,,APA2AN00,Expense,877233106
DEFRA,APHA,13/07/2016,PPE - INFORMATION TECHNOLOGY (OWNED) - COST - SYSTEM CLEARING,PROJECT DELIVERY AND PORTFOLIO MANAGEMENT,IBM UNITED KINGDOM LTD,1002926,93405.82,Services provided by IBM for the design and system builds in financial years 2015/16 and 16/17 to deliver the County Parish Holding (CPH) England project that are funded by Defra. Costs will continue until the end of this financial year as the system is developed to meet business needs.,GU1 2LD,SUPPLIER,,AP0199OT,Asset,
DEFRA,APHA,13/07/2016,EXP - PURCHASE OF GOODS/SERVICES - CONTRACTORS - VETERINARY SERVICES,WALES FIELD OPERATIONS,IECHYD DA (GWLEDIG) LTD,1002862,46470.64,Providing services for the Veterinary Delivery Partnership Project,SY23 2WB,SUPPLIER(1),,0,Expense,185488360
DEFRA,APHA,13/07/2016,EXP - PURCHASE OF GOODS/SERVICES - CONTRACTORS - VETERINARY SERVICES,WALES FIELD OPERATIONS,IECHYD DA (GWLEDIG) LTD,1002862,232353.2,Providing services for the Veterinary Delivery Partnership Project,SY23 2WB,SUPPLIER(1),,0,Expense,185488360
DEFRA,APHA,13/07/2016,EXP - PURCHASE OF GOODS/SERVICES - CONTRACTORS - VETERINARY SERVICES,WALES FIELD OPERATIONS,MENTER A BUSNES,10000035,43459.5,Providing services for the Veterinary Delivery Partnership Project,SY23 3AH,SUPPLIER(1),,0,Expense,752746904
DEFRA,APHA,13/07/2016,EXP - PURCHASE OF GOODS/SERVICES - CONTRACTORS - VETERINARY SERVICES,WALES FIELD OPERATIONS,MENTER A BUSNES,10000035,217297.5,Providing services for the Veterinary Delivery Partnership Project,SY23 3AH,SUPPLIER(1),,0,Expense,752746904
DEFRA,APHA,13/07/2016,EXP - PURCHASE OF GOODS/SERVICES - CONSULTANCY,PLANT VARIETY AND SEEDS,N I A B,1002865,73611.08,Contract Work -  Lot 1-4    June  2016,CB3 0LE,Public Body,,APA2AN00,Expense,100132207
DEFRA,APHA,13/07/2016,EXP - PURCHASE OF GOODS/SERVICES - CONSULTANCY,PLANT VARIETY AND SEEDS,N I A B,1002865,53945.28,Contract Work -  Lot 5    June  2016,CB3 0LE,Public Body,,APA2AN00,Expense,100132207
DEFRA,APHA,13/07/2016,EXP - PURCHASE OF GOODS/SERVICES - CONSULTANCY,PLANT VARIETY AND SEEDS,N I A B,1002865,142334.17,Contract Work -  Lot 6-8    June  2016,CB3 0LE,Public Body,,APA2AN00,Expense,100132207
DEFRA,APHA,21/07/2016,EXP - PURCHASE OF GOODS/SERVICES - OTHER - SERVICE LEVEL AGREEMENT COSTS,SSC BRISTOL,JOINT NATURE CONSERVATION COMMITTEE,1003468,38830.47,"Costs to APHA from Joint Nature Conservation Committee as part of the Service Level Agreement providing advice for CITES, the Convention on International Trade in Endangered Species of Wild Fauna and Flora, certification. ",PE1 1JY,NDPB,,APCCXXXX,Expense,
DEFRA,APHA,21/07/2016,EXP - PURCHASE OF GOODS/SERVICES - OFFICE RELATED,LAB SERVICES ,TOPSPEED COURIERS LIMITED,1003443,40785,Collections from various laboratory locations (773 collections + 5 weekend surcharges during April 2016),WA16 8XN,SUPPLIER(1),,0,Expense,
DEFRA,APHA,22/07/2016,EXP - PURCHASE OF GOODS/SERVICES - OFFICE RELATED,LAB SERVICES ,TOPSPEED COURIERS LIMITED,1003536,32430,Collections from various laboratory locations (682 collections + 4 weekend surcharges during  May 2016),WA16 8XN,SUPPLIER(1),,0,Expense,413638853
DEFRA,APHA,25/07/2016,EXP - PURCHASE OF GOODS/SERVICES - CONTRACTORS - VETERINARY SERVICES,SOUTH EAST FIELD OPERATIONS,XL FARMCARE SOUTH EAST LIMITED~178831566,1003593,57479.08,Providing services for the Veterinary Delivery Partnership Project,BN7 2AH,CUSTOMER,,0,Expense,
DEFRA,APHA,26/07/2016,EXP - PURCHASE OF GOODS/SERVICES - CONSULTANCY,PLANT VARIETY AND SEEDS,AGRI-FOOD & BIOSCIENCES INSTITUTE,1003717,55133.21,"Grasses/herbage Distinct Uniform Stable and Value for Cultivation and Use authentication, regular Plant Breeder's Rights and National Listing  April to June 2016, Quarter 1.",BT9 5PX,OGD,,APA2AN00,Expense,877233106
DEFRA,APHA,26/07/2016,EXP - PURCHASE OF GOODS/SERVICES - OFFICE RELATED,LAB SERVICES ,TOPSPEED COURIERS LIMITED,1003621,33105,Collections from various laboratory locations (686 collections + 4 weekend surcharges during June 2016),WA16 8XN,SUPPLIER(1),,0,Expense,413638853
DEFRA,APHA,26/07/2016,EXP - PURCHASE OF GOODS/SERVICES - CONTRACTORS - VETERINARY SERVICES,NORTH FIELD OPERATIONS,XL FARMCARE MIDLANDS LTD~114213469,1003697,28464.83,Providing services for the Veterinary Delivery Partnership Project,ST15 8NA,CUSTOMER,,0,Expense,
DEFRA,APHA,26/07/2016,EXP - PURCHASE OF GOODS/SERVICES - CONTRACTORS - VETERINARY SERVICES,SOUTH WEST FIELD OPERATIONS,XL FARMCARE MIDLANDS LTD~114213469,1003697,118032.2,Providing services for the Veterinary Delivery Partnership Project,ST15 8NA,CUSTOMER,,0,Expense,
DEFRA,APHA,26/07/2016,EXP - PURCHASE OF GOODS/SERVICES - CONTRACTORS - VETERINARY SERVICES,NORTH FIELD OPERATIONS,XL FARMCARE MIDLANDS LTD~114213469,1003697,142324.16,Providing services for the Veterinary Delivery Partnership Project,ST15 8NA,CUSTOMER,,0,Expense,
DEFRA,APHA,28/07/2016,PPE - INFORMATION TECHNOLOGY (OWNED) - COST - SYSTEM CLEARING,PROJECT DELIVERY AND PORTFOLIO MANAGEMENT,IBM UNITED KINGDOM LTD,1003808,29793.55,Services provided by IBM for the design and system builds in Financial years 2015/16 and 16/17 to deliver the County Parish Holding (CPH) England project that are funded by Defra. Costs will continue until the end of this financial year as the system is developed to meet business needs.,GU1 2LD,SUPPLIER,,AP0199OT,Asset,
DEFRA,APHA,28/07/2016,EXP - PURCHASE OF GOODS/SERVICES - CONTRACTORS,PATHOLOGY,L G C LIMITED,1003817,95370.88,TSE samples for July  2016,TW11 0LY,CUSTOMER,,APTS5902,Expense,
DEFRA,APHA,28/07/2016,CA - OTHER RECEIVABLES - TRAVEL PROVIDER CONTROL ACCOUNT,BALANCE SHEET,REDFERN TRAVEL LTD,1003797,143590.39,Payment of June 2016  APHA travel charges. ,BD1 1PL,SUPPLIER,,0,Asset,
DEFRA,APHA,29/07/2016,CA - CASH BALANCES HELD WITH THE GBS - GBS RE AH - RECEIPTS / FUNDING,BALANCE SHEET,DEFRA,30000001,42426.72,Transfer of monies from APHA to DEFRA of TB Salvage payments made in error to APHA which should have been paid to DEFRA,YO1 7PX,SUPPLIER,,0,Asset,
