Departmental Family,Entity,Date,Expense Type,Expense Area,Supplier,Transaction Number,Amount,Description ,,,,,
Cabinet Office,CABINET OFFICE,02/01/2015,CONSULTANTS VAT RECOVERABLE,GPU POLICY AND STRATEGY ADMIN,INVESTMENT PROPERTY DATABANK LTD,3000055844,110000.00,Supply of bench mark data and support,,,,,
Cabinet Office,CABINET OFFICE,02/01/2015,CONSULTANTS VAT RECOVERABLE,GPU POLICY AND STRATEGY ADMIN,INVESTMENT PROPERTY DATABANK LTD,3000055844,110000.00,Supply of bench mark data and support,,,,,
Cabinet Office,CABINET OFFICE,02/01/2015,RESOURCE GRANTS PRIVATE SECTOR,GDS ID ASSURANCE,OPEN IDENTITY EXCHANGE UK LTD,3000055836,200000.00,Open Identity Exchange membership for GOV.UK Verify Identity Assurance Programme,,,,,
Cabinet Office,CABINET OFFICE,02/01/2015,SOFTWARE LEASE/LICENSE,CCS RESILIENT TELECOMMUNICATIONS,ORDNANCE SURVEY,3000055862,480000.00,Resilience Direct Development of Mapping. Development of a multi agency real time mapping application to allow users to overlay data on Ordnance Survey basemaps and access key national datasets,,,,,
Cabinet Office,CABINET OFFICE,02/01/2015,PENSIONS PAYROLL CONTRACTOR - FIXED FEE,SME CONTRACT MANAGMENT LEAD,MYCSP LTD,3000055834,2944547.41,Civil Service pension administration services,,,,,
Cabinet Office,CABINET OFFICE,05/01/2015,CONTRACTORS & STAFF SUBSTITUTIONS,GDS OFFICE OF CHIEF TECHNOLOGY OFFICER,CAPITA BUSINESS SERVICES LTD,3000055890,26218.99,Interim IT Specialists ,,,,,
Cabinet Office,CABINET OFFICE,05/01/2015,"FURNITURE, FIXTURES & FITTINGS (NON-PRIME)",REFURBISHMENT NO 10,BOUYGUES E&S FM UK LTD,3000055872,28231.81,Estate Services,,,,,
Cabinet Office,CABINET OFFICE,05/01/2015,CONSULTANTS VAT RECOVERABLE,ERG STRATEGY,PRICEWATERHOUSE COOPERS LLP,3000055889,34667.00,Savings Measurement and Benefits Realisation support costs,,,,,
Cabinet Office,CABINET OFFICE,05/01/2015,OTHER TRAVEL COSTS,OVERSEAS MISSIONS,FOREIGN & COMMONWEALTH OFFICE,3000055901,39493.12,Official travel,,,,,
Cabinet Office,CABINET OFFICE,05/01/2015,OTHER IS IT COSTS VAT RECOV,ERTP IER LIVE SERVICE,KAINOS SOFTWARE LTD,3000055866,75040.00,Individual Electoral Registration Live Service development costs,,,,,
Cabinet Office,CABINET OFFICE,05/01/2015,FM CONTRACT VARIABLE,REFURBISHMENT NO 10,BOUYGUES E&S FM UK LTD,3000055872,78436.95,Estate Services,,,,,
Cabinet Office,CABINET OFFICE,05/01/2015,ADDITIONSAUC F/H NON RES BLDGS,MODERNISATION PROGRAMME DS 13/14,BOUYGUES E&S FM UK LTD,3000055872,157998.25,Estate Services,,,,,
Cabinet Office,CABINET OFFICE,06/01/2015,STATIONERY/ PUBLICATIONS/IT CONSUMABLES,SME CONTRACT MANAGMENT LEAD,CAPITA BUSINESS SERVICES LTD,3000055917,31406.40,Publication of newsletter for pension scheme members,,,,,
Cabinet Office,CABINET OFFICE,06/01/2015,PENSIONS ADMINISTRATION - ADDITIONAL COSTS (MyCSP),SME CONTRACT MANAGMENT LEAD,MYCSP LTD,3000055912,64852.80,MyCSP programme costs,,,,,
Cabinet Office,CABINET OFFICE,06/01/2015,SERVICE PAYMENTS,STERIA SHARED SERVICES,SHARED SERVICES CONNECTED LTD,3000055914,125285.92,Shared Services charges,,,,,
Cabinet Office,Crown Commercial Service,07/01/2015,FM Service Charges - Capital Bldg,Estates Management,DTZ,PINDOH 41813,18005.50,Facilities Managemnent Services ,,,,,
Cabinet Office,Crown Commercial Service,07/01/2015,Service Charges Capital,Estates Management,DTZ,PINDOH 41813,34340.00,Facilities Managemnent Services ,,,,,
Cabinet Office,CABINET OFFICE,07/01/2015,CONSULTANTS VAT RECOVERABLE,ERG CIVIL SERVICE TALENT,YSC LTD,3000055924,37150.00,Cabinet Office Refresh 2014 event costs ,,,,,
Cabinet Office,CABINET OFFICE,07/01/2015,CONSULTANTS VAT RECOVERABLE,MUTUALS,PA CONSULTING SERVICES LTD,3000055948,38000.00,Support for Mutuals Information Service,,,,,
Cabinet Office,Crown Commercial Service,07/01/2015,MOTO Capital Bldg 8th Floor,Estates Management,DTZ,PINDOH 41813,39060.00,Rent for accommodation,,,,,
Cabinet Office,Crown Commercial Service,07/01/2015,MOTO Capital Bldg 9th Floor,Estates Management,DTZ,PINDOH 41813,39215.00,Rent for accommodation,,,,,
Cabinet Office,CABINET OFFICE,07/01/2015,CONTRACTORS & STAFF SUBSTITUTIONS,GDS TRANSFORMATION,CAPITA RESOURCING LTD,3000055938,39640.99,Interim IT Specialists ,,,,,
Cabinet Office,CABINET OFFICE,07/01/2015,CONTRACTORS & STAFF SUBSTITUTIONS,GDS ID ASSURANCE,CAPITA RESOURCING LTD,3000055938,39829.84,Interim IT Specialists ,,,,,
Cabinet Office,CABINET OFFICE,07/01/2015,CONTRACTORS & STAFF SUBSTITUTIONS,GDS GOV UK TRANSITION,CAPITA RESOURCING LTD,3000055938,41550.59,Interim IT Specialists ,,,,,
Cabinet Office,CABINET OFFICE,07/01/2015,CONTRACTORS & STAFF SUBSTITUTIONS,GDS PUBLISHING PLATFORM TECHNOLOGY,CAPITA RESOURCING LTD,3000055938,51589.14,Interim IT Specialists ,,,,,
Cabinet Office,CABINET OFFICE,07/01/2015,OTHER LEGAL FEES,ERG COMMERCIAL PORTFOLIO TEAM,DLA PIPER UK,3000055930,111741.40,Legal services ,,,,,
Cabinet Office,CABINET OFFICE,08/01/2015,STAFF TRAINING VAT RECOVERABLE,POLICY DELIVERY,CAPITA BUSINESS SERVICES LTD,3000055969,31800.00,Staff training costs. Team coaching over 12 days,,,,,
Cabinet Office,CABINET OFFICE,08/01/2015,STAFF RELATED COSTS,CABINET OFFICE SECURITY TEAM,FCO SERVICES,3000055974,38134.80,Vetting fees,,,,,
Cabinet Office,CABINET OFFICE,08/01/2015,RESOURCE GRANTS PRIVATE SECTOR,YOUTH POLICY,STEP UP TO SERVE,3000055993,95000.00,Grant to fund activities with the aim of helping to double the number of young people aged 10-20 engaged in meaningful social action by 2020.,,,,,
Cabinet Office,Crown Commercial Service,08/01/2015,Consultancy Fees (Advice),Enablement Projects,Salesforce.com,PINDOH 41661,104185.22,CRM System Helpdesk and Pipeline Management,,,,,
Cabinet Office,CABINET OFFICE,08/01/2015,FM CONTRACT VARIABLE,SCOPE ISS FUNDING,BOUYGUES ENERGIES & SERVICES,3000055986,111967.83,Facilities Management Services ,,,,,
Cabinet Office,CABINET OFFICE,08/01/2015,RESOURCE GRANTS PRIVATE SECTOR,YOUTH POLICY,NATIONAL COUNCIL FOR VOLUNTARY YOUTH SERVICES,3000055973,121391.00,"Grant to develop a youth sector impact measurement initiative, the Centre for Youth Impact, which will deliver an online evidence and resource hub and capacity-building training for youth services",,,,,
Cabinet Office,CABINET OFFICE,08/01/2015,RESOURCE GRANTS PRIVATE SECTOR,CENTRE FOR SOCIAL ACTION,HOSPICE,1001155,288011.00,Social Action 'End of Life' support fund,,,,,
Cabinet Office,CABINET OFFICE,08/01/2015,RESOURCE GRANTS PRIVATE SECTOR,TECHNICAL ASSISTANCE,SOCIAL INVESTMENT BUSINESS,3000055971,840873.00,Grant to build the capacity of social ventures so they are better equipped to access to social investment and compete for and deliver public service contracts,,,,,
Cabinet Office,CABINET OFFICE,09/01/2015,OTHER TRAVEL COSTS,OVERSEAS MISSIONS,FOREIGN & COMMONWEALTH OFFICE,3000055999,30369.44,Official travel,,,,,
Cabinet Office,Crown Commercial Service,09/01/2015,WSDS Maintenance & Repairs,Whitehall Standby Dist Systems,Cofely,PINDOH 41711,40700.21,Whitehall heating systems management,,,,,
Cabinet Office,Crown Commercial Service,09/01/2015,WDHS Maintenance & Repairs,Whitehall District Heating Systems,Cofely,PINDOH 41710,65230.11,Whitehall heating systems management,,,,,
Cabinet Office,Crown Commercial Service,09/01/2015,MOTO Aviation House,Estates Management,Food Standards Agency,PINDOH 41743,83148.06,Rates charges ,,,,,
Cabinet Office,Crown Commercial Service,09/01/2015,WDHS Cost of Heat Supplied,Whitehall District Heating Systems,Cofely,PINDOH 41709,97308.32,Whitehall heating systems management,,,,,
Cabinet Office,Crown Commercial Service,09/01/2015,MOTO Aviation House,Estates Management,Food Standards Agency,PINDOH 41806,100425.00,Rent for accommodation,,,,,
Cabinet Office,CABINET OFFICE,09/01/2015,OTHER IS IT COSTS VAT RECOV,GDS ID ASSURANCE,THOUGHTWORKS LTD,3000056027,164982.50,"IT procurement, maintenance and support",,,,,
Cabinet Office,CABINET OFFICE,12/01/2015,CONTRACTORS & STAFF SUBSTITUTIONS,ERG MAJOR PROJECTS TEAM,CAPITA BUSINESS SERVICES LTD,3000056065,30180.63,Interim IT Specialists,,,,,
Cabinet Office,CABINET OFFICE,12/01/2015,ADDITIONSAUC F/H NON RES BLDGS,MISC AGREED BY FD - PROG,BOUYGUES E&S FM UK LTD,3000056051,36526.08,Facilities Management Services,,,,,
Cabinet Office,CABINET OFFICE,12/01/2015,FM CONTRACT FIXED COSTS,ROSEBERY COURT FM CONTRACT,MITIE BUSINESS SERVICES LTD,3000056046,49317.26,Facilities Management Services,,,,,
Cabinet Office,CABINET OFFICE,12/01/2015,RESOURCE GRANTS PRIVATE SECTOR,OPEN DATA PROGRAMME,NATIONAL BIODIVERSITY NETWORK TRUST,3000056067,98800.00,"Grant to help capture, collate and publish key biodiversity datasets",,,,,
Cabinet Office,CABINET OFFICE,12/01/2015,ADDITIONSAUC F/H RES CONSULTANCY (FEES) VAT REC,MISC AGREED BY FD - PROG,BOUYGUES E&S FM UK LTD,3000056051,117015.60,Facilities Management Services,,,,,
Cabinet Office,CABINET OFFICE,12/01/2015,OTHER IS IT COSTS VAT RECOV,GDS TRANSFORMATION,THOUGHTWORKS LTD,3000056068,120694.26,Support services to Transformation Delivery Team,,,,,
Cabinet Office,CABINET OFFICE,12/01/2015,RESOURCE GRANTS LOCAL AUTHORIT,OPEN DATA PROGRAMME,CAMBRIDGESHIRE COUNTY COUNCIL,3000056072,122000.00,Grant to spread best practice across data owners in Cambridgeshire,,,,,
Cabinet Office,CABINET OFFICE,12/01/2015,PENSIONS PAYROLL CONTRACTOR - FIXED FEE,ROYAL MAIL SERVICE PENSIONS,ROYAL MAIL GROUP LTD,3000056061,789927.50,Adminstration services for the Royal Mail Statutory Pension Scheme,,,,,
Cabinet Office,CABINET OFFICE,12/01/2015,ADDITIONSAUC F/H NON RES BLDGS,CABINET OFFICE ESTATE AGREED BY FD - DEL PROGRAMME,BOUYGUES E&S FM UK LTD,3000056051,1283199.61,Facilities Management Services,,,,,
Cabinet Office,CABINET OFFICE,12/01/2015,PENSIONS ADMINISTRATION - ADDITIONAL COSTS (MyCSP),SME PENSIONS PROGRAMME,MYCSP LTD,3000056054,1385389.20,MyCSP programme costs,,,,,
Cabinet Office,CABINET OFFICE,13/01/2015,FM CONTRACT VARIABLE,ROSEBERY COURT FM CONTRACT,MITIE BUSINESS SERVICES LTD,3000056103,244049.08,Facilities Management Services,,,,,
Cabinet Office,CABINET OFFICE,13/01/2015,CAPITAL GRANTS PRIV SEC - CDEL,PROGRAMME & STRATEGY OFFICE,THE POLICE REHABILITATION CENTRE,3000056089,256000.00,Grant to improve facilities to aid the physical rehabilitation of police officers,,,,,
Cabinet Office,CABINET OFFICE,14/01/2015,STAFF HEALTHCARE AND COUNSELLING SERVICES,HR RESIDUAL,MINISTRY OF JUSTICE,3000056137,25000.00,Support services relating to complex HR casework,,,,,
Cabinet Office,CABINET OFFICE,14/01/2015,PUBLICITY ADVERTISING MEDIA,GREAT CAMPAIGN PROGRAMME,CLIPPER VENTURES PLC,1001161,25000.00,GREAT Campaign ,,,,,
Cabinet Office,CABINET OFFICE,14/01/2015,NON PRIME UTILITIES,FEM MISC,BOUYGUES E&S FM UK LTD,3000056113,40992.78,Facilities Management Services,,,,,
Cabinet Office,CABINET OFFICE,14/01/2015,OTHER IS IT COSTS VAT RECOV,CO IT SYSTEMS,NORTH HIGHLAND LTD,3000056121,45696.50,Solution and transition services to Digital and Technology Team,,,,,
Cabinet Office,CABINET OFFICE,14/01/2015,FM CONTRACT FIXED COSTS,ADMIRALTY ARCH,BOUYGUES E&S FM UK LTD,3000056113,46118.44,Facilities Management Services,,,,,
Cabinet Office,CABINET OFFICE,14/01/2015,CONSULTANTS VAT RECOVERABLE,ERG CIVIL SERVICE REFORM,HAY GROUP LTD,3000056105,49500.00,Consultancy support on diversity in the Civil Service in relation to the talent action plan,,,,,
Cabinet Office,CABINET OFFICE,14/01/2015,FM CONTRACT VARIABLE,TOTAL FM CONTRACT,BOUYGUES E&S FM UK LTD,3000056113,52703.13,Facilities Management Services,,,,,
Cabinet Office,CABINET OFFICE,14/01/2015,TELECOM RENTALS,ICT SERVICES,VODAFONE LTD,3000056116,64474.49,Telecomms charges,,,,,
Cabinet Office,CABINET OFFICE,14/01/2015,CAPITAL GRANTS PRIV SEC - CDEL,PROGRAMME & STRATEGY OFFICE,THE AMBULANCE SERVICES CHARITY,3000056135,91058.00,"Grant to support The Ambulance Services Charity to undertake a programme of organisational development including new office accommodation, IT and a website",,,,,
Cabinet Office,CABINET OFFICE,14/01/2015,RESOURCE GRANTS PRIVATE SECTOR,PROGRAMME & STRATEGY OFFICE,THE AMBULANCE SERVICES CHARITY,3000056135,116452.00,"Grant to support The Ambulance Services Charity to undertake a programme of organisational development including new office accommodation, IT and a website",,,,,
Cabinet Office,CABINET OFFICE,14/01/2015,FM CONTRACT FIXED COSTS,TOTAL FM CONTRACT,BOUYGUES E&S FM UK LTD,3000056113,547066.58,Facilities Management Services,,,,,
Cabinet Office,CABINET OFFICE,14/01/2015,PENSIONS ADMINISTRATION - ADDITIONAL COSTS (MyCSP),SME CONTRACT MANAGMENT LEAD,MYCSP LTD,3000056115,963263.23,MyCSP programme costs,,,,,
Cabinet Office,CABINET OFFICE,14/01/2015,PENSIONS ADMINISTRATION - ADDITIONAL COSTS (MyCSP),SME PENSIONS PROGRAMME,MYCSP LTD,3000056115,1340430.00,MyCSP programme costs,,,,,
Cabinet Office,CABINET OFFICE,15/01/2015,STAFF RELATED COSTS,SME GOVERNANCE LEAD,FINANCIAL REPORTING COUNCIL,3000056181,38505.00,Pensions Levy fee,,,,,
Cabinet Office,CABINET OFFICE,15/01/2015,RESOURCE GRANTS PRIVATE SECTOR,CO CONTRIBUTION - ISS PROJECTS,CYBER SECURITY CHALLENGE UK LTD,3000056190,45000.00,Support for cyber security challenge competitions and skills programmes ,,,,,
Cabinet Office,CABINET OFFICE,15/01/2015,RESEARCH AND DEVELOPMENT (VAT RECOVERABLE),ERG CONTESTABLE POLICY FUND,DWP,3000056166,50000.00,"Matched funding for the Contestable Policy Fund project ""Assisted living projects for disabled people""",,,,,
Cabinet Office,CABINET OFFICE,15/01/2015,OTHER IS IT COSTS VAT RECOV, GDS ID ASSURANCE,SKYSCAPE CLOUD SERVICES LTD,3000056157,71724.54,Storage and hosting services for Verify Identity Assurance Programme,,,,,
Cabinet Office,CABINET OFFICE,15/01/2015,ADDITIONSAUC F/H NON RES BLDGS,CABINET OFFICE ESTATE AGREED BY FD - DEL PROGRAMME,BOUYGUES E&S FM UK LTD,3000056171,111119.23,Facilities Management Services,,,,,
Cabinet Office,CABINET OFFICE,16/01/2015,OTHER IS IT COSTS VAT RECOV,CO IT SYSTEMS,E SYNERGY SOLUTIONS LTD,3000056209,34760.00,Service Desk IT support ,,,,,
Cabinet Office,CABINET OFFICE,16/01/2015,CONSULTANTS VAT RECOVERABLE,ERG CIVIL SERVICE PEOPLE SURVEY,SCRAPERWIKI LTD,3000056213,36925.14,People Survey digital reporting tool build and maintenance,,,,,
Cabinet Office,CABINET OFFICE,16/01/2015,OTHER IS IT COSTS VAT RECOV,CERT,SUREVINE LTD,3000056205,94035.50,IT Development for CERT UK,,,,,
Cabinet Office,CABINET OFFICE,16/01/2015,CONSULTANTS VAT RECOVERABLE,SME IDR & PENSIONS TECHNICAL LEAD,GOVERNMENT ACTUARYS DEPARTMENT GAD,3000056239,320977.39,Actuarial Services,,,,,
Cabinet Office,CABINET OFFICE,16/01/2015,OTHER LEGAL FEES,SME IDR & PENSIONS TECHNICAL LEAD,GOVERNMENT ACTUARYS DEPARTMENT GAD,3000056239,350018.78,Legal services,,,,,
Cabinet Office,CABINET OFFICE,16/01/2015,RESOURCE GRANTS PRIVATE SECTOR,ISA 2 Prog,CYBER SECURITY CHALLENGE UK LTD,3000056218,400000.00,"Support for cyber security on-line gaming platform, mentoring scheme and universities program  ",,,,,
Cabinet Office,CABINET OFFICE,19/01/2015,OTHER IS IT COSTS VAT RECOV,CO IT SYSTEMS,SOFTWARE BOX LTD,3000056285,29615.00,Support of the LANDesk Software ,,,,,
Cabinet Office,CABINET OFFICE,19/01/2015,FM CONTRACT VARIABLE,REFURBISHMENT NO 10,BOUYGUES E&S FM UK LTD,3000056251,40000.00,Estate Services,,,,,
Cabinet Office,CABINET OFFICE,19/01/2015,RESEARCH AND DEVELOPMENT (VAT RECOVERABLE),CENTRE FOR SOCIAL ACTION,THE NUFFIELD TRUST,3000056263,47320.88,Evaluation of grant projects under Reducing Pressures on Hospitals Fund,,,,,
Cabinet Office,CABINET OFFICE,19/01/2015,RESEARCH AND DEVELOPMENT (VAT RECOVERABLE),SECTOR SUPPORT EVALUATIONS,TNS UK LTD,3000056249,52896.00,Community Life Survey,,,,,
Cabinet Office,CABINET OFFICE,19/01/2015,GRANT IN AID PRIVATE SECTOR,GRANT PAYMENTS,THE CHEQUERS ESTATE,1001164,173750.00,Quarterly grant payment to the Chequers Trust,,,,,
Cabinet Office,CABINET OFFICE,20/01/2015,CHILDCARE VOUCHERS,HR REWARD AND EMPLOYEE RELATIONS TEAM,ACCOR TA EDENRED,1001167,26807.05,Childcare vouchers,,,,,
Cabinet Office,CABINET OFFICE,20/01/2015,PUBLICITY ADVERTISING MEDIA,GREAT CAMPAIGN PROGRAMME,CAMERA EYE LTD,3000056324,36630.00,GREAT Campaign ,,,,,
Cabinet Office,CABINET OFFICE,20/01/2015,CONTRACTORS & STAFF SUBSTITUTIONS,GDS PUBLISHING PLATFORM TECHNOLOGY,CAPITA RESOURCING LTD,3000056307,39458.91,Interim IT Specialists ,,,,,
Cabinet Office,CABINET OFFICE,20/01/2015,CONTRACTORS & STAFF SUBSTITUTIONS, PUBLIC SERVICES NETWORK,CAPITA RESOURCING LTD,3000056307,50204.39,Interim IT Specialists ,,,,,
Cabinet Office,CABINET OFFICE,20/01/2015,GRANT FUND MANAGEMENT,CENTRE FOR SOCIAL ACTION,SOCIAL INVESTMENT BUSINESS,3000056296,55932.00,Grants fund management administration costs,,,,,
Cabinet Office,CABINET OFFICE,20/01/2015,CONTRACTORS & STAFF SUBSTITUTIONS,GDS TRANSFORMATION,CAPITA RESOURCING LTD,3000056307,72608.90,Interim IT Specialists ,,,,,
Cabinet Office,CABINET OFFICE,20/01/2015,SUNNINGDALE PARK PFI SERVICE CHARGES,NSG TRANSITION COSTS,DE VERE VENUES GROUP LTD,3000056321,173043.77,PFI Service Charge for Sunningdale Park,,,,,
Cabinet Office,CABINET OFFICE,21/01/2015,RESOURCE GRANTS LOCAL AUTHORIT,ERTP ERO CUSTOMER REGISTRATION,WALSALL METROPOLITAN BOROUGH COUNCIL,3000056356,29693.75,Funding to support the completeness and accuracy of the Electoral Register ahead of the General Election,,,,,
Cabinet Office,CABINET OFFICE,21/01/2015,RESOURCE GRANTS LOCAL AUTHORIT,ERTP ERO CUSTOMER REGISTRATION,WOLVERHAMPTON CITY COUNCIL,3000056358,36192.55,Funding to support the completeness and accuracy of the Electoral Register ahead of the General Election,,,,,
Cabinet Office,Crown Commercial Service,21/01/2015,Maintenance & Repairs - IT,Enablement Projects,IBM UNITED KINGDOM LTD,PINDOH 41890,43064.00,eSourcing system licences,,,,,
Cabinet Office,CABINET OFFICE,21/01/2015,RESOURCE GRANTS LOCAL AUTHORIT,ERTP ERO CUSTOMER REGISTRATION,SHROPSHIRE COUNCIL,3000056354,48787.84,Funding to support the completeness and accuracy of the Electoral Register ahead of the General Election,,,,,
Cabinet Office,Crown Commercial Service,21/01/2015,Consultancy Fees (Advice),Commercial Reform Team,Pricewaterhouse Coopers LLP,PINDOH 41838,86108.20,Spend and Savings Tracker Framework,,,,,
Cabinet Office,Crown Commercial Service,21/01/2015,Legal Fees,Legal Services,Treasury Solicitors,PINDOH 41916,104008.64,Legal services ,,,,,
Cabinet Office,CABINET OFFICE,21/01/2015,FM CONTRACT LIFECYCLE,TOTAL FM CONTRACT,BOUYGUES E&S FM UK LTD,3000056349,127500.00,Facilities Management Services,,,,,
Cabinet Office,CABINET OFFICE,21/01/2015,CALL CHARGES,ICT SERVICES,VODAFONE LTD,3000056377,198832.76,Telecomms charges,,,,,
Cabinet Office,CABINET OFFICE,21/01/2015,LEGAL ADVICE FROM TSOL,CENTRAL LEGAL COSTS,TREASURY SOLICITOR TSOL,3000056338,630860.75,Legal services,,,,,
Cabinet Office,CABINET OFFICE,21/01/2015,GRANT IN AID PRIVATE SECTOR,NCS IMB,NCS TRUST CIC,3000056365,1780786.28,National Citizen Service costs ,,,,,
Cabinet Office,CABINET OFFICE,22/01/2015,RESOURCE GRANTS LOCAL AUTHORIT,ERTP ERO CUSTOMER REGISTRATION,LINCOLN CITY COUNCIL,3000056392,25401.44,Funding to support the completeness and accuracy of the Electoral Register ahead of the General Election,,,,,
Cabinet Office,CABINET OFFICE,22/01/2015,RESOURCE GRANTS LOCAL AUTHORIT,ERTP ERO CUSTOMER REGISTRATION,KINGSTON UPON HULL CITY COUNCIL,3000056427,27221.11,Funding to support the completeness and accuracy of the Electoral Register ahead of the General Election,,,,,
Cabinet Office,CABINET OFFICE,22/01/2015,RESOURCE GRANTS LOCAL AUTHORIT,ERTP ERO CUSTOMER REGISTRATION,WAKEFIELD DISTRICT COUNCIL,3000056403,27416.07,Funding to support the completeness and accuracy of the Electoral Register ahead of the General Election,,,,,
Cabinet Office,CABINET OFFICE,22/01/2015,RESOURCE GRANTS LOCAL AUTHORIT,ERTP ERO CUSTOMER REGISTRATION,DERBY CITY COUNCIL,3000056389,28602.88,Funding to support the completeness and accuracy of the Electoral Register ahead of the General Election,,,,,
Cabinet Office,CABINET OFFICE,22/01/2015,RESOURCE GRANTS LOCAL AUTHORIT,ERTP ERO CUSTOMER REGISTRATION,CALDERDALE METROPOLITAN BOROUGH COUNCIL,3000056390,29593.17,Funding to support the completeness and accuracy of the Electoral Register ahead of the General Election,,,,,
Cabinet Office,CABINET OFFICE,22/01/2015,RESOURCE GRANTS LOCAL AUTHORIT,ERTP ERO CUSTOMER REGISTRATION,DONCASTER METROPOLITAN BOROUGH COUNCIL,3000056455,38278.35,Funding to support the completeness and accuracy of the Electoral Register ahead of the General Election,,,,,
Cabinet Office,CABINET OFFICE,22/01/2015,RESOURCE GRANTS LOCAL AUTHORIT,ERTP ERO CUSTOMER REGISTRATION,NORTHAMPTON BOROUGH COUNCIL,3000056413,38957.63,Funding to support the completeness and accuracy of the Electoral Register ahead of the General Election,,,,,
Cabinet Office,CABINET OFFICE,22/01/2015,RESOURCE GRANTS LOCAL AUTHORIT,ERTP ERO CUSTOMER REGISTRATION,LEICESTER CITY COUNCIL,3000056404,40497.23,Funding to support the completeness and accuracy of the Electoral Register ahead of the General Election,,,,,
Cabinet Office,CABINET OFFICE,22/01/2015,RESOURCE GRANTS LOCAL AUTHORIT,ERTP ERO CUSTOMER REGISTRATION,KIRKLEES METROPOLITAN COUNCIL,3000056478,44453.76,Funding to support the completeness and accuracy of the Electoral Register ahead of the General Election,,,,,
Cabinet Office,CABINET OFFICE,22/01/2015,TELECOM RENTALS,NSS CRISIS MANAGEMENT,BRITISH TELECOMMUNICATIONS PLC,3000056476,68812.06,Telephone Line Rental,,,,,
Cabinet Office,CABINET OFFICE,22/01/2015,RESOURCE GRANTS LOCAL AUTHORIT,ERTP ERO CUSTOMER REGISTRATION,NOTTINGHAM CITY COUNCIL,3000056442,77300.55,Funding to support the completeness and accuracy of the Electoral Register ahead of the General Election,,,,,
Cabinet Office,CABINET OFFICE,22/01/2015,RESOURCE GRANTS LOCAL AUTHORIT,ERTP ERO CUSTOMER REGISTRATION,BRADFORD METROPOLITAN BOROUGH COUNCIL,3000056408,80959.99,Funding to support the completeness and accuracy of the Electoral Register ahead of the General Election,,,,,
Cabinet Office,CABINET OFFICE,22/01/2015,RESOURCE GRANTS LOCAL AUTHORIT,ERTP ERO CUSTOMER REGISTRATION,SHEFFIELD CITY COUNCIL,3000056393,91859.41,Funding to support the completeness and accuracy of the Electoral Register ahead of the General Election,,,,,
Cabinet Office,CABINET OFFICE,22/01/2015,BUSINESS RATES - DIRECT LOCAL AUTHORITIES, GDS BUSINESS AND OFFICE COSTS,LONDON BOROUGH OF CAMDEN,3000056456,324485.00,Rates charges,,,,,
Cabinet Office,CABINET OFFICE,23/01/2015,RESOURCE GRANTS LOCAL AUTHORIT,ERTP ERO CUSTOMER REGISTRATION,LONDON BOROUGH OF HILLINGDON,3000056568,27233.49,Funding to support the completeness and accuracy of the Electoral Register ahead of the General Election,,,,,
Cabinet Office,CABINET OFFICE,23/01/2015,RESOURCE GRANTS LOCAL AUTHORIT,ERTP ERO CUSTOMER REGISTRATION,LONDON BOROUGH OF HOUNSLOW,3000056533,27357.27,Funding to support the completeness and accuracy of the Electoral Register ahead of the General Election,,,,,
Cabinet Office,CABINET OFFICE,23/01/2015,OTHER IS IT COSTS VAT RECOV,G CLOUD,6POINT6 LTD,3000056536,27369.50,G-Cloud Store development costs,,,,,
Cabinet Office,CABINET OFFICE,23/01/2015,RESOURCE GRANTS LOCAL AUTHORIT,ERTP ERO CUSTOMER REGISTRATION,LONDON BOROUGH OF BROMLEY,3000056587,28401.72,Funding to support the completeness and accuracy of the Electoral Register ahead of the General Election,,,,,
Cabinet Office,CABINET OFFICE,23/01/2015,RESOURCE GRANTS LOCAL AUTHORIT,ERTP ERO CUSTOMER REGISTRATION,LONDON BOROUGH OF HAMMERSMITH & FULHAM,3000056503,28558.00,Funding to support the completeness and accuracy of the Electoral Register ahead of the General Election,,,,,
Cabinet Office,CABINET OFFICE,23/01/2015,RESOURCE GRANTS LOCAL AUTHORIT,ERTP ERO CUSTOMER REGISTRATION,COLCHESTER BOROUGH COUNCIL,3000056502,29997.02,Funding to support the completeness and accuracy of the Electoral Register ahead of the General Election,,,,,
Cabinet Office,CABINET OFFICE,23/01/2015,RESOURCE GRANTS LOCAL AUTHORIT,ERTP ERO CUSTOMER REGISTRATION,LUTON BOROUGH COUNCIL,3000056509,30425.64,Funding to support the completeness and accuracy of the Electoral Register ahead of the General Election,,,,,
Cabinet Office,CABINET OFFICE,23/01/2015,RESOURCE GRANTS LOCAL AUTHORIT,OPEN DATA PROGRAMME,GREATER LONDON AUTHORITY,3000056548,33500.00,Showcase costs for London DataStore,,,,,
Cabinet Office,CABINET OFFICE,23/01/2015,RESOURCE GRANTS LOCAL AUTHORIT,ERTP ERO CUSTOMER REGISTRATION,LONDON BOROUGH OF WALTHAM FOREST,3000056498,36783.63,Funding to support the completeness and accuracy of the Electoral Register ahead of the General Election,,,,,
Cabinet Office,CABINET OFFICE,23/01/2015,RESOURCE GRANTS LOCAL AUTHORIT,ERTP ERO CUSTOMER REGISTRATION,LONDON BOROUGH OF WANDSWORTH,3000056565,38162.30,Funding to support the completeness and accuracy of the Electoral Register ahead of the General Election,,,,,
Cabinet Office,CABINET OFFICE,23/01/2015,RESOURCE GRANTS LOCAL AUTHORIT,ERTP ERO CUSTOMER REGISTRATION,ROYAL BOROUGH OF KENSINGTON AND CHELSEA,3000056567,38255.14,Funding to support the completeness and accuracy of the Electoral Register ahead of the General Election,,,,,
Cabinet Office,CABINET OFFICE,23/01/2015,RESOURCE GRANTS LOCAL AUTHORIT,ERTP ERO CUSTOMER REGISTRATION,LONDON BOROUGH OF ISLINGTON,3000056491,41852.69,Funding to support the completeness and accuracy of the Electoral Register ahead of the General Election,,,,,
Cabinet Office,CABINET OFFICE,23/01/2015,RESOURCE GRANTS LOCAL AUTHORIT,ERTP ERO CUSTOMER REGISTRATION,LONDON BOROUGH OF EALING,3000056577,44670.39,Funding to support the completeness and accuracy of the Electoral Register ahead of the General Election,,,,,
Cabinet Office,CABINET OFFICE,23/01/2015,RESOURCE GRANTS LOCAL AUTHORIT,ERTP ERO CUSTOMER REGISTRATION,LONDON BOROUGH OF CROYDON,3000056580,48235.44,Funding to support the completeness and accuracy of the Electoral Register ahead of the General Election,,,,,
Cabinet Office,CABINET OFFICE,23/01/2015,RESOURCE GRANTS LOCAL AUTHORIT,ERTP ERO CUSTOMER REGISTRATION,LONDON BOROUGH OF LEWISHAM,3000056576,48431.95,Funding to support the completeness and accuracy of the Electoral Register ahead of the General Election,,,,,
Cabinet Office,CABINET OFFICE,23/01/2015,RESOURCE GRANTS LOCAL AUTHORIT,OPEN DATA PROGRAMME,TRAFFORD COUNCIL,3000056549,50000.00,Speed up identification and release of open data by creating an Innovation Lab,,,,,
Cabinet Office,CABINET OFFICE,23/01/2015,PROFESSIONAL ADVICE & OPINION VAT RECOVERABLE,SME GOVERNANCE LEAD,DEPARTMENT OF COMMUNITIES & LOCAL GOVERNMENT,3000509,54482.03,Internal audit services,,,,,
Cabinet Office,CABINET OFFICE,23/01/2015,RESOURCE GRANTS LOCAL AUTHORIT,ERTP ERO CUSTOMER REGISTRATION,LONDON BOROUGH OF HARINGEY,3000056488,55541.95,Funding to support the completeness and accuracy of the Electoral Register ahead of the General Election,,,,,
Cabinet Office,CABINET OFFICE,23/01/2015,RESOURCE GRANTS LOCAL AUTHORIT,ERTP ERO CUSTOMER REGISTRATION,LONDON BOROUGH OF SOUTHWARK,3000056532,57042.86,Funding to support the completeness and accuracy of the Electoral Register ahead of the General Election,,,,,
Cabinet Office,CABINET OFFICE,23/01/2015,RESOURCE GRANTS LOCAL AUTHORIT,ERTP ERO CUSTOMER REGISTRATION,LONDON BOROUGH OF LAMBETH,3000056573,57737.61,Funding to support the completeness and accuracy of the Electoral Register ahead of the General Election,,,,,
Cabinet Office,CABINET OFFICE,23/01/2015,RESOURCE GRANTS CENTRAL GOV,OPEN DATA PROGRAMME,DEFRA,3000056538,58000.00,Grant to measure the open data transparency maturity of DEFRA open data network organisations,,,,,
Cabinet Office,CABINET OFFICE,23/01/2015,RESOURCE GRANTS LOCAL AUTHORIT,ERTP ERO CUSTOMER REGISTRATION,LONDON BOROUGH OF ENFIELD,3000056556,59213.77,Funding to support the completeness and accuracy of the Electoral Register ahead of the General Election,,,,,
Cabinet Office,CABINET OFFICE,23/01/2015,RESOURCE GRANTS LOCAL AUTHORIT,ERTP ERO CUSTOMER REGISTRATION,LONDON BOROUGH OF TOWER HAMLETS,3000056566,59863.65,Funding to support the completeness and accuracy of the Electoral Register ahead of the General Election,,,,,
Cabinet Office,CABINET OFFICE,23/01/2015,OTHER TRAVEL COSTS,OVERSEAS MISSIONS,HRG,3000056535,73653.08,Official travel,,,,,
Cabinet Office,CABINET OFFICE,23/01/2015,RESOURCE GRANTS LOCAL AUTHORIT,ERTP ERO CUSTOMER REGISTRATION,LONDON BOROUGH OF NEWHAM,3000056505,82245.82,Funding to support the completeness and accuracy of the Electoral Register ahead of the General Election,,,,,
Cabinet Office,CABINET OFFICE,23/01/2015,RESOURCE GRANTS LOCAL AUTHORIT,ERTP ERO CUSTOMER REGISTRATION,LONDON BOROUGH OF WESTMINSTER,3000056501,82957.60,Funding to support the completeness and accuracy of the Electoral Register ahead of the General Election,,,,,
Cabinet Office,CABINET OFFICE,23/01/2015,RESOURCE GRANTS PRIVATE SECTOR,OPEN DATA PROGRAMME,RSA,3000056527,85200.00,Grant to help make available information about the quality of mental health counselling services,,,,,
Cabinet Office,CABINET OFFICE,23/01/2015,RESOURCE GRANTS LOCAL AUTHORIT,ERTP ERO CUSTOMER REGISTRATION,LONDON BOROUGH OF BARNET,3000056564,89646.72,Funding to support the completeness and accuracy of the Electoral Register ahead of the General Election,,,,,
Cabinet Office,CABINET OFFICE,23/01/2015,ADDITIONSAUC F/H NON RES BLDGS,MODERNISATION PROGRAMME DS 13/14,BOUYGUES E&S FM UK LTD,3000056553,99070.85,Estate Services,,,,,
Cabinet Office,CABINET OFFICE,23/01/2015,PROFESSIONAL ADVICE & OPINION VAT RECOVERABLE,SME GOVERNANCE LEAD,DEPARTMENT OF COMMUNITIES & LOCAL GOVERNMENT,3000510,112158.59,Internal audit services ,,,,,
Cabinet Office,CABINET OFFICE,23/01/2015,OTHER IS IT COSTS VAT RECOV,CERT,RISUAL LTD,3000056518,162582.00,IT Support for CERT UK,,,,,
Cabinet Office,CABINET OFFICE,26/01/2015,MANAGEMENT CONFERENCES,CSHR STRATEGY AND COMMS,CALDER WORLD OF TRAVEL,3000056620,25605.75,Civil Service HR conference costs,,,,,
Cabinet Office,CABINET OFFICE,26/01/2015,OTHER IS IT COSTS VAT RECOV,CO IT SYSTEMS,E SYNERGY SOLUTIONS LTD,3000056624,26840.00,Service Desk IT support staff costs,,,,,
Cabinet Office,CABINET OFFICE,27/01/2015,RESOURCE GRANTS LOCAL AUTHORIT,ERTP ERO CUSTOMER REGISTRATION,CANTERBURY CITY COUNCIL,3000056758,25365.86,Funding to support the completeness and accuracy of the Electoral Register ahead of the General Election,,,,,
Cabinet Office,CABINET OFFICE,27/01/2015,RESOURCE GRANTS LOCAL AUTHORIT,ERTP ERO CUSTOMER REGISTRATION,ROYAL BOROUGH OF KINGSTON UPON THAMES,3000056789,25517.49,Funding to support the completeness and accuracy of the Electoral Register ahead of the General Election,,,,,
Cabinet Office,CABINET OFFICE,27/01/2015,RESOURCE GRANTS LOCAL AUTHORIT,ERTP ERO CUSTOMER REGISTRATION,GATESHEAD METROPOLITAN BOROUGH COUNCIL,3000056659,26122.50,Funding to support the completeness and accuracy of the Electoral Register ahead of the General Election,,,,,
Cabinet Office,CABINET OFFICE,27/01/2015,RESOURCE GRANTS LOCAL AUTHORIT,ERTP ERO CUSTOMER REGISTRATION,ARUN DISTRICT COUNCIL,3000056650,26213.79,Funding to support the completeness and accuracy of the Electoral Register ahead of the General Election,,,,,
Cabinet Office,CABINET OFFICE,27/01/2015,RESOURCE GRANTS LOCAL AUTHORIT,ERTP ERO CUSTOMER REGISTRATION,RHONDDA CYNON TAFF COUNCIL,3000056716,26221.53,Funding to support the completeness and accuracy of the Electoral Register ahead of the General Election,,,,,
Cabinet Office,CABINET OFFICE,27/01/2015,RESOURCE GRANTS LOCAL AUTHORIT,ERTP ERO CUSTOMER REGISTRATION,SANDWELL MBC,3000056701,26366.98,Funding to support the completeness and accuracy of the Electoral Register ahead of the General Election,,,,,
Cabinet Office,CABINET OFFICE,27/01/2015,RESOURCE GRANTS LOCAL AUTHORIT,ERTP ERO CUSTOMER REGISTRATION,OXFORD CITY COUNCIL,3000056720,26456.73,Funding to support the completeness and accuracy of the Electoral Register ahead of the General Election,,,,,
Cabinet Office,CABINET OFFICE,27/01/2015,RESOURCE GRANTS LOCAL AUTHORIT,ERTP ERO CUSTOMER REGISTRATION,GWYNEDD COUNCIL,3000056781,27009.12,Funding to support the completeness and accuracy of the Electoral Register ahead of the General Election,,,,,
Cabinet Office,CABINET OFFICE,27/01/2015,RESOURCE GRANTS LOCAL AUTHORIT,ERTP ERO CUSTOMER REGISTRATION,NORTHUMBERLAND COUNTY COUNCIL,3000056793,27049.35,Funding to support the completeness and accuracy of the Electoral Register ahead of the General Election,,,,,
Cabinet Office,CABINET OFFICE,27/01/2015,RESOURCE GRANTS LOCAL AUTHORIT,ERTP ERO CUSTOMER REGISTRATION,MAIDSTONE BOROUGH COUNCIL,3000056715,28281.03,Funding to support the completeness and accuracy of the Electoral Register ahead of the General Election,,,,,
Cabinet Office,CABINET OFFICE,27/01/2015,RESOURCE GRANTS LOCAL AUTHORIT,ERTP ERO CUSTOMER REGISTRATION,HEREFORDSHIRE COUNCIL,3000056651,28550.27,Funding to support the completeness and accuracy of the Electoral Register ahead of the General Election,,,,,
Cabinet Office,CABINET OFFICE,27/01/2015,OTHER IS IT COSTS VAT RECOV,CO IT SYSTEMS,CENTRE4 TESTING,3000056725,30525.00,Support and testing services for a range of resources requiring core test analysts and additional analysts,,,,,
Cabinet Office,CABINET OFFICE,27/01/2015,RESOURCE GRANTS LOCAL AUTHORIT,ERTP ERO CUSTOMER REGISTRATION,PORTSMOUTH CITY COUNCIL,3000056804,33696.70,Funding to support the completeness and accuracy of the Electoral Register ahead of the General Election,,,,,
Cabinet Office,CABINET OFFICE,27/01/2015,CONTRACTORS & STAFF SUBSTITUTIONS,ELECTORAL REGISTRATION TRANSFORMATION PROGRAMME,CAPITA RESOURCING LTD,3000056727,34061.99,Individual Electoral Registration costs,,,,,
Cabinet Office,CABINET OFFICE,27/01/2015,RESOURCE GRANTS LOCAL AUTHORIT,ERTP ERO CUSTOMER REGISTRATION,DURHAM COUNTY COUNCIL,3000056770,37939.49,Funding to support the completeness and accuracy of the Electoral Register ahead of the General Election,,,,,
Cabinet Office,CABINET OFFICE,27/01/2015,RESOURCE GRANTS LOCAL AUTHORIT,ERTP ERO CUSTOMER REGISTRATION,CARDIFF COUNTY COUNCIL,3000056760,38332.51,Funding to support the completeness and accuracy of the Electoral Register ahead of the General Election,,,,,
Cabinet Office,CABINET OFFICE,27/01/2015,RESOURCE GRANTS LOCAL AUTHORIT,ERTP ERO CUSTOMER REGISTRATION,BRIGHTON & HOVE CITY COUNCIL,3000056768,40823.71,Funding to support the completeness and accuracy of the Electoral Register ahead of the General Election,,,,,
Cabinet Office,CABINET OFFICE,27/01/2015,CONSULTANTS VAT RECOVERABLE,ERG CIVIL SERVICE REFORM,ETHNIC DIMENSION,3000056740,45000.00,Consultancy support on diversity in the Civil Service in relation to the talent action plan,,,,,
Cabinet Office,CABINET OFFICE,27/01/2015,RESOURCE GRANTS LOCAL AUTHORIT,ERTP ERO CUSTOMER REGISTRATION,COVENTRY CITY COUNCIL,3000056762,48662.50,Funding to support the completeness and accuracy of the Electoral Register ahead of the General Election,,,,,
Cabinet Office,CABINET OFFICE,27/01/2015,RESOURCE GRANTS LOCAL AUTHORIT,ERTP ERO CUSTOMER REGISTRATION,WILTSHIRE COUNCIL,3000056673,49369.64,Funding to support the completeness and accuracy of the Electoral Register ahead of the General Election,,,,,
Cabinet Office,CABINET OFFICE,27/01/2015,RESOURCE GRANTS LOCAL AUTHORIT,ERTP ERO CUSTOMER REGISTRATION,PLYMOUTH CITY COUNCIL,3000056799,50790.09,Funding to support the completeness and accuracy of the Electoral Register ahead of the General Election,,,,,
Cabinet Office,CABINET OFFICE,27/01/2015,RESOURCE GRANTS LOCAL AUTHORIT,ERTP ERO CUSTOMER REGISTRATION,NEWCASTLE CITY COUNCIL,3000056802,56309.43,Funding to support the completeness and accuracy of the Electoral Register ahead of the General Election,,,,,
Cabinet Office,CABINET OFFICE,27/01/2015,RESOURCE GRANTS PRIVATE SECTOR,PROGRAMME & STRATEGY OFFICE,THE POLICE TREATMENT CENTRES,3000056723,66000.00,Grant to improve facilities to aid the physical rehabilitation of police officers,,,,,
Cabinet Office,CABINET OFFICE,27/01/2015,OTHER IS IT COSTS VAT RECOV,GDS ID ASSURANCE,CESG,3000056695,125000.00,Support for the Verify Identity Assurance Programme ,,,,,
Cabinet Office,CABINET OFFICE,27/01/2015,CAPITAL GRANTS PRIV SEC - CDEL,PROGRAMME & STRATEGY OFFICE,THE POLICE TREATMENT CENTRES,3000056723,125700.00,Grant to improve facilities to aid the physical rehabilitation of police officers,,,,,
Cabinet Office,CABINET OFFICE,27/01/2015,CONTRACTORS & STAFF SUBSTITUTIONS,GDS BUS DEV CONSULTANT AND STAFF COSTS,SKYSCAPE CLOUD SERVICES LTD,3000056693,145957.49,Hosting services for GOV.UK,,,,,
Cabinet Office,CABINET OFFICE,28/01/2015,RESOURCE GRANTS LOCAL AUTHORIT,ERTP ERO CUSTOMER REGISTRATION,BATH & NORTH EAST SOMERSET COUNCIL,3000056916,25446.32,Funding to support the completeness and accuracy of the Electoral Register ahead of the General Election,,,,,
Cabinet Office,CABINET OFFICE,28/01/2015,RESOURCE GRANTS LOCAL AUTHORIT,ERTP ERO CUSTOMER REGISTRATION,SALFORD CITY COUNCIL,3000056861,26026.57,Funding to support the completeness and accuracy of the Electoral Register ahead of the General Election,,,,,
Cabinet Office,CABINET OFFICE,28/01/2015,RESOURCE GRANTS LOCAL AUTHORIT,ERTP ERO CUSTOMER REGISTRATION,EAST DEVON DISTRICT COUNCIL,3000056939,26382.45,Funding to support the completeness and accuracy of the Electoral Register ahead of the General Election,,,,,
Cabinet Office,CABINET OFFICE,28/01/2015,RESOURCE GRANTS LOCAL AUTHORIT,ERTP ERO CUSTOMER REGISTRATION,CHESHIRE EAST BOROUGH COUNCIL,3000056830,27395.96,Funding to support the completeness and accuracy of the Electoral Register ahead of the General Election,,,,,
Cabinet Office,CABINET OFFICE,28/01/2015,CONTRACTORS & STAFF SUBSTITUTIONS,GDS GOV UK TRANSITION,CAPITA RESOURCING LTD,3000056895,29187.00,Interim IT Specialists ,,,,,
Cabinet Office,CABINET OFFICE,28/01/2015,RESOURCE GRANTS LOCAL AUTHORIT,ERTP ERO CUSTOMER REGISTRATION,BOURNEMOUTH BOROUGH COUNCIL,3000056858,29658.16,Funding to support the completeness and accuracy of the Electoral Register ahead of the General Election,,,,,
Cabinet Office,CABINET OFFICE,28/01/2015,RESOURCE GRANTS LOCAL AUTHORIT,ERTP ERO CUSTOMER REGISTRATION,TRAFFORD METROPOLITAN BOROUGH COUNCIL,3000056843,31827.52,Funding to support the completeness and accuracy of the Electoral Register ahead of the General Election,,,,,
Cabinet Office,CABINET OFFICE,28/01/2015,RESOURCE GRANTS LOCAL AUTHORIT,ERTP ERO CUSTOMER REGISTRATION,METROPOLITAN BOROUGH OF WIRRAL,3000056853,32502.16,Funding to support the completeness and accuracy of the Electoral Register ahead of the General Election,,,,,
Cabinet Office,CABINET OFFICE,28/01/2015,RESOURCE GRANTS LOCAL AUTHORIT,ERTP ERO CUSTOMER REGISTRATION,SOUTHAMPTON CITY COUNCIL,3000056840,35172.85,Funding to support the completeness and accuracy of the Electoral Register ahead of the General Election,,,,,
Cabinet Office,CABINET OFFICE,28/01/2015,RESOURCE GRANTS LOCAL AUTHORIT,ERTP ERO CUSTOMER REGISTRATION,BOLTON METROPOLITAN BOROUGH COUNCIL,3000056827,35446.73,Funding to support the completeness and accuracy of the Electoral Register ahead of the General Election,,,,,
Cabinet Office,CABINET OFFICE,28/01/2015,STAFF RELATED COSTS,GOVERNMENT COMMS,HMRC,3000056868,40800.00,Recruitment campaign costs for 34 Information Officer/Assistant Information Officer posts,,,,,
Cabinet Office,CABINET OFFICE,28/01/2015,RESOURCE GRANTS LOCAL AUTHORIT,ERTP ERO CUSTOMER REGISTRATION,BRISTOL CITY COUNCIL,3000056866,49142.18,Funding to support the completeness and accuracy of the Electoral Register ahead of the General Election,,,,,
Cabinet Office,CABINET OFFICE,28/01/2015,RESOURCE GRANTS LOCAL AUTHORIT,ERTP ERO CUSTOMER REGISTRATION,LONDON BOROUGH OF GREENWICH,3000056927,50209.84,Funding to support the completeness and accuracy of the Electoral Register ahead of the General Election,,,,,
Cabinet Office,CABINET OFFICE,28/01/2015,RESOURCE GRANTS LOCAL AUTHORIT,ERTP ERO CUSTOMER REGISTRATION,MANCHESTER CITY COUNCIL,3000056936,50246.97,Funding to support the completeness and accuracy of the Electoral Register ahead of the General Election,,,,,
Cabinet Office,CABINET OFFICE,28/01/2015,RESOURCE GRANTS LOCAL AUTHORIT,ERTP ERO CUSTOMER REGISTRATION,LONDON BOROUGH OF CAMDEN,3000056857,56276.93,Funding to support the completeness and accuracy of the Electoral Register ahead of the General Election,,,,,
Cabinet Office,CABINET OFFICE,28/01/2015,RESOURCE GRANTS LOCAL AUTHORIT,ERTP ERO CUSTOMER REGISTRATION,LONDON BOROUGH OF BRENT,3000056854,56722.56,Funding to support the completeness and accuracy of the Electoral Register ahead of the General Election,,,,,
Cabinet Office,CABINET OFFICE,28/01/2015,OPERATING LEASES - RENT,10 GREAT GEORGE STREET,HOME OFFICE,3000056879,66990.00,Rent for accommodation,,,,,
Cabinet Office,CABINET OFFICE,28/01/2015,RESEARCH AND DEVELOPMENT (VAT RECOVERABLE),A & I PROGRAMME EXPENDITURE,TNS UK LTD,3000056901,96940.17,Delivery of People Survey ,,,,,
Cabinet Office,CABINET OFFICE,28/01/2015,RESOURCE GRANTS LOCAL AUTHORIT,ERTP ERO CUSTOMER REGISTRATION,LIVERPOOL CITY COUNCIL,3000056847,104473.27,Funding to support the completeness and accuracy of the Electoral Register ahead of the General Election,,,,,
Cabinet Office,CABINET OFFICE,28/01/2015,RESOURCE GRANTS LOCAL AUTHORIT,OPEN DATA PROGRAMME,BIRMINGHAM CITY COUNCIL,3000056897,123745.00,Release of Data programme grant,,,,,
Cabinet Office,CABINET OFFICE,28/01/2015,RESOURCE GRANTS LOCAL AUTHORIT,ERTP ERO CUSTOMER REGISTRATION,LEEDS CITY COUNCIL,3000056836,129509.12,Funding to support the completeness and accuracy of the Electoral Register ahead of the General Election,,,,,
Cabinet Office,CABINET OFFICE,28/01/2015,RESOURCE GRANTS LOCAL AUTHORIT,ERTP ERO CUSTOMER REGISTRATION,BIRMINGHAM CITY COUNCIL,3000056922,165866.80,Funding to support the completeness and accuracy of the Electoral Register ahead of the General Election,,,,,
Cabinet Office,CABINET OFFICE,28/01/2015,CONSULTANTS VAT RECOVERABLE,ERG CATEGORY PROCUREMENT,BAIN & COMPANY,3000056896,168000.00,Commercial Capability Reviews - provision of organisational strategy consultancy,,,,,
Cabinet Office,CABINET OFFICE,28/01/2015,OTHER IS IT COSTS VAT RECOV,ERTP IER LIVE SERVICE,FCO SERVICES,3000056881,245117.33,Individual Electoral Registration Live Service running costs,,,,,
Cabinet Office,CABINET OFFICE,28/01/2015,PENSIONS PAYROLL CONTRACTOR - FIXED FEE,SME CONTRACT MANAGMENT LEAD,MYCSP LTD,3000056865,2944547.41,Civil Service pension administration services,,,,,
Cabinet Office,CABINET OFFICE,28/01/2015,RESOURCE GRANTS TO NDPB'S,LEGAL ADVICE FUND,BIG LOTTERY ADVICE SERVICES TRANSITION FUND,3000056872,4062500.00,"Grant to Advice Services Transition Fund to enable local, not for profit providers of advice services in England give free advice, help and support to people relating to welfare benefits, debt, housing and employment",,,,,
Cabinet Office,CABINET OFFICE,29/01/2015,CONTRACTORS & STAFF SUBSTITUTIONS,GDS TRANSFORMATION,CAPITA RESOURCING LTD,3000056960,26344.32,Interim IT Specialists ,,,,,
Cabinet Office,CABINET OFFICE,29/01/2015,FM CONTRACT FIXED COSTS,PMO FACILITIES MANAGEMENT,BOUYGUES E&S FM UK LTD,3000056962,26723.04,Facilities Management Services,,,,,
Cabinet Office,CABINET OFFICE,29/01/2015,OTHER IS IT COSTS VAT RECOV,CO IT SYSTEMS,SOFTWARE BOX LTD,3000056947,27111.10,"Analyst Licenses, Fixed Analyst Licenses and LANDesk Service Enterprise License costs ",,,,,
Cabinet Office,Crown Commercial Service,29/01/2015,Maintenance & Repairs - IT,IT,Software Box Ltd,PINDOH 42182,27340.89,Security Threat Prevention Software,,,,,
Cabinet Office,Crown Commercial Service,29/01/2015,Payroll Solutions COS,Payroll Solutions,CGI IT UK Ltd,PINDOH 42171,28646.20,Implementation of Pension Reform Changes ,,,,,
Cabinet Office,CABINET OFFICE,29/01/2015,CONTRACTORS & STAFF SUBSTITUTIONS,GDS ID ASSURANCE,CAPITA RESOURCING LTD,3000056960,31143.16,Interim IT Specialists ,,,,,
Cabinet Office,CABINET OFFICE,29/01/2015,CONTRACTORS & STAFF SUBSTITUTIONS,GDS PUBLISHING PLATFORM TECHNOLOGY,CAPITA RESOURCING LTD,3000056960,32625.91,Interim IT Specialists ,,,,,
Cabinet Office,CABINET OFFICE,29/01/2015,RESOURCE GRANTS LOCAL AUTHORIT,ERTP ERO CUSTOMER REGISTRATION,SEFTON METROPOLITAN BOROUGH COUNCIL,3000056964,32788.41,Funding to support the completeness and accuracy of the Electoral Register ahead of the General Election,,,,,
Cabinet Office,CABINET OFFICE,29/01/2015,CONTRACTORS & STAFF SUBSTITUTIONS,GDS GOV UK TRANSITION,CAPITA RESOURCING LTD,3000056960,34063.57,Interim IT Specialists ,,,,,
Cabinet Office,CABINET OFFICE,29/01/2015,CONSULTANTS VAT RECOVERABLE,SOCIAL OUTCOMES FUND,DELOITTE LLP,3000056952,34827.00,Due diligence work on a new market development foundation,,,,,
Cabinet Office,CABINET OFFICE,29/01/2015,TELECOM RENTALS,NSS CRISIS MANAGEMENT,BRITISH TELECOMMUNICATIONS PLC,3000056958,59750.71,BT Telephone Line Rental,,,,,
Cabinet Office,CABINET OFFICE,29/01/2015,RESOURCE GRANTS LOCAL AUTHORIT,ERTP ERO CUSTOMER REGISTRATION,CORNWALL COUNCIL,3000056971,63493.69,Funding to support the completeness and accuracy of the Electoral Register ahead of the General Election,,,,,
Cabinet Office,CABINET OFFICE,29/01/2015,STAFF TRAINING,CO IT SYSTEMS,CLOUD TECHNOLOGY SOLUTIONS LTD,3000056973,71318.40,Provision of training personnel and application deployment ,,,,,
Cabinet Office,CABINET OFFICE,29/01/2015,OTHER IS IT COSTS VAT RECOV,CO IT SYSTEMS,CLOUD TECHNOLOGY SOLUTIONS LTD,3000056973,99000.00,Provision of training personnel and facilitation of  new applications for deployment within CO,,,,,
Cabinet Office,CABINET OFFICE,29/01/2015,PUBLICITY ADVERTISING MEDIA,GREAT CAMPAIGN PROGRAMME,BRITISH COUNCIL CHINA,3000056997,125000.00,"UK-China Year of Culture campaign, including local media, branding opportunities and regional activities",,,,,
Cabinet Office,CABINET OFFICE,29/01/2015,GRANT FUND MANAGEMENT VAT RECOVERABLE,COMMUNITY ORGANISERS,LOCALITY,3000056951,233599.00,Community Organisers Programme Fund Management,,,,,
Cabinet Office,Crown Commercial Service,29/01/2015,MOTO Charges RC,Estates Management,CABINET OFFICE VOTES CASH ACCO,PINDOH 41946,480586.77,Rent for accommodation ,,,,,
Cabinet Office,CABINET OFFICE,29/01/2015,SECURITY AND CUSTODY SERVICES,GOVERNMENT SECURITY ZONE,METROPOLITAN POLICE AUTHORITY,3000056949,757500.00,Payment on behalf of Whitehall Departments for the cost of the Whitehall Security Zone,,,,,
Cabinet Office,CABINET OFFICE,30/01/2015,STATIONERY/ PUBLICATIONS/IT CONSUMABLES,GDS COMMUNICATIONS AND CREATIVE,KNOCK KNOCK PRODUCTIONS LTD,3000057027,39201.29,Video production and media services ,,,,,
Cabinet Office,CABINET OFFICE,30/01/2015,CONSULTANTS VAT RECOVERABLE,MUTUALS,MUTUAL VENTURES,3000057030,42242.00,NHS Trust mutualisation support,,,,,
Cabinet Office,CABINET OFFICE,30/01/2015,PROFESSIONAL ADVICE & OPINION VAT RECOVERABLE,ERG CIVIL SERVICE PEOPLE SURVEY,ORC INTERNATIONAL LIMITED,3000057020,388963.90,People Survey development costs,,,,,
,,,,,,,,,,,,,
,,,,,,,,,,,,,
,,,,,,,,,,,,,
,,,,,,,,,,,,,
,,,,,,,,,,,,,
,,,,,,,,,,,,,
,,,,,,,,,,,,,
,,,,,,,,,,,,,
,,,,,,,,,,,,,
,,,,,,,,,,,,,
,,,,,,,,,,,,,
,,,,,,,,,,,,,
,,,,,,,,,,,,,
,,,,,,,,,,,,,
,,,,,,,,,,,,,
,,,,,,,,,,,,,
,,,,,,,,,,,,,
,,,,,,,,,,,,,
,,,,,,,,,,,,,
,,,,,,,,,,,,,
,,,,,,,,,,,,,
,,,,,,,,,,,,,
,,,,,,,,,,,,,
,,,,,,,,,,,,,
,,,,,,,,,,,,,
,,,,,,,,,,,,,
,,,,,,,,,,,,,
,,,,,,,,,,,,,
,,,,,,,,,,,,,
,,,,,,,,,,,,,
,,,,,,,,,,,,,
,,,,,,,,,,,,,
,,,,,,,,,,,,,
,,,,,,,,,,,,,
,,,,,,,,,,,,,
,,,,,,,,,,,,,
,,,,,,,,,,,,,
,,,,,,,,,,,,,
,,,,,,,,,,,,,
,,,,,,,,,,,,,
,,,,,,,,,,,,,
,,,,,,,,,,,,,
,,,,,,,,,,,,,
,,,,,,,,,,,,,
,,,,,,,,,,,,,
,,,,,,,,,,,,,
,,,,,,,,,,,,,
,,,,,,,,,,,,,
,,,,,,,,,,,,,
,,,,,,,,,,,,,
,,,,,,,,,,,,,
,,,,,,,,,,,,,
,,,,,,,,,,,,,
,,,,,,,,,,,,,
,,,,,,,,,,,,,
,,,,,,,,,,,,,
,,,,,,,,,,,,,
,,,,,,,,,,,,,
,,,,,,,,,,,,,
,,,,,,,,,,,,,
,,,,,,,,,,,,,
,,,,,,,,,,,,,
,,,,,,,,,,,,,
,,,,,,,,,,,,,
,,,,,,,,,,,,,
,,,,,,,,,,,,,
,,,,,,,,,,,,,
,,,,,,,,,,,,,
,,,,,,,,,,,,,
,,,,,,,,,,,,,
,,,,,,,,,,,,,
,,,,,,,,,,,,,
,,,,,,,,,,,,,
,,,,,,,,,,,,,
,,,,,,,,,,,,,
,,,,,,,,,,,,,
,,,,,,,,,,,,,
,,,,,,,,,,,,,
,,,,,,,,,,,,,
,,,,,,,,,,,,,
,,,,,,,,,,,,,
,,,,,,,,,,,,,
,,,,,,,,,,,,,
,,,,,,,,,,,,,
,,,,,,,,,,,,,
,,,,,,,,,,,,,
,,,,,,,,,,,,,
,,,,,,,,,,,,,
,,,,,,,,,,,,,
,,,,,,,,,,,,,
,,,,,,,,,,,,,
,,,,,,,,,,,,,
,,,,,,,,,,,,,
,,,,,,,,,,,,,
,,,,,,,,,,,,,
,,,,,,,,,,,,,
,,,,,,,,,,,,,
,,,,,,,,,,,,,
,,,,,,,,,,,,,
,,,,,,,,,,,,,
,,,,,,,,,,,,,
,,,,,,,,,,,,,
,,,,,,,,,,,,,
,,,,,,,,,,,,,
,,,,,,,,,,,,,
,,,,,,,,,,,,,
,,,,,,,,,,,,,
,,,,,,,,,,,,,
,,,,,,,,,,,,,
,,,,,,,,,,,,,
,,,,,,,,,,,,,
,,,,,,,,,,,,,
,,,,,,,,,,,,,
,,,,,,,,,,,,,
,,,,,,,,,,,,,
,,,,,,,,,,,,,
,,,,,,,,,,,,,
,,,,,,,,,,,,,
,,,,,,,,,,,,,
,,,,,,,,,,,,,
,,,,,,,,,,,,,
,,,,,,,,,,,,,
,,,,,,,,,,,,,
,,,,,,,,,,,,,
,,,,,,,,,,,,,
,,,,,,,,,,,,,
,,,,,,,,,,,,,
,,,,,,,,,,,,,
,,,,,,,,,,,,,
,,,,,,,,,,,,,
,,,,,,,,,,,,,
,,,,,,,,,,,,,
,,,,,,,,,,,,,
,,,,,,,,,,,,,
,,,,,,,,,,,,,
,,,,,,,,,,,,,
,,,,,,,,,,,,,
,,,,,,,,,,,,,
,,,,,,,,,,,,,
,,,,,,,,,,,,,
,,,,,,,,,,,,,
,,,,,,,,,,,,,
,,,,,,,,,,,,,
,,,,,,,,,,,,,
,,,,,,,,,,,,,
,,,,,,,,,,,,,
,,,,,,,,,,,,,
,,,,,,,,,,,,,
,,,,,,,,,,,,,
,,,,,,,,,,,,,
,,,,,,,,,,,,,
,,,,,,,,,,,,,
,,,,,,,,,,,,,
,,,,,,,,,,,,,
,,,,,,,,,,,,,
,,,,,,,,,,,,,
,,,,,,,,,,,,,
,,,,,,,,,,,,,
,,,,,,,,,,,,,
,,,,,,,,,,,,,
,,,,,,,,,,,,,
,,,,,,,,,,,,,
,,,,,,,,,,,,,
,,,,,,,,,,,,,
,,,,,,,,,,,,,
,,,,,,,,,,,,,
,,,,,,,,,,,,,
,,,,,,,,,,,,,
,,,,,,,,,,,,,
,,,,,,,,,,,,,
,,,,,,,,,,,,,
,,,,,,,,,,,,,
,,,,,,,,,,,,,
,,,,,,,,,,,,,
,,,,,,,,,,,,,
,,,,,,,,,,,,,
,,,,,,,,,,,,,
,,,,,,,,,,,,,
,,,,,,,,,,,,,
,,,,,,,,,,,,,
,,,,,,,,,,,,,
,,,,,,,,,,,,,
,,,,,,,,,,,,,
,,,,,,,,,,,,,
,,,,,,,,,,,,,
,,,,,,,,,,,,,
,,,,,,,,,,,,,
,,,,,,,,,,,,,
,,,,,,,,,,,,,
,,,,,,,,,,,,,
,,,,,,,,,,,,,
,,,,,,,,,,,,,
,,,,,,,,,,,,,
,,,,,,,,,,,,,
,,,,,,,,,,,,,
,,,,,,,,,,,,,
,,,,,,,,,,,,,
,,,,,,,,,,,,,
,,,,,,,,,,,,,
,,,,,,,,,,,,,
,,,,,,,,,,,,,
,,,,,,,,,,,,,
,,,,,,,,,,,,,
,,,,,,,,,,,,,
,,,,,,,,,,,,,
,,,,,,,,,,,,,
,,,,,,,,,,,,,
,,,,,,,,,,,,,
,,,,,,,,,,,,,
,,,,,,,,,,,,,
,,,,,,,,,,,,,
,,,,,,,,,,,,,
,,,,,,,,,,,,,
,,,,,,,,,,,,,
,,,,,,,,,,,,,
,,,,,,,,,,,,,
,,,,,,,,,,,,,
,,,,,,,,,,,,,
,,,,,,,,,,,,,
,,,,,,,,,,,,,
,,,,,,,,,,,,,
,,,,,,,,,,,,,
,,,,,,,,,,,,,
,,,,,,,,,,,,,
,,,,,,,,,,,,,
,,,,,,,,,,,,,
,,,,,,,,,,,,,
,,,,,,,,,,,,,
,,,,,,,,,,,,,
,,,,,,,,,,,,,
,,,,,,,,,,,,,
,,,,,,,,,,,,,
,,,,,,,,,,,,,
,,,,,,,,,,,,,
,,,,,,,,,,,,,
,,,,,,,,,,,,,
,,,,,,,,,,,,,
,,,,,,,,,,,,,
,,,,,,,,,,,,,
,,,,,,,,,,,,,
,,,,,,,,,,,,,
,,,,,,,,,,,,,
,,,,,,,,,,,,,
,,,,,,,,,,,,,
,,,,,,,,,,,,,
,,,,,,,,,,,,,
,,,,,,,,,,,,,
,,,,,,,,,,,,,
,,,,,,,,,,,,,
,,,,,,,,,,,,,
,,,,,,,,,,,,,
,,,,,,,,,,,,,
,,,,,,,,,,,,,
,,,,,,,,,,,,,
,,,,,,,,,,,,,
,,,,,,,,,,,,,
,,,,,,,,,,,,,
,,,,,,,,,,,,,
,,,,,,,,,,,,,
,,,,,,,,,,,,,
,,,,,,,,,,,,,
,,,,,,,,,,,,,
,,,,,,,,,,,,,
,,,,,,,,,,,,,
,,,,,,,,,,,,,
,,,,,,,,,,,,,
,,,,,,,,,,,,,
,,,,,,,,,,,,,
,,,,,,,,,,,,,
,,,,,,,,,,,,,
,,,,,,,,,,,,,
,,,,,,,,,,,,,
,,,,,,,,,,,,,
,,,,,,,,,,,,,
,,,,,,,,,,,,,
,,,,,,,,,,,,,
,,,,,,,,,,,,,
,,,,,,,,,,,,,
,,,,,,,,,,,,,
,,,,,,,,,,,,,
,,,,,,,,,,,,,
,,,,,,,,,,,,,
,,,,,,,,,,,,,
,,,,,,,,,,,,,
,,,,,,,,,,,,,
,,,,,,,,,,,,,
,,,,,,,,,,,,,
,,,,,,,,,,,,,
,,,,,,,,,,,,,
,,,,,,,,,,,,,
,,,,,,,,,,,,,
,,,,,,,,,,,,,
,,,,,,,,,,,,,
,,,,,,,,,,,,,
,,,,,,,,,,,,,
,,,,,,,,,,,,,
,,,,,,,,,,,,,
,,,,,,,,,,,,,
,,,,,,,,,,,,,
,,,,,,,,,,,,,
,,,,,,,,,,,,,
,,,,,,,,,,,,,
,,,,,,,,,,,,,
,,,,,,,,,,,,,
,,,,,,,,,,,,,
,,,,,,,,,,,,,
,,,,,,,,,,,,,
,,,,,,,,,,,,,
,,,,,,,,,,,,,
,,,,,,,,,,,,,
,,,,,,,,,,,,,
,,,,,,,,,,,,,
,,,,,,,,,,,,,
,,,,,,,,,,,,,
,,,,,,,,,,,,,
,,,,,,,,,,,,,
,,,,,,,,,,,,,
,,,,,,,,,,,,,
,,,,,,,,,,,,,
,,,,,,,,,,,,,
,,,,,,,,,,,,,
,,,,,,,,,,,,,
,,,,,,,,,,,,,
,,,,,,,,,,,,,
,,,,,,,,,,,,,
,,,,,,,,,,,,,
,,,,,,,,,,,,,
,,,,,,,,,,,,,
,,,,,,,,,,,,,
,,,,,,,,,,,,,
,,,,,,,,,,,,,
,,,,,,,,,,,,,
,,,,,,,,,,,,,
,,,,,,,,,,,,,
,,,,,,,,,,,,,
,,,,,,,,,,,,,
,,,,,,,,,,,,,
,,,,,,,,,,,,,
,,,,,,,,,,,,,
,,,,,,,,,,,,,
,,,,,,,,,,,,,
,,,,,,,,,,,,,
,,,,,,,,,,,,,
,,,,,,,,,,,,,
,,,,,,,,,,,,,
,,,,,,,,,,,,,
,,,,,,,,,,,,,
,,,,,,,,,,,,,
,,,,,,,,,,,,,
,,,,,,,,,,,,,
,,,,,,,,,,,,,
,,,,,,,,,,,,,
,,,,,,,,,,,,,
,,,,,,,,,,,,,
,,,,,,,,,,,,,
,,,,,,,,,,,,,
,,,,,,,,,,,,,
,,,,,,,,,,,,,
,,,,,,,,,,,,,
,,,,,,,,,,,,,
,,,,,,,,,,,,,
,,,,,,,,,,,,,
,,,,,,,,,,,,,
,,,,,,,,,,,,,
,,,,,,,,,,,,,
,,,,,,,,,,,,,
,,,,,,,,,,,,,
,,,,,,,,,,,,,
,,,,,,,,,,,,,
,,,,,,,,,,,,,
,,,,,,,,,,,,,
,,,,,,,,,,,,,
,,,,,,,,,,,,,
,,,,,,,,,,,,,
,,,,,,,,,,,,,
,,,,,,,,,,,,,
,,,,,,,,,,,,,
,,,,,,,,,,,,,
,,,,,,,,,,,,,
,,,,,,,,,,,,,
,,,,,,,,,,,,,
,,,,,,,,,,,,,
,,,,,,,,,,,,,
,,,,,,,,,,,,,
,,,,,,,,,,,,,
,,,,,,,,,,,,,
,,,,,,,,,,,,,
,,,,,,,,,,,,,
,,,,,,,,,,,,,
,,,,,,,,,,,,,
,,,,,,,,,,,,,
,,,,,,,,,,,,,
,,,,,,,,,,,,,
,,,,,,,,,,,,,
,,,,,,,,,,,,,
,,,,,,,,,,,,,
,,,,,,,,,,,,,
,,,,,,,,,,,,,
,,,,,,,,,,,,,
,,,,,,,,,,,,,
,,,,,,,,,,,,,
,,,,,,,,,,,,,
,,,,,,,,,,,,,
,,,,,,,,,,,,,
,,,,,,,,,,,,,
,,,,,,,,,,,,,
,,,,,,,,,,,,,
,,,,,,,,,,,,,
,,,,,,,,,,,,,
,,,,,,,,,,,,,
,,,,,,,,,,,,,
,,,,,,,,,,,,,
,,,,,,,,,,,,,
,,,,,,,,,,,,,
,,,,,,,,,,,,,
,,,,,,,,,,,,,
,,,,,,,,,,,,,
,,,,,,,,,,,,,
,,,,,,,,,,,,,
,,,,,,,,,,,,,
,,,,,,,,,,,,,
,,,,,,,,,,,,,
,,,,,,,,,,,,,
,,,,,,,,,,,,,
,,,,,,,,,,,,,
,,,,,,,,,,,,,
,,,,,,,,,,,,,
,,,,,,,,,,,,,
,,,,,,,,,,,,,
,,,,,,,,,,,,,
,,,,,,,,,,,,,
,,,,,,,,,,,,,
,,,,,,,,,,,,,
,,,,,,,,,,,,,
,,,,,,,,,,,,,
,,,,,,,,,,,,,
,,,,,,,,,,,,,
,,,,,,,,,,,,,
,,,,,,,,,,,,,
,,,,,,,,,,,,,
,,,,,,,,,,,,,
,,,,,,,,,,,,,
,,,,,,,,,,,,,
,,,,,,,,,,,,,
,,,,,,,,,,,,,
,,,,,,,,,,,,,
,,,,,,,,,,,,,
,,,,,,,,,,,,,
,,,,,,,,,,,,,
,,,,,,,,,,,,,
,,,,,,,,,,,,,
,,,,,,,,,,,,,
,,,,,,,,,,,,,
,,,,,,,,,,,,,
,,,,,,,,,,,,,
,,,,,,,,,,,,,
,,,,,,,,,,,,,
,,,,,,,,,,,,,
,,,,,,,,,,,,,
,,,,,,,,,,,,,
,,,,,,,,,,,,,
,,,,,,,,,,,,,
,,,,,,,,,,,,,
,,,,,,,,,,,,,
,,,,,,,,,,,,,
,,,,,,,,,,,,,
,,,,,,,,,,,,,
,,,,,,,,,,,,,
,,,,,,,,,,,,,
,,,,,,,,,,,,,
,,,,,,,,,,,,,
,,,,,,,,,,,,,
,,,,,,,,,,,,,
,,,,,,,,,,,,,
,,,,,,,,,,,,,
,,,,,,,,,,,,,
,,,,,,,,,,,,,
,,,,,,,,,,,,,
,,,,,,,,,,,,,
,,,,,,,,,,,,,
,,,,,,,,,,,,,
,,,,,,,,,,,,,
,,,,,,,,,,,,,
,,,,,,,,,,,,,
,,,,,,,,,,,,,
,,,,,,,,,,,,,
,,,,,,,,,,,,,
,,,,,,,,,,,,,
,,,,,,,,,,,,,
,,,,,,,,,,,,,
,,,,,,,,,,,,,
,,,,,,,,,,,,,
,,,,,,,,,,,,,
,,,,,,,,,,,,,
,,,,,,,,,,,,,
,,,,,,,,,,,,,
,,,,,,,,,,,,,
,,,,,,,,,,,,,
,,,,,,,,,,,,,
,,,,,,,,,,,,,
,,,,,,,,,,,,,
,,,,,,,,,,,,,
,,,,,,,,,,,,,
,,,,,,,,,,,,,
,,,,,,,,,,,,,
,,,,,,,,,,,,,
,,,,,,,,,,,,,
,,,,,,,,,,,,,
,,,,,,,,,,,,,
,,,,,,,,,,,,,
,,,,,,,,,,,,,
,,,,,,,,,,,,,
,,,,,,,,,,,,,
,,,,,,,,,,,,,
,,,,,,,,,,,,,
,,,,,,,,,,,,,
,,,,,,,,,,,,,
,,,,,,,,,,,,,
,,,,,,,,,,,,,
,,,,,,,,,,,,,
,,,,,,,,,,,,,
,,,,,,,,,,,,,
,,,,,,,,,,,,,
,,,,,,,,,,,,,
,,,,,,,,,,,,,
,,,,,,,,,,,,,
,,,,,,,,,,,,,
,,,,,,,,,,,,,
,,,,,,,,,,,,,
,,,,,,,,,,,,,
,,,,,,,,,,,,,
,,,,,,,,,,,,,
,,,,,,,,,,,,,
,,,,,,,,,,,,,
,,,,,,,,,,,,,
,,,,,,,,,,,,,
,,,,,,,,,,,,,
,,,,,,,,,,,,,
,,,,,,,,,,,,,
,,,,,,,,,,,,,
,,,,,,,,,,,,,
,,,,,,,,,,,,,
,,,,,,,,,,,,,
,,,,,,,,,,,,,
,,,,,,,,,,,,,
,,,,,,,,,,,,,
,,,,,,,,,,,,,
,,,,,,,,,,,,,
,,,,,,,,,,,,,
,,,,,,,,,,,,,
,,,,,,,,,,,,,
,,,,,,,,,,,,,
,,,,,,,,,,,,,
,,,,,,,,,,,,,
,,,,,,,,,,,,,
,,,,,,,,,,,,,
,,,,,,,,,,,,,
,,,,,,,,,,,,,
,,,,,,,,,,,,,
,,,,,,,,,,,,,
,,,,,,,,,,,,,
,,,,,,,,,,,,,
,,,,,,,,,,,,,
,,,,,,,,,,,,,
,,,,,,,,,,,,,
,,,,,,,,,,,,,
,,,,,,,,,,,,,
,,,,,,,,,,,,,
,,,,,,,,,,,,,
,,,,,,,,,,,,,
,,,,,,,,,,,,,
,,,,,,,,,,,,,
,,,,,,,,,,,,,
,,,,,,,,,,,,,
,,,,,,,,,,,,,
,,,,,,,,,,,,,
,,,,,,,,,,,,,
,,,,,,,,,,,,,
,,,,,,,,,,,,,
,,,,,,,,,,,,,
,,,,,,,,,,,,,
,,,,,,,,,,,,,
,,,,,,,,,,,,,
,,,,,,,,,,,,,
,,,,,,,,,,,,,
,,,,,,,,,,,,,
,,,,,,,,,,,,,
,,,,,,,,,,,,,
,,,,,,,,,,,,,
,,,,,,,,,,,,,
,,,,,,,,,,,,,
,,,,,,,,,,,,,
,,,,,,,,,,,,,
,,,,,,,,,,,,,
,,,,,,,,,,,,,
,,,,,,,,,,,,,
,,,,,,,,,,,,,
,,,,,,,,,,,,,
,,,,,,,,,,,,,
,,,,,,,,,,,,,
,,,,,,,,,,,,,
,,,,,,,,,,,,,
,,,,,,,,,,,,,
,,,,,,,,,,,,,
,,,,,,,,,,,,,
,,,,,,,,,,,,,
,,,,,,,,,,,,,
,,,,,,,,,,,,,
,,,,,,,,,,,,,
,,,,,,,,,,,,,
,,,,,,,,,,,,,
,,,,,,,,,,,,,
,,,,,,,,,,,,,
,,,,,,,,,,,,,
,,,,,,,,,,,,,
,,,,,,,,,,,,,
,,,,,,,,,,,,,
,,,,,,,,,,,,,
,,,,,,,,,,,,,
,,,,,,,,,,,,,
,,,,,,,,,,,,,
,,,,,,,,,,,,,
,,,,,,,,,,,,,
,,,,,,,,,,,,,
,,,,,,,,,,,,,
,,,,,,,,,,,,,
,,,,,,,,,,,,,
,,,,,,,,,,,,,
,,,,,,,,,,,,,
,,,,,,,,,,,,,
,,,,,,,,,,,,,
,,,,,,,,,,,,,
,,,,,,,,,,,,,
,,,,,,,,,,,,,
,,,,,,,,,,,,,
,,,,,,,,,,,,,
,,,,,,,,,,,,,
,,,,,,,,,,,,,
,,,,,,,,,,,,,
,,,,,,,,,,,,,
,,,,,,,,,,,,,
,,,,,,,,,,,,,
,,,,,,,,,,,,,
,,,,,,,,,,,,,
,,,,,,,,,,,,,
,,,,,,,,,,,,,
,,,,,,,,,,,,,
,,,,,,,,,,,,,
,,,,,,,,,,,,,
,,,,,,,,,,,,,
,,,,,,,,,,,,,
,,,,,,,,,,,,,
,,,,,,,,,,,,,
,,,,,,,,,,,,,
,,,,,,,,,,,,,
,,,,,,,,,,,,,
,,,,,,,,,,,,,
,,,,,,,,,,,,,
,,,,,,,,,,,,,
,,,,,,,,,,,,,
,,,,,,,,,,,,,
,,,,,,,,,,,,,
,,,,,,,,,,,,,
,,,,,,,,,,,,,
,,,,,,,,,,,,,
,,,,,,,,,,,,,
,,,,,,,,,,,,,
,,,,,,,,,,,,,
,,,,,,,,,,,,,
,,,,,,,,,,,,,
,,,,,,,,,,,,,
,,,,,,,,,,,,,
,,,,,,,,,,,,,
,,,,,,,,,,,,,
,,,,,,,,,,,,,
,,,,,,,,,,,,,
,,,,,,,,,,,,,
,,,,,,,,,,,,,
,,,,,,,,,,,,,
,,,,,,,,,,,,,
,,,,,,,,,,,,,
,,,,,,,,,,,,,
,,,,,,,,,,,,,
,,,,,,,,,,,,,
,,,,,,,,,,,,,
,,,,,,,,,,,,,
,,,,,,,,,,,,,
,,,,,,,,,,,,,
,,,,,,,,,,,,,
,,,,,,,,,,,,,
,,,,,,,,,,,,,
,,,,,,,,,,,,,
,,,,,,,,,,,,,
,,,,,,,,,,,,,
,,,,,,,,,,,,,
,,,,,,,,,,,,,
,,,,,,,,,,,,,
,,,,,,,,,,,,,
,,,,,,,,,,,,,
,,,,,,,,,,,,,
,,,,,,,,,,,,,
,,,,,,,,,,,,,
,,,,,,,,,,,,,
,,,,,,,,,,,,,
,,,,,,,,,,,,,
,,,,,,,,,,,,,
,,,,,,,,,,,,,
,,,,,,,,,,,,,
,,,,,,,,,,,,,
,,,,,,,,,,,,,
,,,,,,,,,,,,,
,,,,,,,,,,,,,
,,,,,,,,,,,,,
,,,,,,,,,,,,,
,,,,,,,,,,,,,
,,,,,,,,,,,,,
,,,,,,,,,,,,,
,,,,,,,,,,,,,
,,,,,,,,,,,,,
,,,,,,,,,,,,,
,,,,,,,,,,,,,
,,,,,,,,,,,,,
,,,,,,,,,,,,,
,,,,,,,,,,,,,
,,,,,,,,,,,,,
,,,,,,,,,,,,,
,,,,,,,,,,,,,
,,,,,,,,,,,,,
,,,,,,,,,,,,,
,,,,,,,,,,,,,
,,,,,,,,,,,,,
,,,,,,,,,,,,,
,,,,,,,,,,,,,
,,,,,,,,,,,,,
,,,,,,,,,,,,,
,,,,,,,,,,,,,
,,,,,,,,,,,,,
,,,,,,,,,,,,,
,,,,,,,,,,,,,
,,,,,,,,,,,,,
,,,,,,,,,,,,,
,,,,,,,,,,,,,
,,,,,,,,,,,,,
,,,,,,,,,,,,,
,,,,,,,,,,,,,
,,,,,,,,,,,,,
,,,,,,,,,,,,,
,,,,,,,,,,,,,
,,,,,,,,,,,,,
,,,,,,,,,,,,,
,,,,,,,,,,,,,
,,,,,,,,,,,,,
,,,,,,,,,,,,,
,,,,,,,,,,,,,
,,,,,,,,,,,,,
,,,,,,,,,,,,,
,,,,,,,,,,,,,
,,,,,,,,,,,,,
,,,,,,,,,,,,,
,,,,,,,,,,,,,
,,,,,,,,,,,,,
,,,,,,,,,,,,,
,,,,,,,,,,,,,
,,,,,,,,,,,,,
,,,,,,,,,,,,,
,,,,,,,,,,,,,
,,,,,,,,,,,,,
,,,,,,,,,,,,,
,,,,,,,,,,,,,
,,,,,,,,,,,,,
,,,,,,,,,,,,,
,,,,,,,,,,,,,
,,,,,,,,,,,,,
,,,,,,,,,,,,,
,,,,,,,,,,,,,
,,,,,,,,,,,,,
,,,,,,,,,,,,,
