Departmental Family,Entity,Date,Expense Type,Expense Area,Supplier,Transaction Number,Amount,Description ,Supplier Postcode,Supplier Type,Expenditure Type
Cabinet Office,CABINET OFFICE,03/03/2014,OTHER TRAVEL COSTS,OVERSEAS MISSIONS,AIR PARTNER PLC,3000045405,30000,Cost relating to the Prime Minister's planned trip to Israel,RH16 0PA,SME,Admin
Cabinet Office,CABINET OFFICE,03/03/2014,RESOURCE GRANTS PRIVATE SECTOR,COMMUNITY FIRST,OECD,3000045432,45000,UK contribution to funding of Organisation for Economic Co-operation and Development,FRANCE,Government Department,Grants
Cabinet Office,CABINET OFFICE,03/03/2014,RESOURCE GRANTS PRIVATE SECTOR,TSS STRATEGIC FUNDING,SCHOOL FOR SOCIAL ENTREPRENEURS,3000045406,52500,Strategic Partners Transition Programme grant ,E29PF,SME,Grants
Cabinet Office,CABINET OFFICE,03/03/2014,TELECOM RENTALS,TELEPHONE SERVICES,VODAFONE LTD,3000045429,55224.21,Mobile phone costs,MK35JP,Large,Admin
Cabinet Office,CABINET OFFICE,03/03/2014,INSIGNIA COSTS,HONOURS AND DIGNITIES,TREASURER TO THE QUEEN,3000045413,67422,Central Chancery charges for administration of Honours,SW1A1AA,Government Department,Programme
Cabinet Office,CABINET OFFICE,03/03/2014,CONTRACTORS & STAFF SUBSTITUTIONS,PUBLIC SERVICES NETWORK,CAPITA RESOURCING LTD,3000045395,81941.88,"Support for Public Service Network including development of technical standards, project management for the delivery of key services, stakeholder engagement and commercial advice.",DL19HN,Large,Programme
Cabinet Office,CABINET OFFICE,03/03/2014,CONSULTANTS VAT RECOVERABLE,DEVOLUTION TEAM,IPSOS MORI LTD,3000045431,93100,Market research into attitudes in Scotland to Scottish  independence ,SE11FY,Large,Admin
Cabinet Office,CABINET OFFICE,03/03/2014,RESOURCE GRANTS PRIVATE SECTOR,TSS STRATEGIC FUNDING,NAVCA,3000045407,132512,Strategic Partners Transition Programme Grant & Voice for Change England Merger,S1 4QL,SME,Grants
Cabinet Office,CABINET OFFICE,03/03/2014,PENSIONS ADMINISTRATION - ADDITIONAL COSTS  (MyCSP),SME CONTRACT MANAGMENT LEAD,MYCSP LTD,3000045388,143539.2,Pension administration charge,SK3 0XN,Large,Admin
Cabinet Office,CABINET OFFICE,03/03/2014,OTHER IS IT COSTS VAT RECOV,GPU POLICY AND STRATEGY ADMIN,CORPORATE DOCUMENT SERVICES LTD,3000045422,145527.11,ePIMS enhancements and development ,LS27LY,Large,Admin
Cabinet Office,CABINET OFFICE,03/03/2014,SECURITY AND CUSTODY SERVICES,GOVERNMENT SECURITY ZONE,METROPOLITAN POLICE AUTHORITY,3000045409,252500,Security funding for Whitehall Departments,SW61TR,Large,Programme
Cabinet Office,CABINET OFFICE,03/03/2014,RESOURCE GRANTS PRIVATE SECTOR,CHARITABLE GIVING,NESTA,3000045403,2000000,"Grant to find, test, and grow innovative models that will support embedding social action in the delivery of public services and to distribute through the Innovation Fund in accordance with the aims and objectives of the Centre for Social Action.",EC1A1DE,Large,Grants
Cabinet Office,CABINET OFFICE,03/03/2014,RESOURCE GRANTS TO NDPB'S,TECHNICAL ASSISTANCE,BIG LOTTERY FUND SOCIAL INCUBATOR FUND,3000045391,5706052,Grant to support start-up ventures in the social investment market ,NE14BE,Large,Grants
Cabinet Office,CABINET OFFICE,04/03/2014,ADDITIONS IT HARDWARE,GDS TRANSFORMATION,SPECIALIST COMPUTER CENTRES PLC,3000045520,25313.09,GOV.UK software development ,WA37PS,Large,Programme
Cabinet Office,CABINET OFFICE,04/03/2014,RESOURCE GRANTS LOCAL AUTHORIT,ERTP ERO CUSTOMER REGISTRATION,NEWCASTLE CITY COUNCIL,3000045510,25464,Funding to help with the costs of activities to maximise registration levels as part of the transition to Individual Electoral Registration.,NE992BN,Large,Grants
Cabinet Office,CABINET OFFICE,04/03/2014,RESOURCE GRANTS LOCAL AUTHORIT,ERTP ERO CUSTOMER REGISTRATION,LONDON BOROUGH OF GREENWICH,3000045513,26138,Funding to help with the costs of activities to maximise registration levels as part of the transition to Individual Electoral Registration.,SE186HQ,Large,Grants
Cabinet Office,CABINET OFFICE,04/03/2014,OTHER IS IT COSTS VAT RECOV,GDS BUSINESS TECHNOLOGY,WHATUSERSDO LTD,3000045474,27000,IT testing services,N79DP,SME,Programme
Cabinet Office,CABINET OFFICE,04/03/2014,RESOURCE GRANTS LOCAL AUTHORIT,ERTP ERO CUSTOMER REGISTRATION,LONDON BOROUGH OF ENFIELD,3000045515,27299,Funding to help with the costs of activities to maximise registration levels as part of the transition to Individual Electoral Registration.,EN13XF,Large,Grants
Cabinet Office,CABINET OFFICE,04/03/2014,RESOURCE GRANTS LOCAL AUTHORIT,ERTP ERO CUSTOMER REGISTRATION,LONDON BOROUGH OF LEWISHAM,3000045507,27644,Funding to help with the costs of activities to maximise registration levels as part of the transition to Individual Electoral Registration.,SE64RU,Large,Grants
Cabinet Office,CABINET OFFICE,04/03/2014,RESOURCE GRANTS LOCAL AUTHORIT,ERTP ERO CUSTOMER REGISTRATION,LONDON BOROUGH OF WESTMINSTER,3000045492,29840,Funding to help with the costs of activities to maximise registration levels as part of the transition to Individual Electoral Registration.,SW1E6QP,Large,Grants
Cabinet Office,CABINET OFFICE,04/03/2014,RESOURCE GRANTS LOCAL AUTHORIT,ERTP ERO CUSTOMER REGISTRATION,LONDON BOROUGH OF SOUTHWARK,3000045436,29866,Funding to help with the costs of activities to maximise registration levels as part of the transition to Individual Electoral Registration.,SE1P4DJ,Large,Grants
Cabinet Office,CABINET OFFICE,04/03/2014,RESOURCE GRANTS LOCAL AUTHORIT,ERTP ERO CUSTOMER REGISTRATION,LONDON BOROUGH OF NEWHAM,3000045489,32239,Funding to help with the costs of activities to maximise registration levels as part of the transition to Individual Electoral Registration.,E162QU,Large,Grants
Cabinet Office,CABINET OFFICE,04/03/2014,OTHER IS IT COSTS VAT RECOV,GDS TRANSFORMATION,PARITY RESOURCES LTD,3000045446,43399.52,Payment for interim IT specialists ,EC2A3DR,SME,Programme
Cabinet Office,CABINET OFFICE,04/03/2014,OTHER IS IT COSTS VAT RECOV,GDS PUBLISHING PLATFORM TECHNOLOGY,SKYSCAPE CLOUD SERVICES LTD,3000045444,53103.5,GOV.UK software development ,GU140LX,SME,Programme
Cabinet Office,CABINET OFFICE,04/03/2014,CONTRACTORS & STAFF SUBSTITUTIONS,GDS BUSINESS TECHNOLOGY,SKYSCAPE CLOUD SERVICES LTD,3000045444,76071.09,GOV.UK software development,GU140LX,SME,Programme
Cabinet Office,CABINET OFFICE,04/03/2014,OTHER IS IT COSTS VAT RECOV,GDS TRANSFORMATION,SPECIALIST COMPUTER CENTRES PLC,3000045520,81109.6,GOV.UK software development,WA37PS,Large,Programme
Cabinet Office,CABINET OFFICE,04/03/2014,OTHER IS IT COSTS VAT RECOV,GDS TRANSFORMATION,KAINOS SOFTWARE LTD,3000045447,204722.91,GDS transformation project costs,BT71NT,SME,Programme
Cabinet Office,CABINET OFFICE,04/03/2014,GRANT IN AID PRIVATE SECTOR,NCS IMB,NCS TRUST CIC,3000045477,321332,National Citizen Service contract, W1W5BB,Large,Grants
Cabinet Office,CABINET OFFICE,04/03/2014,OTHER IS IT COSTS VAT RECOV,GDS PUBLISHING PLATFORM TECHNOLOGY,SPECIALIST COMPUTER CENTRES PLC,3000045520,324078.73,GOV.UK software development,WA37PS,Large,Programme
Cabinet Office,CABINET OFFICE,04/03/2014,CAPITAL GRANTS LOCAL AUTH-CDEL,ERTP ERO DIGITAL,MANCHESTER CITY COUNCIL,3000045503,430000,"Design and development work to enable local authority Electoral Management Systems to interface with, and handle the additional data provided by, the new Individual Electoral Digital Service ",ERS M602LA,Large,Programme
Cabinet Office,CABINET OFFICE,04/03/2014,NON PRIME PROPERTY COSTS,GDS BUSINESS AND OFFICE COSTS,FOOD STANDARDS AGENCY,3000045522,476580.52,Rent for accommodation,YO17PX,Large,Programme
Cabinet Office,CABINET OFFICE,04/03/2014,RESOURCE GRANTS PRIVATE SECTOR,CHARITABLE GIVING,ITV TEXT SANTA LTD,3000045478,500000,"Grant to provide match funding to support the ITV 'Take a Moment' campaign, distributed between 6 charities.",ERS SE19LT,SME,Grants
Cabinet Office,CABINET OFFICE,04/03/2014,OTHER IS IT COSTS VAT RECOV,GDS ID ASSURANCE,THOUGHTWORKS LTD,3000045450,577515.5,Identity Assurance Programme project costs,USA,Large,Programme
Cabinet Office,CABINET OFFICE,05/03/2014,CENTRAL TRAINING CONTRACTS VAT RECOVERABLE,HR DEVELOPING CAPABILITY TEAM,OXFORD SAID BUSINESS SCHOOL LTD,3000045568,25000,Major Projects Leadership Academy training scheme costs ,OX15NY,SME,Admin
Cabinet Office,Government Procurement Service,05/03/2014,"FM Contracting Model, technical expertise",Property,ATKINS LTD,PINDOH 38070,27200,Facilities Management Services ,KT19 8DX,Large,Admin
Cabinet Office,CABINET OFFICE,05/03/2014,CALL CHARGES,ICT SERVICES,BT,3000045571,28226.07,Telephony charges,NW96LB,large,Admin
Cabinet Office,CABINET OFFICE,05/03/2014,CONSULTANTS VAT RECOVERABLE,MUTUALS,RED QUADRANT,3000045541,29651,Support provided under the Mutuals Support Programme for aspiring public service mutuals,SW81SZ,Large,Programme
Cabinet Office,CABINET OFFICE,05/03/2014,CONSULTANTS VAT RECOVERABLE,ERG NEXT GENERATION SHARED SERVICES,MOKUM CHANGE MANAGEMENT LTD,3000045549,30000,Legal services,E14 9XQ,SME,Admin
Cabinet Office,CABINET OFFICE,05/03/2014,ADDITIONS - FH NON RES BLDGS,MODERNISATION PROGRAMME DS 13/14,BOUYGUES E&S FM UK LTD,3000045552,31806.13,Facilities Management Services,BN11HG,Large,Admin
Cabinet Office,CABINET OFFICE,05/03/2014,OTHER IS IT COSTS VAT RECOV,HOSTING SERVICES CONSOLIDATION,AFFINITY DIGITAL TECHNOLOGY LTD,3000045547,40040,G-Cloud development and hosting sevices ,TR12PQ,Large,Programme
Cabinet Office,CABINET OFFICE,05/03/2014,PROFESSIONAL ADVICE & OPINION VAT RECOVERABLE,ERG CIVIL SERVICE PEOPLE SURVEY,ORC INTERNATIONAL LIMITED,3000045551,44615,Delivery of the Civil Service People Survey 2013,EC1V2NT,SME,Admin
Cabinet Office,CABINET OFFICE,05/03/2014,CONTRACTORS & STAFF SUBSTITUTIONS,GDS BUS DEV CONSULTANT AND STAFF COSTS,CAPITA RESOURCING LTD,3000045555,45067.11,Payment for interim IT specialists ,DL19HN,Large,Programme
Cabinet Office,CABINET OFFICE,05/03/2014,OTHER IS IT COSTS VAT RECOV,CCS RESILIENT TELECOMMUNICATIONS,CORPORATE DOCUMENT SERVICES LTD,3000045579,55275.2,ePims enhancement ,LS27LY,Large,Programme
Cabinet Office,CABINET OFFICE,05/03/2014,LEGAL ADVICE FROM TSOL,CENTRAL LEGAL COSTS,TREASURY SOLICITOR TSOL,3000045560,63182.74,Legal services ,E145LB,Government Department,Admin
Cabinet Office,CABINET OFFICE,05/03/2014,ADDITIONS IT HARDWARE,PUBLIC SERVICES NETWORK,TRUSTIS,3000045533,63532.68,"Build, implementation and accreditation of the Public Sector Internal Identity Federation public key infrastructure and production of documentation for scheme assessment ",RG196HN,Large,Programme
Cabinet Office,CABINET OFFICE,05/03/2014,OTHER IS IT COSTS VAT RECOV,GDS TRANSFORMATION,VALTECH LTD,3000045534,63965,GDS transformation project costs,EC1A4JQ,SME,Programme
Cabinet Office,CABINET OFFICE,05/03/2014,CONTRACTORS & STAFF SUBSTITUTIONS,GDS BUS DEV CONSULTANT AND STAFF COSTS,CAPITA RESOURCING LTD,3000045556,93533.29,Payment for interim IT specialists,DL19HN,Large,Programme
Cabinet Office,CABINET OFFICE,05/03/2014,SOFTWARE LEASE/LICENSE,PUBLIC SERVICES NETWORK,AURION PRO SOLUTIONS PLC,3000045528,94320,Public Sector Internal Identity Federation Pilot User Licences ,YO113BT,Large,Programme
Cabinet Office,CABINET OFFICE,05/03/2014,ADDITIONS -AUC IT FEES NON VAT REC,ERTP ERO DIGITAL,SPECIALIST COMPUTER CENTRE PLC,3000045580,95233.74,Digital support for the business change from household to individual electoral registration ,B112LE,Large,Programme
Cabinet Office,CABINET OFFICE,05/03/2014,ADDITIONS IT HARDWARE,ANNUALLY MANAGED EXPENDITURE,GCHQ,3000045594,121298.29,"IT hardware to support the formation of CERT UK, which is a key component of the UK’s cyber security strategy. This will protect UK businesses by facilitating the sharing of information on cyber threats in real time using a secure virtual ‘collaboration environment’.  ",GL510EX1,Government Department,Admin
Cabinet Office,CABINET OFFICE,06/03/2014,RESOURCE GRANTS LOCAL AUTHORIT,ERTP ERO CUSTOMER REGISTRATION,LONDON BOROUGH OF HARINGEY,3000045611,28020,Funding to help with the costs of activities to maximise registration levels as part of the transition to Individual Electoral Registration.,N227TR,Large,Grants
Cabinet Office,CABINET OFFICE,06/03/2014,CONTRACTORS & STAFF SUBSTITUTIONS,GDS ID ASSURANCE,CAPITA RESOURCING LTD,3000045616,30708.71,Payment for interim IT specialists ,DL19HN,Large,Programme
Cabinet Office,CABINET OFFICE,06/03/2014,CONTRACTORS & STAFF SUBSTITUTIONS,GDS ID ASSURANCE,CAPITA RESOURCING LTD,3000045617,32011.4,Payment for interim IT specialists ,DL19HN,Large,Programme
Cabinet Office,CABINET OFFICE,06/03/2014,CONTRACTORS & STAFF SUBSTITUTIONS,GDS BUS DEV CONSULTANT AND STAFF COSTS,CAPITA RESOURCING LTD,3000045616,86635.98,Payment for interim IT specialists,DL19HN,Large,Programme
Cabinet Office,CABINET OFFICE,06/03/2014,CONTRACTORS & STAFF SUBSTITUTIONS,GDS BUS DEV CONSULTANT AND STAFF COSTS,CAPITA RESOURCING LTD,3000045617,164790.64,Payment for interim IT specialists,DL19HN,Large,Programme
Cabinet Office,CABINET OFFICE,07/03/2014,CONTRACTORS & STAFF SUBSTITUTIONS,GPU POLICY AND STRATEGY ADMIN,ERNST & YOUNG LLP,3000045668,39864,Payment for interim IT specialists,SE17EU,Large,Admin
Cabinet Office,CABINET OFFICE,07/03/2014,Research and Development (VAT recoverable),GDS TRANSFORMATION,DMS CUSTOM INSTALL LTD,3000045681,62818.67,IT testing services,RG412PQ,SME,Programme
Cabinet Office,CABINET OFFICE,07/03/2014,CONSULTANTS VAT RECOVERABLE,ISSC2,ERNST & YOUNG LLP,3000045668,121977.79,"Support for the Independent Shared Service Centre 2 project, including development of financial models, business transfer agreements, transitional arrangements for services and assets, and stakeholder engagement.",SE17EU,Large,Admin
Cabinet Office,CABINET OFFICE,07/03/2014,OTHER IS IT COSTS VAT RECOV,GDS TRANSFORMATION,THOUGHTWORKS LTD,3000045660,213366,GDS transformation project costs,USA,Large,Programme
Cabinet Office,CABINET OFFICE,10/03/2014,OTHER IS IT COSTS VAT RECOV,GROWTH DE AND CONTROLS,KAINOS SOFTWARE LTD,3000045717,40750,Support and maintenance of HMG Controls Tool,BT71NT,SME,Admin
Cabinet Office,CABINET OFFICE,10/03/2014,OTHER IS IT COSTS VAT RECOV,GDS PUBLISHING PLATFORM TECHNOLOGY,SPECIALIST COMPUTER CENTRES PLC,3000045708,50347.83,GOV.UK software development ,WA37PS,Large,Programme
Cabinet Office,CABINET OFFICE,10/03/2014,OTHER IS IT COSTS VAT RECOV,G CLOUD,6POINT6 LTD,3000045694,54416,G-Cloud project costs,SE13UY,SME,Programme
Cabinet Office,CABINET OFFICE,11/03/2014,RESOURCE GRANTS PRIVATE SECTOR,CENTRE FOR SOCIAL ACTION,POST OFFICE LTD,3000045746,26453,Funding for proposals to support post masters in tackling key social issues in their local areas  ,BL49XX,Large,Grants
Cabinet Office,CABINET OFFICE,11/03/2014,RESOURCE GRANTS PRIVATE SECTOR,CHARITABLE GIVING,NESTA,3000045730,1000000,"Grant to help find, test and grow innovative models that will support embedding social action in the delivery of public services and to distribute funding through the Innovation Fund in accordance with the aims and objectives of the Centre for Social Action.",EC1A1DE,Large,Grants
Cabinet Office,CABINET OFFICE,12/03/2014,CONTRACTORS & STAFF SUBSTITUTIONS,ELECTORAL REGISTRATION TRANSFORMATION PROGRAMME,CAPITA RESOURCING LTD,3000045758,27510.36,Costs for 2 contractors in the Electoral Registration Transformation Programme ,DL19HN,Large,Programme
Cabinet Office,CABINET OFFICE,12/03/2014,RESOURCE GRANTS LOCAL AUTHORIT,ERTP ERO CUSTOMER REGISTRATION,LANARKSHIRE VALUATION JOINT BOARD,3000045792,36691.2,Funding to help with the costs of activities to maximise registration levels as part of the transition to Individual Electoral Registration.,ML30LU,Large,Grants
Cabinet Office,CABINET OFFICE,12/03/2014,CONTRACTORS & STAFF SUBSTITUTIONS,PUBLIC SERVICES NETWORK,CAPITA RESOURCING LTD,3000045759,38334.18,"Support for Public Service Network including development of technical standards, project management for the delivery of key services, stakeholder engagement and commercial advice.",DL19HN,Large,Programme
Cabinet Office,CABINET OFFICE,12/03/2014,PENSIONER PAYROLL CONTRACTOR,SME CONTRACT MANAGMENT LEAD,MYCSP LTD,3000045787,44257.65,Pension administration charge,SK3 0XN,Large,Admin
Cabinet Office,CABINET OFFICE,12/03/2014,CONSULTANTS VAT RECOVERABLE,PARLIAMENTARY COUNSEL,THE NATIONAL ARCHIVES 9014,3000045778,44680.79,"Development of Legislation, Drafting, Amending and Publishing software tool for use by The National Archive, The House Authorities and some devolved administrations",TW94DU,Large,Admin
Cabinet Office,CABINET OFFICE,12/03/2014,CONTRACTORS & STAFF SUBSTITUTIONS,PUBLIC SERVICES NETWORK,CAPITA RESOURCING LTD,3000045758,53978.22,"Support for Public Service Network including development of technical standards, project management for the delivery of key services, stakeholder engagement and commercial advice.",DL19HN,Large,Programme
Cabinet Office,CABINET OFFICE,12/03/2014,SUNNINGDALE PARK PFI CHARGE,NSG TRANSITION COSTS,DE VERE VENUES LTD,3000045789,224914.81,PFI Service charge ,SL50QE,Large,Admin
Cabinet Office,CABINET OFFICE,13/03/2014,TELECOM RENTALS,TELEPHONE SERVICES,VODAFONE LTD,3000045806,25803.16,Mobile phone costs,MK35JP,Large,Admin
Cabinet Office,CABINET OFFICE,13/03/2014,PUBLICITY ADVERTISING MEDIA,GREAT CAMPAIGN PROGRAMME,VISUAL ARTISTS LTD,3000045815,29650,GREAT Campaign,WC2H8LS,SME,Programme
Cabinet Office,CABINET OFFICE,13/03/2014,RESOURCE GRANTS PRIVATE SECTOR,TECHNICAL ASSISTANCE,LAW COMMISSION,3000045817,37500,Grant to deliver a new social investment duty for charity trustees.,SW1H9AG,Government Department,Grants
Cabinet Office,CABINET OFFICE,13/03/2014,OTHER IS IT COSTS VAT RECOV,GPU POLICY AND STRATEGY ADMIN,CORPORATE DOCUMENT SERVICES LTD,3000045802,47436.48,ePIMS support and maintenance ,LS27LY,Large,Admin
Cabinet Office,CABINET OFFICE,13/03/2014,RESOURCE GRANTS PRIVATE SECTOR,TECHNICAL ASSISTANCE,UNLTD THE FOUNDATION FOR SOCIAL ENTREPRENEURS,3000045825,49000,"Global Social Entrepreneurs Network project grant, to support individuals whose ventures are firmly rooted in delivering positive social change ",ERS EC1Y8JJ,Large,Grants
Cabinet Office,CABINET OFFICE,13/03/2014,LEGAL ADVICE FROM TSOL,CENTRAL LEGAL COSTS,TREASURY SOLICITOR TSOL,3000045845,72653.58,Legal services ,E145LB,Government Department,Admin
Cabinet Office,CABINET OFFICE,13/03/2014,CONSULTANCY SERVICES  'NOT' RECOVERABLE,ISSC2,PRICEWATERHOUSE COOPERS LLP,1000956,78144,"Support for the Independent Shared Service Centre 2 project, including development of financial models, business transfer agreements, transitional arrangements for services and assets, and stakeholder engagement.",SE12RD,Large,Admin
Cabinet Office,Government Procurement Service,13/03/2014,Legal services fee,Legal Services,Treasury Solicitors,PINDOH 38107,94571.44,Legal services,WC2B 4TS,Large,Admin
Cabinet Office,CABINET OFFICE,13/03/2014,SERVICE PAYMENTS,STERIA SHARED SERVICES,SHARED SERVICES CONNECTED LTD,3000045823,129714.52,Shared services cost,M140WN,Large,Admin
Cabinet Office,CABINET OFFICE,13/03/2014,GRANT FUND MANAGEMENT,CENTRE FOR SOCIAL ACTION,SOCIAL INVESTMENT BUSINESS,3000045858,144954,Administration of the Investment and Contract Readiness Fund,WC1H8AG,SME,Grants
Cabinet Office,CABINET OFFICE,13/03/2014,PENSIONER PAYROLL CONTRACTOR,ROYAL MAIL SERVICE PENSIONS,ROYAL MAIL GROUP LTD,3000045820,394963.75,Royal Mail Statutory Pension Scheme administration charge,BL49XX,Large,Admin
Cabinet Office,CABINET OFFICE,13/03/2014,STAFF RELATED COSTS,KNOWLEDGE MANAGEMENT,THE COPYRIGHT LICENSING AGENCY,3000045847,749427.6,Aggregated Copyright Licence for UK Government Departments ,EC1N8TS,Large,Admin
Cabinet Office,CABINET OFFICE,13/03/2014,PENSIONS ADMINISTRATION - ADDITIONAL COSTS  (MyCSP),SME CONTRACT MANAGMENT LEAD,MYCSP LTD,3000045829,3726904.8,Pension administration charge,SK30XN,Large,Admin
Cabinet Office,CABINET OFFICE,14/03/2014,RESOURCE GRANTS PRIVATE SECTOR,COMMUNITY FIRST,NEW PHILANTHROPHY CAPITAL,1000959,50000,Impact Measurement working group funding to support the work of the Social Impact Investment Taskforce ,SE19BG,Large,Grants
Cabinet Office,CABINET OFFICE,14/03/2014,OTHER IS IT COSTS VAT RECOV,GDS TRANSFORMATION,KAINOS SOFTWARE LTD,3000045911,108040,GDS transformation project costs,BT71NT,SME,Programme
Cabinet Office,CABINET OFFICE,14/03/2014,RESOURCE GRANTS PRIVATE SECTOR,CENTRE FOR SOCIAL ACTION,SOCIAL INVESTMENT BUSINESS,1000958,551550.9,Investment and Contract Readiness Fund grant ,WC1H8AG,SME,Grants
Cabinet Office,Government Procurement Service,17/03/2014,Whitehall heating systems management,Whitehall District Heating Systems,Cofely,PINVP2P 2601,384.07,Whitehall heating systems management,HP12 3TA,Large,Programme
Cabinet Office,Government Procurement Service,17/03/2014,Whitehall heating systems management,Whitehall District Heating Systems,Cofely,PINVP2P 2603,25094.71,Whitehall heating systems management,HP12 3TA,Large,Programme 
Cabinet Office,CABINET OFFICE,17/03/2014,FM CONTRACT PROFITS,TOTAL FM CONTRACT,BOUYGUES E&S FM UK LTD,3000045929,25205.64,Facilities Management Services ,BN11HG,Large,Admin
Cabinet Office,Government Procurement Service,17/03/2014,Whitehall heating systems management,Whitehall Standby Dist Systems,Cofely,PINVP2P 2599,39509.78,Whitehall heating systems management,HP12 3TA,Large,Programme 
Cabinet Office,Government Procurement Service,17/03/2014,Whitehall heating systems management,Whitehall Standby Dist Systems,Cofely,PINVP2P 2605,39509.78,Whitehall heating systems management,HP12 3TA,Large,Programme
Cabinet Office,CABINET OFFICE,17/03/2014,FM CONTRACT FIXED COSTS,ADMIRALTY ARCH,BOUYGUES E&S FM UK LTD,3000045929,45145.63,Facilities Management Services ,BN11HG,Large,Admin
Cabinet Office,CABINET OFFICE,17/03/2014,FM CONTRACT FIXED COSTS,ROSEBERY COURT FM CONTRACT,MITIE BUSINESS SERVICES LTD,3000045943,49299.23,Facilities Management Services ,SE12QG,Large,Admin
Cabinet Office,Government Procurement Service,17/03/2014,Whitehall heating systems management,Whitehall District Heating Systems,Cofely,PINVP2P 2600,63322.21,Whitehall heating systems management,HP12 3TA,Large,Programme 
Cabinet Office,Government Procurement Service,17/03/2014,Whitehall heating systems management,Whitehall District Heating Systems,Cofely,PINVP2P 2604,63322.21,Whitehall heating systems management,HP12 3TA,Large,Programme 
Cabinet Office,CABINET OFFICE,17/03/2014,RESOURCE GRANTS LOCAL AUTHORIT,ERTP ERO CUSTOMER REGISTRATION,LOTHIAN VALUATION JOINT BOARD,3000045939,72299,Funding to help with the costs of activities to maximise registration levels as part of the transition to Individual Electoral Registration.,EH88BG,Large,Grants
Cabinet Office,CABINET OFFICE,17/03/2014,OFFICE EQUIPMENT - CURRENT,ICT SERVICES,WHITEHALL TV SERVICES,3000045925,83640,"Provision, maintenance and support costs for digital display units, including compatible infrastructure upgrade",SE109LZ,SME,Admin
Cabinet Office,Government Procurement Service,17/03/2014,Whitehall heating systems management,Whitehall District Heating Systems,Cofely,PINVP2P 2601,146362.85,Whitehall heating systems management,HP12 3TA,Large,Programme 
Cabinet Office,Government Procurement Service,17/03/2014,Whitehall heating systems management,Whitehall District Heating Systems,Cofely,PINVP2P 2603,161624.83,Whitehall heating systems management,HP12 3TA,Large,Programme 
Cabinet Office,CABINET OFFICE,17/03/2014,RESOURCE GRANTS PRIVATE SECTOR,CENTRE FOR SOCIAL ACTION,THE JOIN IN TRUST,3000045953,250000,"Grant funding for the Join In Trust Limited, an Olympics inspired project to encourage participation in sport by young people.",EC4A3AE,SME,Grants
Cabinet Office,CABINET OFFICE,17/03/2014,OTHER IS IT COSTS VAT RECOV,CISP,SUREVINE LTD,3000045920,302700.49,"IT hardware to support the formation of CERT UK, which is a key component of the UK’s cyber security strategy. This will protect UK businesses by facilitating the sharing of information on cyber threats in real time using a secure virtual ‘collaboration environment’.  ",GU19ND,SME,Programme
Cabinet Office,CABINET OFFICE,17/03/2014,FM CONTRACT FIXED COSTS,TOTAL FM CONTRACT,BOUYGUES E&S FM UK LTD,3000045929,535526.84,Facilities Management Services ,BN11HG,Large,Admin
Cabinet Office,CABINET OFFICE,17/03/2014,RESOURCE GRANTS PRIVATE SECTOR,CENTRE FOR SOCIAL ACTION,THE ALZHEIMERS SOCIETY,3000045942,935277,Grant to ensure that by 2015 1million people have received basic dementia awareness training to support action on dementia in communities.,E1W1LB,Large,Grants
Cabinet Office,CABINET OFFICE,17/03/2014,RESOURCE GRANTS PRIVATE SECTOR,COMMUNITY FIRST,COMMUNITY DEVELOPMENT FOUNDATION,3000045956,3299582.5,Neighbourhood Matched Fund grant ,EC1V2PT,Large,Grants
Cabinet Office,CABINET OFFICE,18/03/2014,CONTRACTORS & STAFF SUBSTITUTIONS,GDS BUS DEV CONSULTANT AND STAFF COSTS,CREATIVE CHOICE CIC,3000045994,30900.94,Payment for interim IT specialists ,KT12SZ,SME,Programme
Cabinet Office,CABINET OFFICE,18/03/2014,CONSULTANTS VAT RECOVERABLE,ERG COMMERCIAL REFORM,PRICEWATERHOUSE COOPERS,1000961,159930,Support for the Commercial Reform Programme,SE12RD,Large,Admin
Cabinet Office,CABINET OFFICE,18/03/2014,CONSULTANTS VAT RECOVERABLE,ERG COMMERCIAL REFORM,PRICEWATERHOUSE COOPERS,1000960,191000,Support for the Commercial Reform Programme,SE12RD,Large,Admin
Cabinet Office,CABINET OFFICE,18/03/2014,CONSULTANTS VAT RECOVERABLE,ERG COMMERCIAL REFORM,PRICEWATERHOUSE COOPERS,1000963,220960,Support for the Commercial Reform Programme,SE12RD,Large,Admin
Cabinet Office,CABINET OFFICE,18/03/2014,CONSULTANTS VAT RECOVERABLE,ERG COMMERCIAL REFORM,PRICEWATERHOUSE COOPERS,1000962,346777.88,Support for the Commercial Reform Programme,SE12RD,Large,Admin
Cabinet Office,CABINET OFFICE,18/03/2014,RESOURCE GRANTS PRIVATE SECTOR,COMMUNITY ORGANISERS,LOCALITY,3000045997,892490,Support for the Community Organisers programme,N16DR,Large,Programme
Cabinet Office,CABINET OFFICE,19/03/2014,LEGAL ADVICE FROM TSOL,CENTRAL LEGAL COSTS,TREASURY SOLICITOR TSOL,3000046026,52696.86,Legal services ,E145LB,Government Department,Admin
Cabinet Office,CABINET OFFICE,19/03/2014,MANAGEMENT CONFERENCES,GDS COMMUNICATIONS AND CREATIVE,CALDER WORLD OF TRAVEL,3000046048,85328.92,"Sprint Events costs. The first of two events was to showcase major new digital public services to approximately 400 people across government, suppliers and the media. The second was to launch a a cross government community of web editors, content designers and publishers to build a network of peers to drive innovation and best practice across the GOV.UK community. ",LS166RF,SME,Programme
Cabinet Office,CABINET OFFICE,19/03/2014,FM CONTRACT VARIABLE,ESTATE CONSOLIDATION,BOUYGUES E&S FM UK LTD,3000046049,134063.54,Facilities Management Services ,BN11HG,Large,Admin
Cabinet Office,CABINET OFFICE,19/03/2014,ADDITIONSAUC F/H RES CONSULTANCY (FEES) VAT REC,70 WHITEHALL,BOUYGUES E&S FM UK LTD,3000046049,469465.57,Facilities Management Services ,BN11HG,Large,Programme
Cabinet Office,CABINET OFFICE,19/03/2014,ADDITIONSAUC F/H NON RES BLDGS,70 WHITEHALL,BOUYGUES E&S FM UK LTD,3000046049,560820.77,Facilities Management Services ,BN11HG,Large,Programme
Cabinet Office,CABINET OFFICE,20/03/2014,ADDITIONS IT HARDWARE,CISP,SPECIALIST COMPUTER CENTRES PLC,3000046118,29746.2,"IT hardware to support the formation of CERT UK, which is a key component of the UK’s cyber security strategy. This will protect UK businesses by facilitating the sharing of information on cyber threats in real time using a secure virtual ‘collaboration environment’.  ",WA37PS,Large,Programme
Cabinet Office,CABINET OFFICE,20/03/2014,CONTRACTORS & STAFF SUBSTITUTIONS,PUBLIC SERVICES NETWORK,CAPITA RESOURCING LTD,3000046120,34932.31,"Support for Public Service Network including development of technical standards, project management for the delivery of key services, stakeholder engagement and commercial advice.",DL19HN,Large,Programme
Cabinet Office,CABINET OFFICE,20/03/2014,ADDITIONS IT HARDWARE,ICT SERVICES,SPECIALIST COMPUTER CENTRE PLC,3000046148,41184.86,WIFi LAN infrastructure and Wireless access points cost,B112LE,Large,Admin
Cabinet Office,CABINET OFFICE,20/03/2014,CONTRACTORS & STAFF SUBSTITUTIONS,GDS BUS DEV CONSULTANT AND STAFF COSTS,CAPITA RESOURCING LTD,3000046120,57813.43,Payment for interim IT specialists,DL19HN,Large,Programme
Cabinet Office,CABINET OFFICE,20/03/2014,CONSULTANTS VAT RECOVERABLE,ISSC2,ERNST & YOUNG LLP,1000965,127027.16,"Support for the Independent Shared Service Centre 2 project, including development of financial models, business transfer agreements, transitional arrangements for services and assets, and stakeholder engagement.",SE17EU,Large,Admin
Cabinet Office,CABINET OFFICE,20/03/2014,CONTRACTORS & STAFF SUBSTITUTIONS,PUBLIC SERVICES NETWORK,CAPITA RESOURCING LTD,3000046119,145023.11,"Support for Public Service Network including development of technical standards, project management for the delivery of key services, stakeholder engagement and commercial advice.",DL19HN,Large,Programme
Cabinet Office,CABINET OFFICE,20/03/2014,OTHER IS IT COSTS VAT RECOV,CISP,SUREVINE LTD,3000046097,237253.42,"IT hardware to support the formation of CERT UK, which is a key component of the UK’s cyber security strategy. This will protect UK businesses by facilitating the sharing of information on cyber threats in real time using a secure virtual ‘collaboration environment’.  ",GU19ND,SME,Programme
Cabinet Office,CABINET OFFICE,20/03/2014,CONTRACTORS & STAFF SUBSTITUTIONS,GDS BUS DEV CONSULTANT AND STAFF COSTS,CAPITA RESOURCING LTD,3000046119,264729.28,Payment for interim IT specialists,DL19HN,Large,Programme
Cabinet Office,CABINET OFFICE,20/03/2014,RESOURCE GRANTS PRIVATE SECTOR,TECHNICAL ASSISTANCE,SOCIAL INVESTMENT BUSINESS,1000964,2036873,Investment and Contract Readiness Fund grant ,WC1H8AG,SME,Grants
Cabinet Office,CABINET OFFICE,20/03/2014,PENSIONER PAYROLL CONTRACTOR,SME CONTRACT MANAGMENT LEAD,MYCSP LTD,3000046094,2729547.99,Pension administration charge,SK30XN,Large,Admin
Cabinet Office,CABINET OFFICE,20/03/2014,RESOURCE GRANTS PRIVATE SECTOR,YOUTH POLICY,DFE RM SHARED SERVICES,3000046101,4293191,Youth Policy Work transfer costs from DfE to the Cabinet Office,CF143UW,Government Department,Grants
Cabinet Office,CABINET OFFICE,21/03/2014,PUBLICITY ADVERTISING MEDIA,GREAT CAMPAIGN PROGRAMME,SOLUS STRATEGIC LTD,3000046175,25708,GREAT Campaign,IM72EB,SME,Programme
Cabinet Office,CABINET OFFICE,21/03/2014,STAFF RELATED COSTS,ERG FRD TEAM,EVODIA LTD,3000046195,28800,Management of high-volume recruitment exercises ,GU97LW,SME,Admin
Cabinet Office,CABINET OFFICE,21/03/2014,CONTRACTORS & STAFF SUBSTITUTIONS,GDS BUS DEV CONSULTANT AND STAFF COSTS,CAPITA BUSINESS SERVICES LTD,3000046194,31731.13,Payment for interim IT specialists ,DL19HN,Large,Programme
Cabinet Office,CABINET OFFICE,21/03/2014,CONSULTANTS VAT RECOVERABLE,MUTUALS,FIELD FISHER WATERHOUSE LLP,3000046259,32509.13,Support provided under the Mutuals Support Programme for aspiring public service mutuals,EC3N2AA,Large,Programme
Cabinet Office,CABINET OFFICE,21/03/2014,TELECOM RENTALS,CCS RESILIENT TELECOMMUNICATIONS,MINISTRY OF DEFENCE,3000046279,46556.81,High Integrity Telecomms System project costs,SW1A2HB,Government Department,Programme
Cabinet Office,CABINET OFFICE,21/03/2014,PROFESSIONAL SERVICES NON VAT RECOVERABLE,ELECTIONS AND DEMOCRACY DIVISION PROGRAMME,HANSARD SOCIETY LTD,3000046246,53298.77,Cabinet Office contribution to the funding of the Hansard Society's 11th Audit of Political Engagement.,EC2V8EA,SME,Programme
Cabinet Office,CABINET OFFICE,21/03/2014,CONSULTANTS VAT RECOVERABLE,CERT,RISUAL LTD,3000046196,56500,"IT hardware to support the formation of CERT UK, which is a key component of the UK’s cyber security strategy. This will protect UK businesses by facilitating the sharing of information on cyber threats in real time using a secure virtual ‘collaboration environment’.  ",ST180WP,SME,Programme
Cabinet Office,CABINET OFFICE,21/03/2014,CONSULTANTS VAT RECOVERABLE,ERG COMMERCIAL REFORM,PRICEWATERHOUSE COOPERS LLP,1000967,85918.5,Support for the Commercial Reform Programme,SE12RD,Large,Admin
Cabinet Office,CABINET OFFICE,21/03/2014,ADDITIONSAUC F/H NON RES BLDGS,70 WHITEHALL,BOUYGUES E&S FM UK LTD,3000046233,100512,Facilities Management Services ,BN11HG,Large,Programme
Cabinet Office,CABINET OFFICE,21/03/2014,OTHER IS IT COSTS VAT RECOV,GDS TRANSFORMATION,THOUGHTWORKS LTD,3000046270,124117.5,Payment for interim IT specialists,USA,Large,Programme
Cabinet Office,CABINET OFFICE,21/03/2014,RESOURCE GRANTS PRIVATE SECTOR,CENTRE FOR SOCIAL ACTION,THE SOCIAL INVESTMENT BUSINESS,3000046206,174595,"Investment and Contract Readiness Fund grant,  to help ensure Social Ventures are better equipped to secure new forms of investment.",WC1H8AG-1,SME,Grants
Cabinet Office,CABINET OFFICE,21/03/2014,ADDITIONSAUC F/H RES CONSULTANCY (FEES) VAT REC,70 WHITEHALL,BOUYGUES E&S FM UK LTD,3000046233,190125.94,Facilities Management Services ,BN11HG,Large,Programme
Cabinet Office,CABINET OFFICE,21/03/2014,Data Matching,ELECTORAL REGISTRATION TRANSFORMATION PROGRAMME,DWP,3000046245,200502.64,Confirmation and verification costs for the Individual Electoral Registration digital service.,FY45ES,Government Department,Programme
Cabinet Office,CABINET OFFICE,21/03/2014,GENERAL OFFICE EXPENSES,CENTRAL OVERHEADS,FOREIGN & COMMONWEALTH OFFICE,3000046291,232075,G8 Summit costs,MK101PXA,Government Department,Admin
Cabinet Office,CABINET OFFICE,21/03/2014,TELECOM SECURITY SERVICES,CCS RESILIENT TELECOMMUNICATIONS,MINISTRY OF DEFENCE,3000046279,242669.62,High Integrity Telecomms System project costs,SW1A2HB,Government Department,Programme
Cabinet Office,CABINET OFFICE,21/03/2014,BRIDGES SOCIAL ENTREPRENEURS FUND ADDITIONS,SE EQUITY FUND,BRIDGES VENTURES LTD,1000968,266560.08,Investment in the risk capital fund for social enterprise,W23EN,Large,Programme
Cabinet Office,CABINET OFFICE,21/03/2014,CONSULTANTS VAT RECOVERABLE,ERG COMMERCIAL REFORM,PRICEWATERHOUSE COOPERS LLP,1000966,295998.5,Support for the Commercial Reform Programme,SE12RD,Large,Admin
Cabinet Office,CABINET OFFICE,21/03/2014,CONSULTANTS VAT RECOVERABLE,ISSC2,PRICEWATERHOUSE COOPERS LLP,3000046176,413287,"Support for the Independent Shared Service Centre 2 project, including development of financial models, business transfer agreements, transitional arrangements for services and assets, and stakeholder engagement.",SE12RD,Large,Admin
Cabinet Office,CABINET OFFICE,24/03/2014,CONTRACTORS & STAFF SUBSTITUTIONS,ERG NEXT GENERATION SHARED SERVICES,CAPITA RESOURCING LTD,3000046308,25885.2,"Support for the Independent Shared Service Centre 2 project, including implementation of a benefits management regime, stakeholder engagement, service assurance and transformation activities.",DL19HN,Large,Admin
Cabinet Office,CABINET OFFICE,24/03/2014,TELECOM RENTALS,PMO ICTS,BT,3000046353,26913.89,Telephony charges,NW9 6LB,Large,Admin
Cabinet Office,CABINET OFFICE,24/03/2014,OTHER IS IT COSTS VAT RECOV,GPU POLICY AND STRATEGY ADMIN,CORPORATE DOCUMENT SERVICES LTD,3000046356,28399.96,ePIMS enhancements and development ,LS27LY,Large,Admin
Cabinet Office,CABINET OFFICE,24/03/2014,RESOURCE GRANTS PRIVATE SECTOR,SKILLS STRATEGY DEVELOPMENT,SKILLS THIRD SECTOR,3000046328,31250,Voluntary & Community sector workforce grant ,N16AH,SME,Grants
Cabinet Office,CABINET OFFICE,24/03/2014,CONTRACTORS & STAFF SUBSTITUTIONS,ERG NEXT GENERATION SHARED SERVICES,CAPITA RESOURCING LTD,3000046307,31482.48,"Support for the Independent Shared Service Centre 2 project, including implementation of a benefits management regime, stakeholder engagement, service assurance and transformation activities.",DL19HN,Large,Admin
Cabinet Office,CABINET OFFICE,24/03/2014,RESOURCE GRANTS PRIVATE SECTOR,COMMUNITY FIRST,PACIFIC COMMUNITY VENTURES,2000464,40000,Global learning exchange and support to aid practitioners  to develop in the field of social impact investment.,USA,SME,Grants
Cabinet Office,CABINET OFFICE,24/03/2014,RESOURCE GRANTS PRIVATE SECTOR,YOUTH POLICY,BRITISH YOUTH COUNCIL.,3000046337,72809,British Youth Council funding to help sustain national support services to youth participation structures and inform decision making through youth in democracy.,N16AH,Large,Grants
Cabinet Office,CABINET OFFICE,24/03/2014,PUBLICITY ADVERTISING MEDIA,NATIONAL CITIZEN SERVICE,M4C,3000046345,86832.83,"Publicity, advertising and media support for the National Citizenship Service",WC1R4HQ,SME,Programme
Cabinet Office,CABINET OFFICE,24/03/2014,NON PRIME UTILITIES,FEM MISC,BOUYGUES E&S FM UK LTD,3000046418,100622.63,Facilities Management Services ,BN11HG,Large,Admin
Cabinet Office,CABINET OFFICE,24/03/2014,LEGAL ADVICE FROM TSOL,CENTRAL LEGAL COSTS,TREASURY SOLICITOR TSOL,3000046310,253379,Legal services ,E145LB,Government Department,Admin
Cabinet Office,CABINET OFFICE,24/03/2014,RESOURCE GRANTS TO NDPB'S,TECHNICAL ASSISTANCE,BIG LOTTERY FUND SOCIAL INCUBATOR FUND,3000046416,395783,Grant to support start-up social ventures into the social investment market ,NE14BE,Large,Grants
Cabinet Office,Government Procurement Service,25/03/2014,FM Service charges,Estates Management,DTZ,PINDOH 38203,18005.5,Facilities Management Services,B4 6AJ,Large,Admin
Cabinet Office,CABINET OFFICE,25/03/2014,FM CONTRACT FIXED COSTS,PMO FACILITIES MANAGEMENT,BOUYGUES E&S FM UK LTD,3000046474,25009.95,Facilities Management Services,BN1 1HG,Large,Admin
Cabinet Office,Government Procurement Service,25/03/2014,Service charges,Estates Management,DTZ,PINDOH 38203,34340,Estate services,B4 6AJ,Large,Admin
Cabinet Office,Government Procurement Service,25/03/2014,Rent for accommodation in The Capital building,Estates Management,DTZ,PINDOH 38203,39060,Rent for accommodation,B4 6AJ,Large,Admin
Cabinet Office,Government Procurement Service,25/03/2014,Rent for accommodation in The Capital building,Estates Management,DTZ,PINDOH 38203,39215,Rent for accommodation ,B4 6AJ,Large,Admin
Cabinet Office,CABINET OFFICE,25/03/2014,CONTRACTORS & STAFF SUBSTITUTIONS,PUBLIC SERVICES NETWORK,CAPITA RESOURCING LTD,3000046479,49149.23,"Support for Public Service Network including development of technical standards, project management for the delivery of key services, stakeholder engagement and commercial advice.",DL19HN,Large,Programme
Cabinet Office,CABINET OFFICE,25/03/2014,OTHER IS IT COSTS VAT RECOV,GDS ID ASSURANCE,TRUSTIS,3000046514,54034,GOV.UK software development ,RG196HN,Large,Programme
Cabinet Office,CABINET OFFICE,25/03/2014,OTHER IS IT COSTS VAT RECOV,G CLOUD,6POINT6 LTD,3000046503,62073,G-Cloud project costs,SE13UY,SME,Programme
Cabinet Office,CABINET OFFICE,25/03/2014,MONITORING SERVICES,GREAT CAMPAIGN PROGRAMME,UK TRADE & INVESTMENT,3000046422,64929.03,GREAT Camapign,NP108QQ,SME,Programme
Cabinet Office,CABINET OFFICE,25/03/2014,OTHER IS IT COSTS VAT RECOV,GPU POLICY AND STRATEGY ADMIN,INFORMED SOLUTIONS,3000046447,70000,ePIMS development ,WA144PA,SME,Admin
Cabinet Office,CABINET OFFICE,25/03/2014,PUBLICITY ADVERTISING MEDIA,GREAT CAMPAIGN PROGRAMME,UK TRADE & INVESTMENT,3000046422,72000,GREAT Campaign,NP108QQ,SME,Programme
Cabinet Office,CABINET OFFICE,25/03/2014,CONSULTANTS VAT RECOVERABLE,ERG COMMERCIAL REFORM,PRICEWATERHOUSE COOPERS LLP,1000973,91287,Support for the Commercial Reform Programme,SE12RD,Large,Admin
Cabinet Office,CABINET OFFICE,25/03/2014,OTHER IS IT COSTS VAT RECOV,GDS TRANSFORMATION,WTG TECHNOLOGIES LTD,3000046517,91550,GDS transformation project costs,W148UD,SME,Programme
Cabinet Office,CABINET OFFICE,25/03/2014,CONTRACTORS & STAFF SUBSTITUTIONS,GDS PUBLISHING PLATFORM TECHNOLOGY,CREATIVE CHOICE CIC,3000046518,112320,Payment for interim IT specialists,KT12SZ,SME,Programme
Cabinet Office,CABINET OFFICE,25/03/2014,OTHER IS IT COSTS VAT RECOV,GDS TRANSFORMATION,VALTECH LTD,3000046515,113830,GDS transformation project costs,EC1A4JQ,SME,Programme
Cabinet Office,CABINET OFFICE,25/03/2014,GRANT FUND MANAGEMENT VAT RECOVERABLE,COMMUNITY ORGANISERS,LOCALITY,3000046488,120250,Support for the Community Organisers programme,N16DR,Large,Programme
Cabinet Office,CABINET OFFICE,25/03/2014,CONSULTANTS VAT RECOVERABLE,ERG COMMERCIAL REFORM,PRICEWATERHOUSE COOPERS LLP,1000971,134221.5,Support for the Commercial Reform Programme,SE12RD,Large,Admin
Cabinet Office,CABINET OFFICE,25/03/2014,FM CONTRACT VARIABLE,ESTATE CONSOLIDATION,BOUYGUES E&S FM UK LTD,3000046474,174396.65,Facilities Management Services ,BN11HG,Large,Admin
Cabinet Office,CABINET OFFICE,25/03/2014,CONSULTANTS VAT RECOVERABLE,ERG COMMERCIAL REFORM,PRICEWATERHOUSE COOPERS LLP,1000972,186899.5,Support for the Commercial Reform Programme,SE12RD,Large,Admin
Cabinet Office,CABINET OFFICE,25/03/2014,OPERATING LEASES - RENT,35 GREAT SMITH STREET,JONES LANG LASALLE LTD,1000969,303600,Rent for accommodation,BS89AQ,Large,Admin
Cabinet Office,CABINET OFFICE,25/03/2014,CAPITAL GRANTS LOCAL AUTH-CDEL,ERTP ERO DIGITAL,LONDON BOROUGH OF TOWER HAMLETS,3000046463,386140.96,"Design and development work to enable local authority Electoral Management Systems to interface with, and handle the additional data provided by, the new Individual Electoral Digital Service ",ERS E142BG,Large,Programme
Cabinet Office,CABINET OFFICE,25/03/2014,RESOURCE GRANTS PRIVATE SECTOR,CENTRE FOR SOCIAL ACTION,EDUCATION ENDOWMENT FOUNDATION,3000046506,389283,The purpose of the grant is to fund Youth United and Children’s University to participate in the trials. It also includes funding for the literature review,SW1P4QP,Large,Grants
Cabinet Office,CABINET OFFICE,25/03/2014,CAPITAL GRANTS LOCAL AUTH-CDEL,ERTP ERO DIGITAL,BARROW IN FURNESS BOROUGH COUNCIL,3000046469,450000,"Design and development work to enable local authority Electoral Management Systems to interface with, and handle the additional data provided by, the new Individual Electoral Digital Service ",LA142LD,Large,Programme
Cabinet Office,CABINET OFFICE,25/03/2014,RESOURCE GRANTS PRIVATE SECTOR,CENTRE FOR SOCIAL ACTION,NESTA,3000046485,500000,"Grant to help find, test and grow innovative models that will support embedding social action in the delivery of public services and to distribute funding through the Innovation Fund in accordance with the aims and objectives of the Centre for Social Action.",EC1A1DE,Large,Grants
Cabinet Office,CABINET OFFICE,25/03/2014,AUC LH NON RES BUILDINGS,ESTATE CONSOLIDATION,BOUYGUES E&S FM UK LTD,3000046474,635505.07,Estate services ,BN11HG,Large,Admin
Cabinet Office,CABINET OFFICE,25/03/2014,RESOURCE GRANTS PRIVATE SECTOR,COMMUNITY ORGANISERS,LOCALITY,3000046489,719440,"Support for the Community Organisers Programme,  which helps residents to consider the community development options open to them and to take appropriate action to affect the changes they want to see in their neighbourhood. ",N16DR,Large,Programme
Cabinet Office,CABINET OFFICE,25/03/2014,CAPITAL GRANTS LOCAL AUTH-CDEL,ERTP ERO DIGITAL,BIRMINGHAM CITY COUNCIL,3000046466,855000,"Design and development work to enable local authority Electoral Management Systems to interface with, and handle the additional data provided by, the new Individual Electoral Digital Service ",B47AD,SME,Programme
Cabinet Office,CABINET OFFICE,25/03/2014,CAPITAL GRANTS LOCAL AUTH-CDEL,ERTP ERO DIGITAL,MANCHESTER CITY COUNCIL,3000046453,1080000,"Design and development work to enable local authority Electoral Management Systems to interface with, and handle the additional data provided by, the new Individual Electoral Digital Service ",ERS M602LA,Large,Programme
Cabinet Office,CABINET OFFICE,26/03/2014,CONTRACTORS & STAFF SUBSTITUTIONS,PUBLIC SERVICES NETWORK,CAPITA RESOURCING LTD,3000046600,25114.19,"Support for Public Service Network including development of technical standards, project management for the delivery of key services, stakeholder engagement and commercial advice.",DL19HN,Large,Programme
Cabinet Office,Government Procurement Service,26/03/2014,"FM Contracting Model, technical expertise",Property,ATKINS LTD,PINDOH 38075,27200,Facilities Management Services ,KT19 8DX,Large,Admin
Cabinet Office,CABINET OFFICE,26/03/2014,LEGAL ADVICE FROM TSOL,CENTRAL LEGAL COSTS,TREASURY SOLICITOR TSOL,3000046610,28137.74,Legal services ,E145LB,Government Department,Admin
Cabinet Office,CABINET OFFICE,26/03/2014,CONTRACTORS & STAFF SUBSTITUTIONS,GDS PROJECT STAFF COSTS,CAPITA RESOURCING LTD,3000046600,31479.73,Payment for interim IT specialists ,DL19HN,Large,Programme
Cabinet Office,CABINET OFFICE,26/03/2014,TELECOM SECURITY SERVICES,CCS RESILIENT TELECOMMUNICATIONS,MINISTRY OF DEFENCE,3000046536,31831.78,High Integrity Telecomms System project costs,SW1A2HB,Government Department,Programme
Cabinet Office,CABINET OFFICE,26/03/2014,SERVICE CHARGES,DOVER HOUSE,SCOTLAND OFFICE,3000046542,35055.9,Estate services,EH37HW,Government Department,Admin
Cabinet Office,CABINET OFFICE,26/03/2014,CONTRACTORS & STAFF SUBSTITUTIONS,GDS BUS DEV CONSULTANT AND STAFF COSTS,CAPITA RESOURCING LTD,3000046601,45857.93,Payment for interim IT specialists ,DL19HN,Large,Programme
Cabinet Office,CABINET OFFICE,26/03/2014,CONTRACTORS & STAFF SUBSTITUTIONS,GDS ID ASSURANCE,CAPITA RESOURCING LTD,3000046600,47719.42,Payment for interim IT specialists ,DL19HN,Large,Programme
Cabinet Office,CABINET OFFICE,26/03/2014,OTHER IS IT COSTS VAT RECOV,CCS RESILIENT TELECOMMUNICATIONS,CORPORATE DOCUMENT SERVICES LTD,3000046541,59475.2,ePims enhancement ,LS27LY,Large,Programme
Cabinet Office,CABINET OFFICE,26/03/2014,PENSIONER PAYROLL CONTRACTOR,SME CONTRACT MANAGMENT LEAD,MYCSP LTD,3000046577,212917.48,Pension administration charge,SK3 0XN,Large,Admin
Cabinet Office,CABINET OFFICE,26/03/2014,CONSULTANTS VAT RECOVERABLE,ERG COMMERCIAL REFORM,PRICEWATERHOUSE COOPERS LLP,3000046532,247248,Support for the Commercial Reform Programme,SE12RD,Large,Admin
Cabinet Office,CABINET OFFICE,26/03/2014,PENSIONER PAYROLL CONTRACTOR,SME PENSIONS PROGRAMME,MYCSP LTD,3000046577,502432.61,Pension administration charge,SK30XN,Large,Admin
Cabinet Office,CABINET OFFICE,26/03/2014,CONTRACTORS & STAFF SUBSTITUTIONS,GDS BUS DEV CONSULTANT AND STAFF COSTS,CAPITA RESOURCING LTD,3000046600,503204.36,Payment for interim IT specialists,DL19HN,Large,Programme
Cabinet Office,CABINET OFFICE,26/03/2014,PROFESSIONAL ADVICE & OPINION VAT RECOVERABLE,NEXT GENERATION HR COSTS,HOME OFFICE,3000046618,1281053,Shared services costs. Distribution of Departmental contributions for Civil Service HR Expert Services ,E145LB,Government Department,Admin
Cabinet Office,CABINET OFFICE,27/03/2014,CONTRACTORS & STAFF SUBSTITUTIONS,GDS BUS DEV CONSULTANT AND STAFF COSTS,CAPITA BUSINESS SERVICES LTD,3000046685,28442.22,Payment for interim IT specialists ,DL19HN,Large,Programme
Cabinet Office,CABINET OFFICE,27/03/2014,STAFF TRAINING VAT RECOVERABLE,HR RESOURCING TEAM,HMRC,3000046633,29997.7,Psychometric testing for Senior Civil candidates by Civil Service Resourcing,SW1A 2BQ,Government Department,Admin
Cabinet Office,CABINET OFFICE,27/03/2014,STATIONERY/ PUBLICATIONS/IT CONSUMABLES,GCDA CONTRACT ,RICOH UK LTD,3000046664,34067.59,Printing services contract costs ,NN47YL,Large,Admin
Cabinet Office,CABINET OFFICE,27/03/2014,Research and Development (VAT recoverable),ERTP ERO CUSTOMER REGISTRATION,ICM RESEARCH UK,3000046682,39250,"Survey of black and minority ethnic groups on voting and electoral registration issues, which was conducted in parallel with the Electoral Commission’s winter tracker survey in order to compare and contrast its findings ",W1F9NB,SME,Grants
Cabinet Office,Government Procurement Service,27/03/2014,eSourcing system licences,Enablement Projects,IBM,PINDOH 38241,43064,eSourcing system licences,PO6 3AU,Large,Admin
Cabinet Office,CABINET OFFICE,27/03/2014,SUBSIDY,ERG CIVIL SERVICE PAY AND PENSIONS,EUROPEAN INSTITUTE OF PUBLIC ADMINISTRATION,2000469,46057,UK subsidy for the European Institute of Public Administration - the leading centre of European learning and development for the public sector,NETHERLANDS,Large,Admin
Cabinet Office,CABINET OFFICE,27/03/2014,OTHER IS IT COSTS VAT RECOV,GPU POLICY AND STRATEGY ADMIN,CORPORATE DOCUMENT SERVICES LTD,3000046656,50737.75,ePIMS enhancements and development ,LS27LY,Large,Admin
Cabinet Office,CABINET OFFICE,27/03/2014,PROFESSIONAL ADVICE & OPINION VAT RECOVERABLE,CENTRAL OVERHEADS,PWC,3000046692,51839,"Professional support to define a third party assurance framework regarding the delivery of shared services, following the Goverrnment's move to using Shared Service Centres. ",E149SQ,Large,Admin
Cabinet Office,CABINET OFFICE,27/03/2014,CONTRACTORS & STAFF SUBSTITUTIONS,PUBLIC SERVICES NETWORK,CAPITA RESOURCING LTD,3000046707,63206.25,"Support for Public Service Network including development of technical standards, project management for the delivery of key services, stakeholder engagement and commercial advice.",DL19HN,Large,Programme
Cabinet Office,Government Procurement Service,27/03/2014,Rent for accommodation in Rosebery Court,Estates Management,CABINET OFFICE VOTES CASH ACCO,PINDOH 38198,72578.91,Rent for accommodation ,CF14 3UW,Gov Dept,Admin
Cabinet Office,Government Procurement Service,27/03/2014,Rent for accommodation in Rosebery Court,Estates Management,CABINET OFFICE VOTES CASH ACCO,PINDOH 38199,72578.91,Rent for accommodation ,CF14 3UW,Gov Dept,Admin
Cabinet Office,Government Procurement Service,27/03/2014,Legal services fee,Legal Services,Treasury Solicitors,PINDOH 38239,76389.1,Legal services ,WC2B 4TS,Large,Admin
Cabinet Office,CABINET OFFICE,27/03/2014,CONSULTANTS VAT RECOVERABLE,CCS RISKS INFRASTRUCTURE HIGH IMPACT RISKS,MET OFFICE,3000046661,93500,"Modelling work to assess the risk to public and animal health, aviation and the environment in the UK from a severe effusive gas-rich volcanic eruption, which is one of the highest priority risks in the National Risk Assessment.   ",EX13PB,Large,Admin
Cabinet Office,CABINET OFFICE,27/03/2014,LEGAL ADVICE FROM TSOL,CENTRAL LEGAL COSTS,TREASURY SOLICITOR TSOL,3000046715,102567.35,Legal services ,E145LB,Government Department,Admin
Cabinet Office,CABINET OFFICE,27/03/2014,PROFESSIONAL ADVICE & OPINION VAT RECOVERABLE,MANAGEMENT AND CENTRAL SUPPORT,DEPARTMENT FOR WORK & PENSIONS,3000046667,105000,Provision of programme and project management support to the Government Communications Service Functional Leadership Programme Board.,CF143UW,Government Department,Admin
Cabinet Office,Government Procurement Service,27/03/2014,Legal services fee,Legal Services,Treasury Solicitors,PINDOH 38246,142883.1,Legal services,WC2B 4TS,Large,Admin
Cabinet Office,Government Procurement Service,27/03/2014,Legal services fee,Legal Services,Treasury Solicitors,PINDOH 38240,224322.38,Legal services,WC2B 4TS,Large,Admin
Cabinet Office,CABINET OFFICE,27/03/2014,OTHER IS IT COSTS VAT RECOV,GDS ID ASSURANCE,DIGIDENTITY BV,6241106,723870,Identity Assurance Programme project costs,THENETHERLANDS,Large,Programme
Cabinet Office,CABINET OFFICE,28/03/2014,GRANT FUND MANAGEMENT,TECHNICAL ASSISTANCE,SOCIAL INVESTMENT BUSINESS,3000046752,25273.2,Investment and Contract Readiness Fund administration costs,WC1H8AG,SME,Grants
Cabinet Office,CABINET OFFICE,28/03/2014,RESOURCE GRANTS LOCAL AUTHORIT,ERTP ERO CUSTOMER REGISTRATION,RENFREWSHIRE VALUATION JOINT BOARD,3000046775,26391.6,Funding to help with the costs of activities to maximise registration levels as part of the transition to Individual Electoral Registration.,PA11JB,Large,Grants
Cabinet Office,CABINET OFFICE,28/03/2014,OTHER IS IT COSTS VAT RECOV,HOSTING SERVICES CONSOLIDATION,AFFINITY DIGITAL TECHNOLOGY LTD,3000046729,37867.5,G-Cloud development and hosting sevices ,TR12PQ,Large,Programme
Cabinet Office,CABINET OFFICE,28/03/2014,RESOURCE GRANTS PRIVATE SECTOR,CHARITABLE GIVING,INSTITUTE OF FUNDRAISING,3000046762,43000,Subsidised training opportunities for small charities.,SW1 UD,SME,Grants
Cabinet Office,CABINET OFFICE,28/03/2014,PUBLICITY ADVERTISING MEDIA,GREAT CAMPAIGN PROGRAMME,FOUNDERS FORUM LLP,3000046727,50000,Membership of Founders Forum and support for the FF London event in June 2014,W84PL,SME,Programme
Cabinet Office,CABINET OFFICE,28/03/2014,OTHER IS IT COSTS VAT RECOV,PUBLIC SERVICES NETWORK,SPECIALIST COMPUTER CENTRES PLC,3000046734,56210,"Design, build, deployment, maintenance and management of Public Service Network hosting environment",WA37PS,Large,Programme
Cabinet Office,CABINET OFFICE,28/03/2014,CONTRACTORS & STAFF SUBSTITUTIONS,PUBLIC SERVICES NETWORK,CAPITA RESOURCING LTD,3000046736,74198.82,"Support for Public Service Network including development of technical standards, project management for the delivery of key services, stakeholder engagement and commercial advice.",DL19HN,Large,Programme
Cabinet Office,CABINET OFFICE,41726,RESOURCE GRANTS PRIVATE SECTOR,CENTRE FOR SOCIAL ACTION,THE PRINCE OF WALES CHARITABLE FOUNDATION,3000046780,79166,"Support for the launch of Step Up to Serve, including research into the state of youth social action.",SW1A1BA,Large,Grants
Cabinet Office,CABINET OFFICE,28/03/2014,RESOURCE GRANTS PRIVATE SECTOR,CENTRE FOR SOCIAL ACTION,PARTICIPLE LIMITED,1000983,120000,"Support for the Circle Programme, which helps its members build the capacity to lead independent and flourishing lives.  Membership is open to anyone over 50 living within a local catchment area.  ",SE13LE,SME,Grants
Cabinet Office,CABINET OFFICE,28/03/2014,BRIDGES SOCIAL ENTREPRENEURS FUND ADDITIONS,SE EQUITY FUND,BRIDGES VENTURES LTD,1000975,133097.8,Investment in the risk capital fund for social enterprise,W23EN,Large,Programme
Cabinet Office,CABINET OFFICE,28/03/2014,CONSULTANTS VAT RECOVERABLE,ISSC2,ERNST & YOUNG LLP,1000974,161135,"Support for the Independent Shared Service Centre 2 project, including development of financial models, business transfer agreements, transitional arrangements for services and assets, and stakeholder engagement.",SE17EU,Large,Admin
Cabinet Office,CABINET OFFICE,28/03/2014,OPERATING LEASES - RENT,ROSEBERY COURT FM CONTRACT,J KING NORFOLK COORDINATION LTD,1000976,288810,Rent for accommodation,NR103JU,Large,Admin
Cabinet Office,CABINET OFFICE,28/03/2014,RESOURCE GRANTS PRIVATE SECTOR,COMMUNITY GRANTS,UK COMMUNITY FOUNDATIONS,3000046724,500000,Grant to support the work of UK Community Foundations to deliver long tern recovery in flood affected areas within England.,EC1V2PT,Large,Grants
Cabinet Office,CABINET OFFICE,28/03/2014,RESOURCE GRANTS PRIVATE SECTOR,CHARITABLE GIVING,NESTA,3000046744,845003,"Grant to help find, test and grow innovative models that will support embedding social action in the delivery of public services and to distribute funding through the Innovation Fund in accordance with the aims and objectives of the Centre for Social Action.",EC1A1DE,Large,Grants
